,movieId
0,1
1,2
2,3
3,4
4,5
5,6
6,7
7,8
8,9
9,10
10,11
11,12
12,13
13,14
14,15
15,16
16,17
17,18
18,19
19,20
20,21
21,22
22,23
23,24
24,25
25,26
26,27
27,28
28,29
29,30
30,31
31,32
32,33
33,34
34,35
35,36
36,38
37,39
38,40
39,41
40,42
41,43
42,44
43,45
44,46
45,47
46,48
47,49
48,50
49,52
50,53
51,54
52,57
53,58
54,59
55,60
56,61
57,62
58,63
59,64
60,65
61,66
62,68
63,69
64,70
65,71
66,72
67,73
68,74
69,76
70,77
71,79
72,80
73,81
74,82
75,83
76,85
77,86
78,87
79,88
80,89
81,92
82,93
83,94
84,95
85,97
86,100
87,101
88,102
89,104
90,105
91,107
92,110
93,111
94,112
95,114
96,115
97,116
98,117
99,119
100,120
101,121
102,122
103,123
104,125
105,126
106,128
107,131
108,132
109,134
110,135
111,136
112,140
113,141
114,143
115,144
116,145
117,146
118,147
119,148
120,149
121,150
122,151
123,152
124,153
125,154
126,155
127,156
128,157
129,158
130,159
131,160
132,161
133,162
134,163
135,164
136,165
137,166
138,167
139,168
140,169
141,170
142,171
143,172
144,173
145,174
146,175
147,176
148,177
149,178
150,179
151,180
152,181
153,185
154,186
155,187
156,188
157,190
158,191
159,193
160,194
161,196
162,197
163,198
164,199
165,202
166,203
167,204
168,206
169,207
170,208
171,209
172,210
173,212
174,213
175,214
176,215
177,216
178,217
179,218
180,219
181,220
182,222
183,223
184,224
185,227
186,228
187,230
188,231
189,232
190,233
191,234
192,235
193,236
194,237
195,238
196,240
197,242
198,243
199,246
200,247
201,248
202,249
203,250
204,252
205,253
206,255
207,256
208,257
209,258
210,260
211,261
212,262
213,263
214,264
215,265
216,266
217,267
218,269
219,270
220,271
221,272
222,273
223,274
224,275
225,276
226,277
227,279
228,280
229,281
230,282
231,283
232,286
233,288
234,289
235,290
236,292
237,293
238,294
239,295
240,296
241,299
242,300
243,301
244,302
245,303
246,305
247,306
248,307
249,308
250,309
251,312
252,313
253,314
254,315
255,316
256,317
257,318
258,319
259,320
260,321
261,322
262,324
263,326
264,327
265,328
266,329
267,330
268,332
269,333
270,334
271,337
272,338
273,339
274,340
275,341
276,342
277,343
278,344
279,345
280,346
281,347
282,348
283,349
284,350
285,351
286,352
287,353
288,355
289,356
290,357
291,358
292,360
293,361
294,362
295,363
296,364
297,365
298,366
299,367
300,368
301,370
302,371
303,372
304,373
305,374
306,375
307,376
308,377
309,379
310,380
311,381
312,382
313,383
314,385
315,387
316,388
317,389
318,390
319,391
320,393
321,394
322,395
323,397
324,398
325,399
326,405
327,407
328,409
329,410
330,411
331,412
332,413
333,414
334,415
335,416
336,417
337,419
338,420
339,421
340,423
341,424
342,425
343,426
344,427
345,428
346,429
347,430
348,431
349,432
350,433
351,434
352,435
353,436
354,437
355,438
356,440
357,441
358,442
359,446
360,448
361,450
362,451
363,452
364,453
365,454
366,455
367,456
368,457
369,458
370,459
371,461
372,462
373,464
374,465
375,466
376,468
377,469
378,471
379,472
380,473
381,474
382,475
383,477
384,479
385,480
386,481
387,483
388,484
389,485
390,486
391,487
392,488
393,489
394,490
395,491
396,492
397,493
398,494
399,495
400,496
401,497
402,498
403,499
404,500
405,501
406,502
407,504
408,506
409,507
410,508
411,509
412,510
413,512
414,514
415,515
416,516
417,517
418,518
419,519
420,520
421,521
422,522
423,523
424,524
425,525
426,527
427,529
428,530
429,531
430,532
431,533
432,534
433,535
434,536
435,537
436,538
437,539
438,540
439,541
440,542
441,543
442,544
443,546
444,547
445,548
446,549
447,550
448,551
449,553
450,554
451,555
452,556
453,558
454,561
455,562
456,563
457,564
458,565
459,567
460,569
461,570
462,573
463,574
464,575
465,581
466,583
467,585
468,586
469,587
470,588
471,589
472,590
473,592
474,593
475,594
476,595
477,596
478,597
479,598
480,599
481,601
482,602
483,605
484,606
485,607
486,608
487,609
488,613
489,615
490,616
491,617
492,619
493,620
494,621
495,627
496,628
497,632
498,635
499,636
500,638
501,639
502,640
503,644
504,645
505,647
506,648
507,649
508,650
509,651
510,652
511,653
512,655
513,657
514,659
515,661
516,662
517,663
518,665
519,666
520,667
521,668
522,670
523,671
524,673
525,674
526,675
527,678
528,679
529,680
530,681
531,688
532,690
533,691
534,692
535,694
536,695
537,696
538,700
539,702
540,704
541,705
542,706
543,707
544,708
545,709
546,710
547,711
548,712
549,713
550,714
551,715
552,716
553,718
554,719
555,720
556,722
557,724
558,725
559,728
560,729
561,731
562,733
563,735
564,736
565,737
566,741
567,742
568,743
569,745
570,746
571,747
572,748
573,749
574,750
575,751
576,756
577,757
578,759
579,760
580,761
581,762
582,764
583,765
584,767
585,769
586,773
587,774
588,775
589,778
590,780
591,782
592,783
593,784
594,785
595,786
596,787
597,788
598,790
599,791
600,798
601,799
602,800
603,801
604,802
605,803
606,804
607,805
608,806
609,808
610,809
611,810
612,813
613,815
614,818
615,823
616,824
617,829
618,830
619,831
620,832
621,833
622,835
623,836
624,837
625,838
626,839
627,840
628,841
629,842
630,844
631,846
632,847
633,848
634,849
635,850
636,851
637,852
638,853
639,854
640,858
641,860
642,861
643,862
644,865
645,866
646,867
647,868
648,873
649,879
650,880
651,881
652,882
653,885
654,891
655,892
656,893
657,894
658,896
659,897
660,898
661,899
662,900
663,901
664,902
665,903
666,904
667,905
668,906
669,907
670,908
671,909
672,910
673,911
674,912
675,913
676,914
677,915
678,916
679,917
680,918
681,919
682,920
683,921
684,922
685,923
686,924
687,926
688,927
689,928
690,929
691,930
692,931
693,932
694,933
695,934
696,935
697,936
698,937
699,938
700,939
701,940
702,941
703,942
704,943
705,944
706,945
707,946
708,947
709,948
710,949
711,950
712,951
713,952
714,953
715,954
716,955
717,956
718,957
719,959
720,960
721,961
722,962
723,963
724,964
725,965
726,966
727,967
728,968
729,969
730,970
731,971
732,973
733,976
734,977
735,980
736,982
737,986
738,987
739,989
740,990
741,991
742,993
743,994
744,996
745,997
746,998
747,999
748,1000
749,1002
750,1003
751,1004
752,1005
753,1006
754,1007
755,1008
756,1009
757,1010
758,1011
759,1012
760,1013
761,1014
762,1015
763,1016
764,1017
765,1018
766,1019
767,1020
768,1021
769,1022
770,1023
771,1024
772,1025
773,1026
774,1027
775,1028
776,1029
777,1030
778,1031
779,1032
780,1033
781,1034
782,1035
783,1036
784,1037
785,1040
786,1041
787,1042
788,1044
789,1046
790,1047
791,1049
792,1051
793,1054
794,1056
795,1057
796,1058
797,1059
798,1060
799,1061
800,1062
801,1065
802,1066
803,1067
804,1069
805,1070
806,1071
807,1073
808,1075
809,1076
810,1077
811,1078
812,1079
813,1080
814,1081
815,1082
816,1083
817,1084
818,1085
819,1086
820,1088
821,1089
822,1090
823,1091
824,1092
825,1093
826,1094
827,1095
828,1096
829,1097
830,1098
831,1099
832,1100
833,1101
834,1103
835,1104
836,1109
837,1111
838,1112
839,1113
840,1116
841,1117
842,1119
843,1120
844,1123
845,1124
846,1125
847,1126
848,1127
849,1128
850,1129
851,1130
852,1131
853,1132
854,1133
855,1135
856,1136
857,1139
858,1140
859,1143
860,1144
861,1145
862,1147
863,1148
864,1149
865,1150
866,1151
867,1152
868,1153
869,1154
870,1156
871,1161
872,1162
873,1164
874,1167
875,1168
876,1169
877,1170
878,1171
879,1172
880,1173
881,1175
882,1176
883,1177
884,1178
885,1179
886,1180
887,1183
888,1184
889,1185
890,1186
891,1187
892,1188
893,1189
894,1190
895,1191
896,1192
897,1193
898,1194
899,1196
900,1197
901,1198
902,1199
903,1200
904,1201
905,1202
906,1203
907,1204
908,1206
909,1207
910,1208
911,1209
912,1210
913,1211
914,1212
915,1213
916,1214
917,1215
918,1216
919,1217
920,1218
921,1219
922,1220
923,1221
924,1222
925,1223
926,1224
927,1225
928,1226
929,1227
930,1228
931,1230
932,1231
933,1232
934,1233
935,1234
936,1235
937,1236
938,1237
939,1238
940,1240
941,1241
942,1242
943,1243
944,1244
945,1245
946,1246
947,1247
948,1248
949,1249
950,1250
951,1251
952,1252
953,1253
954,1254
955,1255
956,1256
957,1257
958,1258
959,1259
960,1260
961,1261
962,1262
963,1263
964,1264
965,1265
966,1266
967,1267
968,1268
969,1269
970,1270
971,1271
972,1272
973,1273
974,1274
975,1275
976,1276
977,1277
978,1278
979,1279
980,1280
981,1281
982,1282
983,1283
984,1284
985,1285
986,1286
987,1287
988,1288
989,1289
990,1290
991,1291
992,1292
993,1293
994,1295
995,1296
996,1297
997,1298
998,1299
999,1300
1000,1301
1001,1302
1002,1303
1003,1304
1004,1305
1005,1306
1006,1307
1007,1310
1008,1311
1009,1312
1010,1313
1011,1317
1012,1320
1013,1321
1014,1322
1015,1323
1016,1324
1017,1327
1018,1328
1019,1329
1020,1330
1021,1331
1022,1332
1023,1333
1024,1334
1025,1336
1026,1337
1027,1339
1028,1340
1029,1341
1030,1342
1031,1343
1032,1344
1033,1345
1034,1346
1035,1347
1036,1348
1037,1350
1038,1353
1039,1354
1040,1356
1041,1357
1042,1358
1043,1359
1044,1360
1045,1361
1046,1363
1047,1364
1048,1365
1049,1366
1050,1367
1051,1370
1052,1371
1053,1372
1054,1373
1055,1374
1056,1375
1057,1376
1058,1377
1059,1378
1060,1379
1061,1380
1062,1381
1063,1382
1064,1384
1065,1385
1066,1387
1067,1388
1068,1389
1069,1390
1070,1391
1071,1392
1072,1393
1073,1394
1074,1396
1075,1398
1076,1399
1077,1401
1078,1404
1079,1405
1080,1406
1081,1407
1082,1408
1083,1409
1084,1411
1085,1412
1086,1413
1087,1415
1088,1416
1089,1419
1090,1420
1091,1421
1092,1422
1093,1423
1094,1425
1095,1427
1096,1429
1097,1431
1098,1436
1099,1437
1100,1438
1101,1439
1102,1441
1103,1442
1104,1445
1105,1446
1106,1447
1107,1449
1108,1450
1109,1453
1110,1454
1111,1456
1112,1457
1113,1461
1114,1464
1115,1466
1116,1468
1117,1470
1118,1473
1119,1476
1120,1479
1121,1480
1122,1482
1123,1483
1124,1484
1125,1485
1126,1487
1127,1488
1128,1495
1129,1496
1130,1497
1131,1498
1132,1499
1133,1500
1134,1502
1135,1503
1136,1507
1137,1508
1138,1509
1139,1511
1140,1513
1141,1515
1142,1516
1143,1517
1144,1518
1145,1520
1146,1525
1147,1526
1148,1527
1149,1528
1150,1529
1151,1531
1152,1533
1153,1534
1154,1535
1155,1537
1156,1539
1157,1541
1158,1542
1159,1544
1160,1545
1161,1546
1162,1547
1163,1550
1164,1552
1165,1554
1166,1555
1167,1556
1168,1562
1169,1563
1170,1566
1171,1569
1172,1572
1173,1573
1174,1575
1175,1577
1176,1580
1177,1581
1178,1582
1179,1584
1180,1586
1181,1587
1182,1588
1183,1589
1184,1590
1185,1591
1186,1594
1187,1597
1188,1598
1189,1599
1190,1600
1191,1603
1192,1604
1193,1606
1194,1608
1195,1609
1196,1610
1197,1611
1198,1612
1199,1615
1200,1616
1201,1617
1202,1619
1203,1620
1204,1623
1205,1625
1206,1626
1207,1627
1208,1631
1209,1633
1210,1635
1211,1636
1212,1639
1213,1640
1214,1641
1215,1643
1216,1644
1217,1645
1218,1646
1219,1648
1220,1649
1221,1650
1222,1651
1223,1653
1224,1655
1225,1658
1226,1660
1227,1661
1228,1663
1229,1665
1230,1666
1231,1669
1232,1670
1233,1671
1234,1672
1235,1673
1236,1674
1237,1675
1238,1676
1239,1677
1240,1678
1241,1680
1242,1681
1243,1682
1244,1683
1245,1684
1246,1685
1247,1686
1248,1687
1249,1688
1250,1689
1251,1690
1252,1693
1253,1694
1254,1695
1255,1696
1256,1697
1257,1702
1258,1703
1259,1704
1260,1707
1261,1711
1262,1713
1263,1717
1264,1719
1265,1721
1266,1722
1267,1724
1268,1725
1269,1726
1270,1727
1271,1729
1272,1730
1273,1731
1274,1732
1275,1733
1276,1734
1277,1735
1278,1739
1279,1742
1280,1744
1281,1746
1282,1747
1283,1748
1284,1750
1285,1752
1286,1753
1287,1754
1288,1755
1289,1757
1290,1759
1291,1760
1292,1762
1293,1768
1294,1769
1295,1770
1296,1771
1297,1772
1298,1777
1299,1779
1300,1784
1301,1785
1302,1788
1303,1792
1304,1794
1305,1795
1306,1797
1307,1799
1308,1801
1309,1805
1310,1806
1311,1807
1312,1809
1313,1810
1314,1812
1315,1816
1316,1817
1317,1819
1318,1821
1319,1822
1320,1824
1321,1825
1322,1826
1323,1829
1324,1831
1325,1833
1326,1834
1327,1835
1328,1836
1329,1837
1330,1840
1331,1841
1332,1844
1333,1845
1334,1846
1335,1848
1336,1853
1337,1855
1338,1856
1339,1859
1340,1860
1341,1861
1342,1862
1343,1863
1344,1864
1345,1866
1346,1869
1347,1872
1348,1873
1349,1875
1350,1876
1351,1879
1352,1880
1353,1881
1354,1882
1355,1883
1356,1884
1357,1885
1358,1887
1359,1888
1360,1889
1361,1891
1362,1892
1363,1893
1364,1894
1365,1895
1366,1896
1367,1897
1368,1900
1369,1906
1370,1907
1371,1909
1372,1911
1373,1912
1374,1913
1375,1914
1376,1915
1377,1916
1378,1917
1379,1918
1380,1919
1381,1920
1382,1921
1383,1923
1384,1924
1385,1925
1386,1926
1387,1927
1388,1928
1389,1929
1390,1930
1391,1931
1392,1932
1393,1933
1394,1934
1395,1935
1396,1936
1397,1937
1398,1938
1399,1939
1400,1941
1401,1942
1402,1943
1403,1944
1404,1945
1405,1946
1406,1947
1407,1948
1408,1949
1409,1950
1410,1951
1411,1952
1412,1953
1413,1954
1414,1955
1415,1956
1416,1957
1417,1958
1418,1959
1419,1960
1420,1961
1421,1962
1422,1963
1423,1964
1424,1965
1425,1966
1426,1967
1427,1968
1428,1969
1429,1970
1430,1971
1431,1972
1432,1973
1433,1974
1434,1975
1435,1976
1436,1977
1437,1978
1438,1979
1439,1980
1440,1981
1441,1982
1442,1983
1443,1984
1444,1986
1445,1987
1446,1988
1447,1991
1448,1992
1449,1993
1450,1994
1451,1995
1452,1996
1453,1997
1454,1998
1455,1999
1456,2000
1457,2001
1458,2002
1459,2003
1460,2004
1461,2005
1462,2006
1463,2009
1464,2010
1465,2011
1466,2012
1467,2013
1468,2014
1469,2015
1470,2017
1471,2018
1472,2019
1473,2020
1474,2021
1475,2022
1476,2023
1477,2024
1478,2025
1479,2026
1480,2028
1481,2029
1482,2033
1483,2034
1484,2036
1485,2038
1486,2039
1487,2042
1488,2043
1489,2044
1490,2045
1491,2046
1492,2048
1493,2050
1494,2051
1495,2052
1496,2053
1497,2054
1498,2056
1499,2057
1500,2058
1501,2059
1502,2060
1503,2061
1504,2064
1505,2065
1506,2066
1507,2067
1508,2068
1509,2069
1510,2070
1511,2071
1512,2072
1513,2073
1514,2074
1515,2076
1516,2077
1517,2078
1518,2079
1519,2080
1520,2081
1521,2082
1522,2083
1523,2084
1524,2085
1525,2087
1526,2088
1527,2089
1528,2090
1529,2093
1530,2094
1531,2095
1532,2096
1533,2097
1534,2099
1535,2100
1536,2102
1537,2104
1538,2105
1539,2106
1540,2107
1541,2108
1542,2109
1543,2110
1544,2111
1545,2112
1546,2113
1547,2114
1548,2115
1549,2116
1550,2117
1551,2118
1552,2119
1553,2120
1554,2121
1555,2122
1556,2123
1557,2124
1558,2125
1559,2126
1560,2128
1561,2129
1562,2131
1563,2132
1564,2133
1565,2134
1566,2135
1567,2136
1568,2137
1569,2138
1570,2139
1571,2140
1572,2141
1573,2142
1574,2143
1575,2144
1576,2145
1577,2146
1578,2147
1579,2148
1580,2149
1581,2150
1582,2151
1583,2152
1584,2153
1585,2155
1586,2159
1587,2160
1588,2161
1589,2163
1590,2164
1591,2165
1592,2166
1593,2167
1594,2169
1595,2170
1596,2171
1597,2172
1598,2173
1599,2174
1600,2175
1601,2176
1602,2177
1603,2178
1604,2179
1605,2180
1606,2181
1607,2182
1608,2183
1609,2184
1610,2185
1611,2186
1612,2187
1613,2190
1614,2193
1615,2194
1616,2195
1617,2196
1618,2197
1619,2198
1620,2202
1621,2203
1622,2204
1623,2206
1624,2207
1625,2208
1626,2209
1627,2210
1628,2211
1629,2212
1630,2214
1631,2220
1632,2221
1633,2222
1634,2224
1635,2226
1636,2227
1637,2231
1638,2232
1639,2233
1640,2235
1641,2236
1642,2237
1643,2238
1644,2239
1645,2241
1646,2243
1647,2245
1648,2247
1649,2248
1650,2249
1651,2252
1652,2253
1653,2256
1654,2257
1655,2259
1656,2261
1657,2262
1658,2263
1659,2265
1660,2266
1661,2268
1662,2269
1663,2270
1664,2271
1665,2272
1666,2273
1667,2275
1668,2276
1669,2278
1670,2279
1671,2282
1672,2284
1673,2285
1674,2286
1675,2287
1676,2288
1677,2289
1678,2291
1679,2294
1680,2296
1681,2297
1682,2300
1683,2301
1684,2302
1685,2303
1686,2305
1687,2308
1688,2309
1689,2310
1690,2311
1691,2312
1692,2313
1693,2315
1694,2316
1695,2318
1696,2320
1697,2321
1698,2322
1699,2323
1700,2324
1701,2325
1702,2328
1703,2329
1704,2330
1705,2332
1706,2333
1707,2334
1708,2335
1709,2336
1710,2337
1711,2338
1712,2340
1713,2342
1714,2344
1715,2345
1716,2346
1717,2348
1718,2349
1719,2351
1720,2352
1721,2353
1722,2354
1723,2355
1724,2356
1725,2357
1726,2358
1727,2359
1728,2360
1729,2361
1730,2362
1731,2363
1732,2365
1733,2366
1734,2367
1735,2369
1736,2370
1737,2371
1738,2373
1739,2375
1740,2376
1741,2377
1742,2378
1743,2379
1744,2380
1745,2381
1746,2382
1747,2384
1748,2385
1749,2387
1750,2388
1751,2389
1752,2390
1753,2391
1754,2393
1755,2394
1756,2395
1757,2396
1758,2397
1759,2398
1760,2399
1761,2401
1762,2402
1763,2403
1764,2404
1765,2405
1766,2406
1767,2407
1768,2408
1769,2409
1770,2410
1771,2411
1772,2412
1773,2413
1774,2416
1775,2418
1776,2419
1777,2420
1778,2421
1779,2422
1780,2423
1781,2424
1782,2425
1783,2427
1784,2428
1785,2429
1786,2430
1787,2431
1788,2432
1789,2433
1790,2435
1791,2436
1792,2437
1793,2442
1794,2443
1795,2444
1796,2445
1797,2446
1798,2447
1799,2448
1800,2450
1801,2451
1802,2454
1803,2455
1804,2456
1805,2457
1806,2458
1807,2459
1808,2460
1809,2462
1810,2463
1811,2464
1812,2465
1813,2467
1814,2468
1815,2469
1816,2470
1817,2471
1818,2473
1819,2474
1820,2476
1821,2477
1822,2478
1823,2479
1824,2480
1825,2485
1826,2488
1827,2490
1828,2491
1829,2494
1830,2495
1831,2496
1832,2497
1833,2499
1834,2500
1835,2501
1836,2502
1837,2503
1838,2505
1839,2506
1840,2507
1841,2510
1842,2511
1843,2512
1844,2513
1845,2514
1846,2515
1847,2516
1848,2517
1849,2519
1850,2520
1851,2521
1852,2522
1853,2523
1854,2524
1855,2525
1856,2526
1857,2527
1858,2528
1859,2529
1860,2530
1861,2532
1862,2533
1863,2534
1864,2535
1865,2536
1866,2538
1867,2539
1868,2540
1869,2541
1870,2542
1871,2546
1872,2548
1873,2549
1874,2550
1875,2551
1876,2552
1877,2553
1878,2555
1879,2557
1880,2559
1881,2560
1882,2561
1883,2563
1884,2565
1885,2567
1886,2570
1887,2571
1888,2572
1889,2573
1890,2574
1891,2575
1892,2579
1893,2580
1894,2581
1895,2583
1896,2585
1897,2586
1898,2587
1899,2590
1900,2591
1901,2593
1902,2594
1903,2596
1904,2597
1905,2598
1906,2599
1907,2600
1908,2605
1909,2606
1910,2607
1911,2609
1912,2610
1913,2611
1914,2612
1915,2614
1916,2616
1917,2617
1918,2618
1919,2620
1920,2621
1921,2622
1922,2624
1923,2625
1924,2626
1925,2627
1926,2628
1927,2629
1928,2631
1929,2632
1930,2633
1931,2634
1932,2635
1933,2636
1934,2637
1935,2638
1936,2639
1937,2640
1938,2641
1939,2642
1940,2643
1941,2644
1942,2646
1943,2647
1944,2648
1945,2649
1946,2650
1947,2651
1948,2652
1949,2653
1950,2654
1951,2656
1952,2657
1953,2660
1954,2661
1955,2662
1956,2663
1957,2664
1958,2665
1959,2666
1960,2667
1961,2668
1962,2670
1963,2671
1964,2672
1965,2673
1966,2676
1967,2677
1968,2678
1969,2683
1970,2686
1971,2687
1972,2690
1973,2691
1974,2692
1975,2693
1976,2694
1977,2695
1978,2696
1979,2697
1980,2699
1981,2700
1982,2701
1983,2702
1984,2704
1985,2705
1986,2706
1987,2707
1988,2708
1989,2709
1990,2710
1991,2712
1992,2713
1993,2714
1994,2716
1995,2717
1996,2718
1997,2719
1998,2720
1999,2721
2000,2722
2001,2723
2002,2724
2003,2725
2004,2726
2005,2727
2006,2728
2007,2729
2008,2730
2009,2731
2010,2732
2011,2733
2012,2734
2013,2735
2014,2736
2015,2739
2016,2745
2017,2746
2018,2747
2019,2748
2020,2749
2021,2750
2022,2751
2023,2754
2024,2755
2025,2757
2026,2761
2027,2762
2028,2763
2029,2764
2030,2765
2031,2770
2032,2771
2033,2772
2034,2773
2035,2774
2036,2776
2037,2777
2038,2779
2039,2780
2040,2781
2041,2782
2042,2783
2043,2784
2044,2785
2045,2786
2046,2787
2047,2788
2048,2789
2049,2790
2050,2791
2051,2792
2052,2793
2053,2794
2054,2795
2055,2796
2056,2797
2057,2798
2058,2800
2059,2801
2060,2803
2061,2804
2062,2805
2063,2806
2064,2807
2065,2808
2066,2809
2067,2810
2068,2812
2069,2814
2070,2815
2071,2819
2072,2820
2073,2822
2074,2823
2075,2824
2076,2826
2077,2827
2078,2828
2079,2835
2080,2836
2081,2837
2082,2839
2083,2840
2084,2841
2085,2842
2086,2843
2087,2846
2088,2847
2089,2848
2090,2852
2091,2853
2092,2857
2093,2858
2094,2859
2095,2860
2096,2862
2097,2863
2098,2867
2099,2870
2100,2871
2101,2872
2102,2873
2103,2874
2104,2876
2105,2877
2106,2878
2107,2879
2108,2880
2109,2882
2110,2886
2111,2887
2112,2888
2113,2889
2114,2890
2115,2891
2116,2892
2117,2893
2118,2894
2119,2896
2120,2897
2121,2898
2122,2899
2123,2900
2124,2901
2125,2902
2126,2903
2127,2904
2128,2905
2129,2906
2130,2907
2131,2908
2132,2912
2133,2913
2134,2915
2135,2916
2136,2917
2137,2918
2138,2919
2139,2920
2140,2921
2141,2922
2142,2923
2143,2924
2144,2926
2145,2927
2146,2928
2147,2929
2148,2930
2149,2931
2150,2932
2151,2933
2152,2934
2153,2935
2154,2936
2155,2937
2156,2938
2157,2939
2158,2940
2159,2941
2160,2942
2161,2943
2162,2944
2163,2947
2164,2948
2165,2949
2166,2950
2167,2951
2168,2952
2169,2953
2170,2956
2171,2957
2172,2959
2173,2961
2174,2962
2175,2963
2176,2965
2177,2966
2178,2967
2179,2968
2180,2969
2181,2970
2182,2971
2183,2972
2184,2973
2185,2974
2186,2976
2187,2977
2188,2978
2189,2979
2190,2982
2191,2983
2192,2984
2193,2985
2194,2986
2195,2987
2196,2988
2197,2989
2198,2990
2199,2991
2200,2992
2201,2993
2202,2995
2203,2996
2204,2997
2205,2998
2206,3000
2207,3002
2208,3003
2209,3004
2210,3005
2211,3006
2212,3007
2213,3008
2214,3010
2215,3011
2216,3012
2217,3013
2218,3014
2219,3015
2220,3016
2221,3017
2222,3018
2223,3019
2224,3020
2225,3022
2226,3023
2227,3024
2228,3029
2229,3030
2230,3031
2231,3032
2232,3033
2233,3034
2234,3035
2235,3036
2236,3037
2237,3038
2238,3039
2239,3040
2240,3042
2241,3044
2242,3047
2243,3050
2244,3051
2245,3052
2246,3053
2247,3054
2248,3056
2249,3058
2250,3059
2251,3060
2252,3061
2253,3062
2254,3063
2255,3066
2256,3067
2257,3068
2258,3070
2259,3071
2260,3072
2261,3073
2262,3074
2263,3075
2264,3076
2265,3077
2266,3078
2267,3079
2268,3080
2269,3081
2270,3082
2271,3083
2272,3086
2273,3087
2274,3088
2275,3089
2276,3090
2277,3091
2278,3092
2279,3093
2280,3094
2281,3095
2282,3097
2283,3098
2284,3099
2285,3100
2286,3101
2287,3103
2288,3104
2289,3105
2290,3107
2291,3108
2292,3111
2293,3112
2294,3113
2295,3114
2296,3115
2297,3117
2298,3118
2299,3119
2300,3120
2301,3121
2302,3122
2303,3127
2304,3128
2305,3129
2306,3130
2307,3132
2308,3133
2309,3134
2310,3135
2311,3140
2312,3141
2313,3142
2314,3143
2315,3145
2316,3146
2317,3147
2318,3148
2319,3151
2320,3152
2321,3153
2322,3155
2323,3156
2324,3157
2325,3158
2326,3159
2327,3160
2328,3163
2329,3165
2330,3166
2331,3168
2332,3170
2333,3171
2334,3172
2335,3173
2336,3174
2337,3175
2338,3176
2339,3177
2340,3178
2341,3179
2342,3180
2343,3181
2344,3182
2345,3186
2346,3188
2347,3189
2348,3190
2349,3192
2350,3195
2351,3196
2352,3198
2353,3200
2354,3201
2355,3203
2356,3204
2357,3205
2358,3207
2359,3208
2360,3210
2361,3211
2362,3213
2363,3214
2364,3215
2365,3216
2366,3217
2367,3218
2368,3219
2369,3221
2370,3222
2371,3223
2372,3224
2373,3225
2374,3229
2375,3230
2376,3234
2377,3238
2378,3240
2379,3241
2380,3243
2381,3245
2382,3246
2383,3247
2384,3248
2385,3249
2386,3250
2387,3251
2388,3252
2389,3253
2390,3254
2391,3255
2392,3256
2393,3257
2394,3258
2395,3259
2396,3260
2397,3261
2398,3262
2399,3263
2400,3264
2401,3265
2402,3266
2403,3267
2404,3268
2405,3269
2406,3270
2407,3271
2408,3272
2409,3273
2410,3274
2411,3275
2412,3280
2413,3281
2414,3282
2415,3284
2416,3285
2417,3286
2418,3287
2419,3289
2420,3292
2421,3295
2422,3296
2423,3297
2424,3298
2425,3299
2426,3300
2427,3301
2428,3302
2429,3303
2430,3304
2431,3305
2432,3306
2433,3307
2434,3310
2435,3311
2436,3313
2437,3316
2438,3317
2439,3318
2440,3322
2441,3323
2442,3325
2443,3326
2444,3327
2445,3328
2446,3329
2447,3330
2448,3334
2449,3337
2450,3338
2451,3339
2452,3340
2453,3341
2454,3342
2455,3343
2456,3344
2457,3347
2458,3348
2459,3349
2460,3350
2461,3351
2462,3352
2463,3354
2464,3355
2465,3358
2466,3359
2467,3360
2468,3361
2469,3362
2470,3363
2471,3364
2472,3365
2473,3368
2474,3369
2475,3371
2476,3373
2477,3374
2478,3375
2479,3376
2480,3377
2481,3378
2482,3379
2483,3382
2484,3384
2485,3385
2486,3386
2487,3387
2488,3388
2489,3390
2490,3391
2491,3392
2492,3394
2493,3396
2494,3397
2495,3398
2496,3399
2497,3400
2498,3404
2499,3405
2500,3406
2501,3408
2502,3409
2503,3410
2504,3412
2505,3413
2506,3415
2507,3417
2508,3418
2509,3419
2510,3420
2511,3421
2512,3422
2513,3424
2514,3425
2515,3428
2516,3429
2517,3430
2518,3431
2519,3432
2520,3433
2521,3434
2522,3435
2523,3436
2524,3438
2525,3439
2526,3441
2527,3442
2528,3444
2529,3445
2530,3447
2531,3448
2532,3450
2533,3451
2534,3452
2535,3453
2536,3455
2537,3456
2538,3459
2539,3461
2540,3462
2541,3466
2542,3467
2543,3468
2544,3469
2545,3470
2546,3471
2547,3472
2548,3473
2549,3474
2550,3475
2551,3476
2552,3477
2553,3478
2554,3479
2555,3480
2556,3481
2557,3483
2558,3484
2559,3487
2560,3489
2561,3490
2562,3491
2563,3492
2564,3493
2565,3494
2566,3498
2567,3499
2568,3501
2569,3502
2570,3503
2571,3504
2572,3505
2573,3507
2574,3508
2575,3509
2576,3510
2577,3511
2578,3512
2579,3513
2580,3515
2581,3516
2582,3518
2583,3519
2584,3521
2585,3524
2586,3525
2587,3526
2588,3527
2589,3528
2590,3529
2591,3530
2592,3533
2593,3535
2594,3536
2595,3538
2596,3539
2597,3543
2598,3544
2599,3545
2600,3546
2601,3548
2602,3549
2603,3550
2604,3552
2605,3553
2606,3554
2607,3555
2608,3556
2609,3559
2610,3560
2611,3562
2612,3564
2613,3565
2614,3566
2615,3569
2616,3572
2617,3574
2618,3576
2619,3577
2620,3578
2621,3579
2622,3580
2623,3581
2624,3584
2625,3585
2626,3586
2627,3587
2628,3588
2629,3589
2630,3591
2631,3592
2632,3593
2633,3594
2634,3596
2635,3597
2636,3598
2637,3599
2638,3604
2639,3606
2640,3608
2641,3609
2642,3611
2643,3612
2644,3613
2645,3615
2646,3616
2647,3617
2648,3618
2649,3619
2650,3621
2651,3622
2652,3623
2653,3624
2654,3626
2655,3627
2656,3629
2657,3632
2658,3633
2659,3634
2660,3635
2661,3637
2662,3638
2663,3639
2664,3644
2665,3645
2666,3646
2667,3648
2668,3649
2669,3651
2670,3652
2671,3654
2672,3655
2673,3656
2674,3657
2675,3658
2676,3659
2677,3668
2678,3669
2679,3671
2680,3672
2681,3675
2682,3676
2683,3677
2684,3679
2685,3680
2686,3681
2687,3682
2688,3683
2689,3684
2690,3685
2691,3686
2692,3687
2693,3688
2694,3691
2695,3692
2696,3693
2697,3696
2698,3697
2699,3698
2700,3699
2701,3700
2702,3702
2703,3703
2704,3704
2705,3705
2706,3706
2707,3707
2708,3708
2709,3709
2710,3710
2711,3713
2712,3715
2713,3717
2714,3718
2715,3719
2716,3720
2717,3723
2718,3725
2719,3726
2720,3727
2721,3728
2722,3729
2723,3730
2724,3731
2725,3732
2726,3733
2727,3734
2728,3735
2729,3736
2730,3737
2731,3738
2732,3739
2733,3740
2734,3741
2735,3742
2736,3743
2737,3745
2738,3746
2739,3747
2740,3751
2741,3752
2742,3753
2743,3754
2744,3755
2745,3757
2746,3758
2747,3760
2748,3761
2749,3763
2750,3767
2751,3768
2752,3769
2753,3770
2754,3771
2755,3773
2756,3774
2757,3780
2758,3781
2759,3782
2760,3783
2761,3784
2762,3785
2763,3786
2764,3787
2765,3788
2766,3789
2767,3790
2768,3791
2769,3792
2770,3793
2771,3795
2772,3796
2773,3798
2774,3799
2775,3801
2776,3802
2777,3804
2778,3805
2779,3808
2780,3809
2781,3811
2782,3812
2783,3813
2784,3814
2785,3816
2786,3819
2787,3820
2788,3821
2789,3822
2790,3823
2791,3825
2792,3826
2793,3827
2794,3830
2795,3831
2796,3832
2797,3833
2798,3835
2799,3836
2800,3837
2801,3838
2802,3840
2803,3841
2804,3843
2805,3844
2806,3845
2807,3846
2808,3847
2809,3849
2810,3850
2811,3851
2812,3852
2813,3854
2814,3855
2815,3857
2816,3858
2817,3859
2818,3862
2819,3863
2820,3864
2821,3865
2822,3866
2823,3867
2824,3868
2825,3869
2826,3870
2827,3871
2828,3872
2829,3874
2830,3875
2831,3877
2832,3878
2833,3879
2834,3880
2835,3881
2836,3882
2837,3883
2838,3884
2839,3885
2840,3888
2841,3893
2842,3894
2843,3895
2844,3896
2845,3897
2846,3898
2847,3900
2848,3902
2849,3903
2850,3906
2851,3910
2852,3911
2853,3915
2854,3916
2855,3917
2856,3919
2857,3921
2858,3925
2859,3926
2860,3927
2861,3928
2862,3929
2863,3930
2864,3931
2865,3932
2866,3933
2867,3934
2868,3936
2869,3937
2870,3938
2871,3939
2872,3942
2873,3943
2874,3945
2875,3946
2876,3947
2877,3948
2878,3949
2879,3950
2880,3951
2881,3952
2882,3959
2883,3960
2884,3961
2885,3962
2886,3963
2887,3964
2888,3965
2889,3966
2890,3967
2891,3968
2892,3969
2893,3970
2894,3972
2895,3973
2896,3974
2897,3975
2898,3977
2899,3978
2900,3979
2901,3980
2902,3981
2903,3983
2904,3984
2905,3985
2906,3986
2907,3988
2908,3989
2909,3990
2910,3991
2911,3992
2912,3993
2913,3994
2914,3996
2915,3997
2916,3999
2917,4000
2918,4002
2919,4003
2920,4005
2921,4006
2922,4007
2923,4008
2924,4010
2925,4011
2926,4013
2927,4014
2928,4015
2929,4016
2930,4017
2931,4018
2932,4019
2933,4020
2934,4021
2935,4022
2936,4023
2937,4024
2938,4025
2939,4026
2940,4027
2941,4028
2942,4029
2943,4030
2944,4031
2945,4032
2946,4033
2947,4034
2948,4035
2949,4036
2950,4037
2951,4038
2952,4039
2953,4040
2954,4041
2955,4042
2956,4045
2957,4046
2958,4047
2959,4052
2960,4053
2961,4055
2962,4056
2963,4058
2964,4061
2965,4062
2966,4063
2967,4064
2968,4065
2969,4068
2970,4069
2971,4077
2972,4080
2973,4081
2974,4082
2975,4084
2976,4085
2977,4086
2978,4089
2979,4090
2980,4092
2981,4095
2982,4096
2983,4097
2984,4098
2985,4101
2986,4102
2987,4103
2988,4104
2989,4105
2990,4108
2991,4109
2992,4111
2993,4113
2994,4115
2995,4117
2996,4119
2997,4121
2998,4124
2999,4126
3000,4128
3001,4130
3002,4132
3003,4133
3004,4135
3005,4140
3006,4142
3007,4144
3008,4145
3009,4147
3010,4148
3011,4151
3012,4152
3013,4153
3014,4155
3015,4158
3016,4159
3017,4160
3018,4161
3019,4164
3020,4166
3021,4167
3022,4168
3023,4169
3024,4171
3025,4172
3026,4173
3027,4174
3028,4175
3029,4176
3030,4177
3031,4178
3032,4179
3033,4180
3034,4182
3035,4183
3036,4184
3037,4185
3038,4186
3039,4187
3040,4190
3041,4191
3042,4194
3043,4195
3044,4196
3045,4197
3046,4198
3047,4199
3048,4200
3049,4201
3050,4203
3051,4205
3052,4206
3053,4207
3054,4208
3055,4209
3056,4210
3057,4211
3058,4212
3059,4214
3060,4216
3061,4217
3062,4219
3063,4220
3064,4221
3065,4223
3066,4224
3067,4225
3068,4226
3069,4228
3070,4229
3071,4231
3072,4232
3073,4233
3074,4234
3075,4235
3076,4236
3077,4237
3078,4238
3079,4239
3080,4241
3081,4242
3082,4246
3083,4247
3084,4248
3085,4250
3086,4253
3087,4255
3088,4256
3089,4259
3090,4261
3091,4262
3092,4265
3093,4266
3094,4269
3095,4270
3096,4271
3097,4272
3098,4273
3099,4274
3100,4275
3101,4276
3102,4277
3103,4278
3104,4280
3105,4282
3106,4283
3107,4285
3108,4287
3109,4288
3110,4291
3111,4292
3112,4293
3113,4294
3114,4295
3115,4296
3116,4297
3117,4298
3118,4299
3119,4301
3120,4302
3121,4305
3122,4306
3123,4308
3124,4310
3125,4312
3126,4318
3127,4319
3128,4320
3129,4321
3130,4322
3131,4325
3132,4326
3133,4327
3134,4329
3135,4330
3136,4333
3137,4334
3138,4336
3139,4337
3140,4338
3141,4339
3142,4340
3143,4341
3144,4342
3145,4343
3146,4344
3147,4347
3148,4349
3149,4350
3150,4351
3151,4356
3152,4357
3153,4359
3154,4360
3155,4361
3156,4362
3157,4366
3158,4367
3159,4369
3160,4370
3161,4371
3162,4372
3163,4376
3164,4378
3165,4379
3166,4380
3167,4381
3168,4383
3169,4384
3170,4386
3171,4387
3172,4388
3173,4389
3174,4391
3175,4392
3176,4393
3177,4395
3178,4396
3179,4398
3180,4399
3181,4401
3182,4402
3183,4403
3184,4404
3185,4405
3186,4406
3187,4407
3188,4409
3189,4410
3190,4411
3191,4412
3192,4414
3193,4415
3194,4416
3195,4417
3196,4418
3197,4419
3198,4422
3199,4425
3200,4426
3201,4427
3202,4428
3203,4429
3204,4431
3205,4432
3206,4433
3207,4434
3208,4437
3209,4438
3210,4439
3211,4440
3212,4441
3213,4443
3214,4444
3215,4446
3216,4447
3217,4448
3218,4450
3219,4451
3220,4452
3221,4454
3222,4456
3223,4458
3224,4460
3225,4462
3226,4464
3227,4465
3228,4466
3229,4467
3230,4468
3231,4469
3232,4470
3233,4471
3234,4474
3235,4475
3236,4477
3237,4478
3238,4479
3239,4480
3240,4482
3241,4483
3242,4484
3243,4485
3244,4487
3245,4489
3246,4492
3247,4493
3248,4495
3249,4496
3250,4497
3251,4498
3252,4499
3253,4500
3254,4501
3255,4502
3256,4503
3257,4505
3258,4506
3259,4508
3260,4509
3261,4511
3262,4515
3263,4517
3264,4518
3265,4519
3266,4520
3267,4521
3268,4523
3269,4526
3270,4527
3271,4529
3272,4531
3273,4532
3274,4533
3275,4535
3276,4537
3277,4538
3278,4541
3279,4544
3280,4545
3281,4546
3282,4547
3283,4548
3284,4552
3285,4553
3286,4555
3287,4557
3288,4558
3289,4560
3290,4561
3291,4562
3292,4563
3293,4565
3294,4567
3295,4568
3296,4570
3297,4571
3298,4573
3299,4574
3300,4576
3301,4577
3302,4578
3303,4580
3304,4585
3305,4586
3306,4587
3307,4589
3308,4590
3309,4591
3310,4592
3311,4594
3312,4595
3313,4596
3314,4597
3315,4598
3316,4599
3317,4600
3318,4601
3319,4603
3320,4605
3321,4611
3322,4612
3323,4613
3324,4614
3325,4615
3326,4616
3327,4618
3328,4619
3329,4620
3330,4621
3331,4623
3332,4624
3333,4625
3334,4626
3335,4628
3336,4629
3337,4630
3338,4632
3339,4633
3340,4634
3341,4636
3342,4637
3343,4638
3344,4639
3345,4640
3346,4641
3347,4642
3348,4643
3349,4644
3350,4645
3351,4646
3352,4649
3353,4654
3354,4655
3355,4658
3356,4659
3357,4661
3358,4662
3359,4664
3360,4665
3361,4666
3362,4668
3363,4670
3364,4671
3365,4673
3366,4674
3367,4676
3368,4677
3369,4678
3370,4679
3371,4680
3372,4681
3373,4682
3374,4683
3375,4685
3376,4686
3377,4687
3378,4688
3379,4689
3380,4690
3381,4695
3382,4697
3383,4699
3384,4700
3385,4701
3386,4702
3387,4703
3388,4704
3389,4705
3390,4707
3391,4709
3392,4710
3393,4711
3394,4713
3395,4714
3396,4716
3397,4717
3398,4718
3399,4719
3400,4720
3401,4721
3402,4722
3403,4723
3404,4725
3405,4727
3406,4728
3407,4729
3408,4731
3409,4732
3410,4733
3411,4734
3412,4735
3413,4736
3414,4737
3415,4738
3416,4741
3417,4743
3418,4744
3419,4745
3420,4746
3421,4748
3422,4749
3423,4750
3424,4752
3425,4754
3426,4755
3427,4756
3428,4757
3429,4761
3430,4765
3431,4767
3432,4768
3433,4769
3434,4770
3435,4771
3436,4772
3437,4773
3438,4774
3439,4776
3440,4777
3441,4778
3442,4779
3443,4783
3444,4784
3445,4785
3446,4786
3447,4787
3448,4788
3449,4789
3450,4790
3451,4791
3452,4792
3453,4794
3454,4795
3455,4798
3456,4799
3457,4801
3458,4802
3459,4803
3460,4804
3461,4805
3462,4806
3463,4808
3464,4809
3465,4811
3466,4813
3467,4814
3468,4815
3469,4816
3470,4819
3471,4821
3472,4822
3473,4823
3474,4824
3475,4825
3476,4826
3477,4830
3478,4831
3479,4833
3480,4835
3481,4837
3482,4839
3483,4840
3484,4842
3485,4844
3486,4845
3487,4846
3488,4847
3489,4848
3490,4849
3491,4850
3492,4851
3493,4855
3494,4856
3495,4857
3496,4861
3497,4863
3498,4865
3499,4866
3500,4867
3501,4868
3502,4869
3503,4871
3504,4872
3505,4873
3506,4874
3507,4876
3508,4877
3509,4878
3510,4880
3511,4881
3512,4883
3513,4884
3514,4885
3515,4886
3516,4887
3517,4888
3518,4889
3519,4890
3520,4893
3521,4894
3522,4895
3523,4896
3524,4898
3525,4899
3526,4900
3527,4901
3528,4902
3529,4903
3530,4907
3531,4908
3532,4911
3533,4912
3534,4914
3535,4915
3536,4916
3537,4917
3538,4919
3539,4920
3540,4921
3541,4927
3542,4928
3543,4929
3544,4930
3545,4931
3546,4932
3547,4933
3548,4935
3549,4936
3550,4937
3551,4938
3552,4939
3553,4941
3554,4942
3555,4943
3556,4944
3557,4945
3558,4947
3559,4951
3560,4953
3561,4954
3562,4956
3563,4958
3564,4962
3565,4963
3566,4966
3567,4967
3568,4969
3569,4971
3570,4972
3571,4973
3572,4974
3573,4975
3574,4976
3575,4977
3576,4978
3577,4979
3578,4980
3579,4981
3580,4982
3581,4984
3582,4986
3583,4987
3584,4988
3585,4989
3586,4990
3587,4991
3588,4992
3589,4993
3590,4994
3591,4995
3592,4996
3593,4999
3594,5000
3595,5001
3596,5002
3597,5004
3598,5006
3599,5007
3600,5008
3601,5009
3602,5010
3603,5011
3604,5012
3605,5013
3606,5014
3607,5015
3608,5016
3609,5017
3610,5018
3611,5021
3612,5022
3613,5023
3614,5025
3615,5026
3616,5027
3617,5028
3618,5032
3619,5033
3620,5034
3621,5037
3622,5038
3623,5039
3624,5040
3625,5041
3626,5042
3627,5043
3628,5044
3629,5045
3630,5046
3631,5047
3632,5048
3633,5049
3634,5051
3635,5053
3636,5054
3637,5055
3638,5056
3639,5059
3640,5060
3641,5062
3642,5063
3643,5064
3644,5065
3645,5066
3646,5068
3647,5069
3648,5071
3649,5072
3650,5073
3651,5074
3652,5076
3653,5085
3654,5087
3655,5088
3656,5089
3657,5091
3658,5092
3659,5093
3660,5094
3661,5096
3662,5097
3663,5098
3664,5099
3665,5101
3666,5102
3667,5103
3668,5104
3669,5105
3670,5106
3671,5107
3672,5108
3673,5110
3674,5111
3675,5113
3676,5116
3677,5118
3678,5119
3679,5120
3680,5123
3681,5125
3682,5126
3683,5127
3684,5128
3685,5134
3686,5135
3687,5137
3688,5138
3689,5140
3690,5142
3691,5143
3692,5144
3693,5145
3694,5146
3695,5147
3696,5148
3697,5151
3698,5152
3699,5153
3700,5157
3701,5159
3702,5160
3703,5161
3704,5163
3705,5164
3706,5165
3707,5166
3708,5168
3709,5169
3710,5170
3711,5171
3712,5172
3713,5174
3714,5175
3715,5177
3716,5178
3717,5180
3718,5183
3719,5184
3720,5187
3721,5188
3722,5189
3723,5194
3724,5195
3725,5196
3726,5197
3727,5198
3728,5201
3729,5202
3730,5203
3731,5204
3732,5205
3733,5206
3734,5210
3735,5216
3736,5217
3737,5218
3738,5219
3739,5220
3740,5221
3741,5222
3742,5224
3743,5225
3744,5226
3745,5227
3746,5228
3747,5230
3748,5232
3749,5233
3750,5234
3751,5235
3752,5236
3753,5237
3754,5239
3755,5241
3756,5243
3757,5244
3758,5247
3759,5250
3760,5251
3761,5252
3762,5254
3763,5256
3764,5258
3765,5261
3766,5263
3767,5264
3768,5265
3769,5266
3770,5267
3771,5269
3772,5275
3773,5276
3774,5278
3775,5279
3776,5282
3777,5283
3778,5287
3779,5288
3780,5289
3781,5290
3782,5291
3783,5292
3784,5293
3785,5294
3786,5296
3787,5297
3788,5298
3789,5299
3790,5300
3791,5302
3792,5303
3793,5304
3794,5305
3795,5306
3796,5307
3797,5308
3798,5310
3799,5313
3800,5316
3801,5319
3802,5320
3803,5323
3804,5325
3805,5328
3806,5329
3807,5333
3808,5334
3809,5335
3810,5336
3811,5337
3812,5339
3813,5340
3814,5341
3815,5342
3816,5343
3817,5346
3818,5347
3819,5348
3820,5349
3821,5350
3822,5352
3823,5353
3824,5354
3825,5355
3826,5356
3827,5357
3828,5359
3829,5360
3830,5361
3831,5363
3832,5364
3833,5367
3834,5368
3835,5372
3836,5373
3837,5374
3838,5375
3839,5377
3840,5378
3841,5379
3842,5380
3843,5381
3844,5382
3845,5383
3846,5384
3847,5385
3848,5386
3849,5387
3850,5388
3851,5389
3852,5390
3853,5391
3854,5392
3855,5394
3856,5396
3857,5397
3858,5399
3859,5400
3860,5401
3861,5404
3862,5406
3863,5408
3864,5410
3865,5411
3866,5414
3867,5415
3868,5416
3869,5417
3870,5418
3871,5419
3872,5420
3873,5421
3874,5422
3875,5423
3876,5424
3877,5426
3878,5429
3879,5430
3880,5431
3881,5433
3882,5434
3883,5435
3884,5436
3885,5437
3886,5438
3887,5439
3888,5440
3889,5443
3890,5444
3891,5445
3892,5446
3893,5448
3894,5449
3895,5450
3896,5451
3897,5452
3898,5453
3899,5454
3900,5459
3901,5460
3902,5461
3903,5462
3904,5463
3905,5464
3906,5465
3907,5466
3908,5467
3909,5468
3910,5470
3911,5472
3912,5473
3913,5474
3914,5475
3915,5476
3916,5477
3917,5478
3918,5479
3919,5481
3920,5482
3921,5483
3922,5485
3923,5486
3924,5488
3925,5489
3926,5490
3927,5492
3928,5493
3929,5494
3930,5495
3931,5496
3932,5498
3933,5499
3934,5500
3935,5501
3936,5502
3937,5503
3938,5504
3939,5505
3940,5506
3941,5507
3942,5508
3943,5509
3944,5512
3945,5514
3946,5515
3947,5516
3948,5517
3949,5518
3950,5520
3951,5522
3952,5523
3953,5524
3954,5525
3955,5526
3956,5527
3957,5528
3958,5530
3959,5531
3960,5540
3961,5541
3962,5542
3963,5543
3964,5544
3965,5545
3966,5547
3967,5549
3968,5551
3969,5552
3970,5553
3971,5555
3972,5556
3973,5560
3974,5564
3975,5567
3976,5568
3977,5569
3978,5570
3979,5572
3980,5574
3981,5575
3982,5577
3983,5579
3984,5582
3985,5584
3986,5585
3987,5587
3988,5588
3989,5589
3990,5591
3991,5592
3992,5596
3993,5597
3994,5598
3995,5599
3996,5600
3997,5601
3998,5602
3999,5603
4000,5604
4001,5605
4002,5606
4003,5607
4004,5608
4005,5610
4006,5611
4007,5612
4008,5613
4009,5616
4010,5617
4011,5618
4012,5619
4013,5620
4014,5622
4015,5626
4016,5628
4017,5630
4018,5632
4019,5633
4020,5635
4021,5638
4022,5639
4023,5640
4024,5642
4025,5643
4026,5644
4027,5649
4028,5650
4029,5653
4030,5659
4031,5660
4032,5662
4033,5663
4034,5665
4035,5666
4036,5667
4037,5668
4038,5669
4039,5670
4040,5671
4041,5672
4042,5673
4043,5675
4044,5677
4045,5678
4046,5679
4047,5680
4048,5684
4049,5685
4050,5686
4051,5688
4052,5689
4053,5690
4054,5692
4055,5693
4056,5695
4057,5697
4058,5699
4059,5700
4060,5704
4061,5705
4062,5707
4063,5710
4064,5711
4065,5712
4066,5715
4067,5721
4068,5725
4069,5726
4070,5727
4071,5728
4072,5729
4073,5730
4074,5731
4075,5732
4076,5733
4077,5735
4078,5742
4079,5746
4080,5747
4081,5748
4082,5749
4083,5752
4084,5753
4085,5754
4086,5755
4087,5756
4088,5760
4089,5761
4090,5762
4091,5763
4092,5764
4093,5765
4094,5766
4095,5767
4096,5768
4097,5770
4098,5771
4099,5772
4100,5773
4101,5777
4102,5778
4103,5779
4104,5780
4105,5781
4106,5782
4107,5783
4108,5784
4109,5785
4110,5786
4111,5788
4112,5791
4113,5792
4114,5793
4115,5794
4116,5796
4117,5797
4118,5798
4119,5799
4120,5802
4121,5803
4122,5804
4123,5806
4124,5807
4125,5809
4126,5810
4127,5812
4128,5813
4129,5815
4130,5816
4131,5817
4132,5818
4133,5820
4134,5821
4135,5822
4136,5823
4137,5825
4138,5829
4139,5830
4140,5832
4141,5833
4142,5835
4143,5839
4144,5844
4145,5850
4146,5853
4147,5854
4148,5855
4149,5856
4150,5858
4151,5859
4152,5862
4153,5867
4154,5868
4155,5869
4156,5872
4157,5873
4158,5874
4159,5876
4160,5878
4161,5879
4162,5880
4163,5881
4164,5882
4165,5883
4166,5887
4167,5888
4168,5889
4169,5890
4170,5891
4171,5892
4172,5893
4173,5895
4174,5896
4175,5898
4176,5899
4177,5900
4178,5902
4179,5903
4180,5906
4181,5907
4182,5908
4183,5909
4184,5910
4185,5911
4186,5913
4187,5914
4188,5915
4189,5917
4190,5918
4191,5920
4192,5922
4193,5927
4194,5932
4195,5934
4196,5935
4197,5937
4198,5938
4199,5939
4200,5940
4201,5942
4202,5943
4203,5944
4204,5945
4205,5946
4206,5949
4207,5952
4208,5953
4209,5954
4210,5955
4211,5956
4212,5957
4213,5959
4214,5960
4215,5962
4216,5963
4217,5964
4218,5965
4219,5966
4220,5967
4221,5968
4222,5969
4223,5970
4224,5971
4225,5972
4226,5974
4227,5975
4228,5979
4229,5980
4230,5981
4231,5984
4232,5985
4233,5986
4234,5988
4235,5989
4236,5991
4237,5992
4238,5993
4239,5994
4240,5995
4241,5996
4242,5997
4243,5998
4244,6001
4245,6002
4246,6003
4247,6005
4248,6006
4249,6008
4250,6010
4251,6012
4252,6013
4253,6014
4254,6016
4255,6017
4256,6021
4257,6023
4258,6024
4259,6027
4260,6032
4261,6033
4262,6035
4263,6036
4264,6037
4265,6038
4266,6040
4267,6041
4268,6042
4269,6043
4270,6046
4271,6047
4272,6051
4273,6054
4274,6056
4275,6057
4276,6058
4277,6059
4278,6060
4279,6062
4280,6063
4281,6065
4282,6067
4283,6068
4284,6069
4285,6070
4286,6071
4287,6073
4288,6075
4289,6077
4290,6078
4291,6081
4292,6082
4293,6086
4294,6088
4295,6091
4296,6092
4297,6093
4298,6094
4299,6096
4300,6098
4301,6100
4302,6101
4303,6104
4304,6105
4305,6106
4306,6107
4307,6108
4308,6109
4309,6113
4310,6114
4311,6115
4312,6116
4313,6118
4314,6119
4315,6120
4316,6121
4317,6122
4318,6123
4319,6124
4320,6125
4321,6126
4322,6127
4323,6132
4324,6136
4325,6137
4326,6140
4327,6146
4328,6147
4329,6148
4330,6149
4331,6151
4332,6152
4333,6153
4334,6155
4335,6156
4336,6157
4337,6158
4338,6159
4339,6160
4340,6163
4341,6164
4342,6166
4343,6170
4344,6172
4345,6173
4346,6178
4347,6181
4348,6183
4349,6184
4350,6187
4351,6188
4352,6192
4353,6193
4354,6195
4355,6196
4356,6197
4357,6198
4358,6200
4359,6201
4360,6202
4361,6203
4362,6204
4363,6206
4364,6211
4365,6212
4366,6213
4367,6214
4368,6215
4369,6216
4370,6218
4371,6219
4372,6220
4373,6222
4374,6223
4375,6224
4376,6225
4377,6226
4378,6228
4379,6229
4380,6230
4381,6232
4382,6234
4383,6235
4384,6236
4385,6238
4386,6239
4387,6242
4388,6243
4389,6244
4390,6245
4391,6247
4392,6248
4393,6249
4394,6250
4395,6251
4396,6254
4397,6255
4398,6256
4399,6257
4400,6258
4401,6263
4402,6264
4403,6266
4404,6268
4405,6269
4406,6270
4407,6271
4408,6272
4409,6273
4410,6276
4411,6277
4412,6279
4413,6280
4414,6281
4415,6283
4416,6285
4417,6286
4418,6287
4419,6288
4420,6289
4421,6290
4422,6291
4423,6292
4424,6293
4425,6294
4426,6295
4427,6296
4428,6297
4429,6298
4430,6299
4431,6300
4432,6301
4433,6302
4434,6303
4435,6304
4436,6305
4437,6306
4438,6307
4439,6311
4440,6313
4441,6314
4442,6315
4443,6316
4444,6318
4445,6320
4446,6321
4447,6322
4448,6323
4449,6327
4450,6329
4451,6331
4452,6332
4453,6333
4454,6334
4455,6336
4456,6338
4457,6339
4458,6341
4459,6343
4460,6344
4461,6345
4462,6346
4463,6347
4464,6348
4465,6350
4466,6351
4467,6354
4468,6355
4469,6357
4470,6358
4471,6365
4472,6367
4473,6368
4474,6369
4475,6370
4476,6371
4477,6373
4478,6375
4479,6376
4480,6377
4481,6378
4482,6379
4483,6380
4484,6383
4485,6385
4486,6390
4487,6391
4488,6392
4489,6395
4490,6396
4491,6398
4492,6400
4493,6401
4494,6403
4495,6404
4496,6405
4497,6406
4498,6407
4499,6408
4500,6410
4501,6412
4502,6415
4503,6416
4504,6419
4505,6420
4506,6422
4507,6427
4508,6430
4509,6433
4510,6436
4511,6438
4512,6440
4513,6441
4514,6442
4515,6443
4516,6447
4517,6448
4518,6449
4519,6450
4520,6451
4521,6452
4522,6453
4523,6455
4524,6457
4525,6458
4526,6460
4527,6461
4528,6462
4529,6463
4530,6464
4531,6465
4532,6466
4533,6467
4534,6470
4535,6473
4536,6474
4537,6475
4538,6476
4539,6477
4540,6478
4541,6482
4542,6483
4543,6484
4544,6485
4545,6486
4546,6488
4547,6489
4548,6490
4549,6493
4550,6497
4551,6498
4552,6499
4553,6500
4554,6501
4555,6502
4556,6503
4557,6508
4558,6509
4559,6511
4560,6513
4561,6516
4562,6519
4563,6521
4564,6523
4565,6524
4566,6526
4567,6530
4568,6531
4569,6533
4570,6534
4571,6535
4572,6536
4573,6537
4574,6538
4575,6539
4576,6540
4577,6541
4578,6542
4579,6545
4580,6548
4581,6549
4582,6550
4583,6551
4584,6552
4585,6554
4586,6555
4587,6556
4588,6558
4589,6559
4590,6561
4591,6564
4592,6565
4593,6566
4594,6567
4595,6571
4596,6572
4597,6574
4598,6578
4599,6579
4600,6581
4601,6583
4602,6584
4603,6586
4604,6587
4605,6588
4606,6591
4607,6592
4608,6593
4609,6595
4610,6596
4611,6598
4612,6602
4613,6603
4614,6610
4615,6611
4616,6612
4617,6614
4618,6615
4619,6617
4620,6618
4621,6619
4622,6620
4623,6621
4624,6623
4625,6624
4626,6625
4627,6628
4628,6629
4629,6632
4630,6633
4631,6636
4632,6638
4633,6639
4634,6641
4635,6643
4636,6645
4637,6646
4638,6649
4639,6650
4640,6651
4641,6652
4642,6653
4643,6654
4644,6656
4645,6658
4646,6659
4647,6660
4648,6661
4649,6662
4650,6663
4651,6664
4652,6666
4653,6667
4654,6668
4655,6669
4656,6671
4657,6672
4658,6673
4659,6676
4660,6677
4661,6678
4662,6679
4663,6680
4664,6681
4665,6682
4666,6684
4667,6686
4668,6687
4669,6688
4670,6690
4671,6692
4672,6693
4673,6695
4674,6699
4675,6701
4676,6703
4677,6704
4678,6705
4679,6706
4680,6707
4681,6708
4682,6709
4683,6710
4684,6711
4685,6713
4686,6714
4687,6715
4688,6717
4689,6718
4690,6720
4691,6721
4692,6723
4693,6724
4694,6725
4695,6726
4696,6727
4697,6730
4698,6731
4699,6732
4700,6733
4701,6734
4702,6735
4703,6738
4704,6740
4705,6741
4706,6742
4707,6743
4708,6744
4709,6746
4710,6748
4711,6749
4712,6750
4713,6751
4714,6753
4715,6754
4716,6755
4717,6756
4718,6757
4719,6760
4720,6761
4721,6762
4722,6764
4723,6765
4724,6766
4725,6767
4726,6768
4727,6769
4728,6770
4729,6772
4730,6773
4731,6774
4732,6775
4733,6776
4734,6777
4735,6780
4736,6781
4737,6782
4738,6783
4739,6784
4740,6785
4741,6786
4742,6787
4743,6789
4744,6790
4745,6791
4746,6792
4747,6793
4748,6794
4749,6796
4750,6797
4751,6800
4752,6802
4753,6803
4754,6804
4755,6807
4756,6808
4757,6810
4758,6811
4759,6813
4760,6815
4761,6816
4762,6818
4763,6820
4764,6824
4765,6827
4766,6832
4767,6834
4768,6837
4769,6839
4770,6840
4771,6841
4772,6842
4773,6844
4774,6849
4775,6851
4776,6852
4777,6854
4778,6855
4779,6856
4780,6857
4781,6858
4782,6859
4783,6860
4784,6861
4785,6862
4786,6863
4787,6864
4788,6866
4789,6867
4790,6868
4791,6869
4792,6870
4793,6872
4794,6873
4795,6874
4796,6875
4797,6876
4798,6879
4799,6880
4800,6881
4801,6882
4802,6883
4803,6885
4804,6886
4805,6887
4806,6888
4807,6889
4808,6890
4809,6891
4810,6893
4811,6896
4812,6899
4813,6902
4814,6907
4815,6909
4816,6910
4817,6911
4818,6912
4819,6913
4820,6914
4821,6916
4822,6918
4823,6920
4824,6921
4825,6923
4826,6926
4827,6927
4828,6930
4829,6932
4830,6934
4831,6935
4832,6936
4833,6938
4834,6939
4835,6940
4836,6942
4837,6944
4838,6945
4839,6946
4840,6947
4841,6948
4842,6950
4843,6951
4844,6952
4845,6953
4846,6956
4847,6957
4848,6958
4849,6959
4850,6961
4851,6962
4852,6963
4853,6965
4854,6966
4855,6967
4856,6969
4857,6970
4858,6971
4859,6972
4860,6974
4861,6975
4862,6976
4863,6977
4864,6978
4865,6979
4866,6981
4867,6982
4868,6983
4869,6984
4870,6985
4871,6986
4872,6987
4873,6988
4874,6989
4875,6990
4876,6991
4877,6993
4878,6995
4879,6997
4880,6999
4881,7000
4882,7001
4883,7002
4884,7003
4885,7004
4886,7005
4887,7006
4888,7007
4889,7008
4890,7009
4891,7010
4892,7011
4893,7012
4894,7013
4895,7014
4896,7016
4897,7017
4898,7018
4899,7019
4900,7020
4901,7021
4902,7022
4903,7023
4904,7024
4905,7025
4906,7026
4907,7027
4908,7028
4909,7029
4910,7030
4911,7032
4912,7033
4913,7034
4914,7035
4915,7036
4916,7038
4917,7039
4918,7040
4919,7042
4920,7043
4921,7044
4922,7045
4923,7046
4924,7048
4925,7049
4926,7051
4927,7052
4928,7054
4929,7055
4930,7056
4931,7057
4932,7059
4933,7060
4934,7061
4935,7062
4936,7063
4937,7064
4938,7065
4939,7066
4940,7067
4941,7068
4942,7069
4943,7070
4944,7071
4945,7072
4946,7073
4947,7074
4948,7075
4949,7076
4950,7077
4951,7079
4952,7080
4953,7082
4954,7084
4955,7085
4956,7086
4957,7088
4958,7089
4959,7090
4960,7091
4961,7092
4962,7093
4963,7094
4964,7095
4965,7096
4966,7097
4967,7098
4968,7099
4969,7101
4970,7102
4971,7104
4972,7106
4973,7107
4974,7110
4975,7111
4976,7112
4977,7115
4978,7116
4979,7117
4980,7118
4981,7119
4982,7121
4983,7122
4984,7123
4985,7125
4986,7126
4987,7127
4988,7128
4989,7130
4990,7132
4991,7133
4992,7134
4993,7135
4994,7136
4995,7137
4996,7139
4997,7141
4998,7142
4999,7143
5000,7145
5001,7147
5002,7148
5003,7149
5004,7150
5005,7151
5006,7153
5007,7154
5008,7155
5009,7156
5010,7157
5011,7158
5012,7159
5013,7160
5014,7161
5015,7162
5016,7163
5017,7164
5018,7167
5019,7168
5020,7169
5021,7170
5022,7171
5023,7172
5024,7173
5025,7176
5026,7177
5027,7178
5028,7180
5029,7181
5030,7182
5031,7186
5032,7187
5033,7193
5034,7194
5035,7195
5036,7199
5037,7200
5038,7202
5039,7204
5040,7206
5041,7209
5042,7210
5043,7212
5044,7215
5045,7216
5046,7217
5047,7218
5048,7221
5049,7223
5050,7225
5051,7226
5052,7228
5053,7229
5054,7230
5055,7234
5056,7235
5057,7236
5058,7238
5059,7239
5060,7240
5061,7241
5062,7244
5063,7247
5064,7250
5065,7252
5066,7253
5067,7254
5068,7256
5069,7257
5070,7258
5071,7259
5072,7260
5073,7263
5074,7265
5075,7266
5076,7269
5077,7270
5078,7272
5079,7278
5080,7280
5081,7283
5082,7285
5083,7286
5084,7291
5085,7293
5086,7294
5087,7297
5088,7299
5089,7300
5090,7301
5091,7302
5092,7303
5093,7304
5094,7305
5095,7306
5096,7307
5097,7308
5098,7309
5099,7310
5100,7312
5101,7316
5102,7317
5103,7318
5104,7319
5105,7320
5106,7321
5107,7323
5108,7324
5109,7325
5110,7327
5111,7328
5112,7331
5113,7333
5114,7334
5115,7335
5116,7336
5117,7338
5118,7340
5119,7341
5120,7342
5121,7344
5122,7345
5123,7346
5124,7347
5125,7348
5126,7349
5127,7351
5128,7352
5129,7353
5130,7354
5131,7355
5132,7358
5133,7359
5134,7360
5135,7361
5136,7362
5137,7364
5138,7365
5139,7366
5140,7367
5141,7369
5142,7371
5143,7373
5144,7374
5145,7375
5146,7376
5147,7377
5148,7379
5149,7380
5150,7382
5151,7383
5152,7384
5153,7386
5154,7387
5155,7388
5156,7389
5157,7390
5158,7391
5159,7393
5160,7394
5161,7395
5162,7396
5163,7397
5164,7402
5165,7410
5166,7414
5167,7415
5168,7416
5169,7418
5170,7419
5171,7422
5172,7423
5173,7437
5174,7438
5175,7439
5176,7440
5177,7442
5178,7444
5179,7445
5180,7448
5181,7450
5182,7451
5183,7453
5184,7454
5185,7455
5186,7456
5187,7458
5188,7459
5189,7460
5190,7474
5191,7475
5192,7477
5193,7478
5194,7479
5195,7481
5196,7482
5197,7483
5198,7484
5199,7485
5200,7486
5201,7487
5202,7488
5203,7489
5204,7490
5205,7491
5206,7492
5207,7493
5208,7505
5209,7523
5210,7541
5211,7560
5212,7561
5213,7564
5214,7565
5215,7566
5216,7569
5217,7570
5218,7572
5219,7573
5220,7574
5221,7577
5222,7578
5223,7579
5224,7580
5225,7581
5226,7582
5227,7583
5228,7584
5229,7585
5230,7587
5231,7613
5232,7614
5233,7615
5234,7616
5235,7617
5236,7618
5237,7619
5238,7620
5239,7622
5240,7625
5241,7637
5242,7644
5243,7647
5244,7650
5245,7657
5246,7669
5247,7675
5248,7697
5249,7698
5250,7700
5251,7701
5252,7706
5253,7708
5254,7713
5255,7714
5256,7716
5257,7724
5258,7725
5259,7728
5260,7739
5261,7742
5262,7745
5263,7748
5264,7749
5265,7750
5266,7756
5267,7757
5268,7758
5269,7759
5270,7761
5271,7766
5272,7767
5273,7768
5274,7769
5275,7770
5276,7771
5277,7773
5278,7774
5279,7781
5280,7782
5281,7785
5282,7786
5283,7787
5284,7791
5285,7792
5286,7802
5287,7808
5288,7809
5289,7814
5290,7815
5291,7817
5292,7818
5293,7820
5294,7821
5295,7827
5296,7828
5297,7832
5298,7835
5299,7836
5300,7840
5301,7842
5302,7845
5303,7846
5304,7850
5305,7881
5306,7882
5307,7883
5308,7884
5309,7885
5310,7886
5311,7889
5312,7891
5313,7892
5314,7894
5315,7896
5316,7897
5317,7899
5318,7900
5319,7901
5320,7913
5321,7914
5322,7915
5323,7916
5324,7918
5325,7919
5326,7921
5327,7923
5328,7924
5329,7925
5330,7926
5331,7930
5332,7932
5333,7934
5334,7936
5335,7937
5336,7938
5337,7939
5338,7941
5339,7942
5340,7943
5341,7944
5342,7945
5343,7947
5344,7948
5345,7951
5346,7952
5347,7958
5348,7959
5349,7976
5350,7979
5351,7980
5352,7981
5353,7982
5354,7983
5355,7984
5356,7986
5357,7987
5358,7988
5359,7989
5360,7990
5361,7991
5362,7993
5363,7995
5364,8003
5365,8008
5366,8009
5367,8010
5368,8011
5369,8012
5370,8014
5371,8015
5372,8016
5373,8017
5374,8019
5375,8024
5376,8025
5377,8033
5378,8035
5379,8040
5380,8042
5381,8043
5382,8044
5383,8045
5384,8055
5385,8056
5386,8062
5387,8068
5388,8070
5389,8092
5390,8093
5391,8094
5392,8117
5393,8119
5394,8121
5395,8125
5396,8126
5397,8128
5398,8130
5399,8131
5400,8132
5401,8133
5402,8134
5403,8137
5404,8138
5405,8140
5406,8142
5407,8143
5408,8147
5409,8148
5410,8153
5411,8154
5412,8157
5413,8158
5414,8167
5415,8168
5416,8169
5417,8183
5418,8187
5419,8188
5420,8189
5421,8191
5422,8194
5423,8195
5424,8196
5425,8197
5426,8198
5427,8199
5428,8202
5429,8206
5430,8207
5431,8208
5432,8220
5433,8225
5434,8228
5435,8232
5436,8235
5437,8236
5438,8239
5439,8240
5440,8241
5441,8253
5442,8254
5443,8257
5444,8260
5445,8261
5446,8262
5447,8263
5448,8264
5449,8265
5450,8266
5451,8267
5452,8268
5453,8270
5454,8273
5455,8275
5456,8291
5457,8292
5458,8294
5459,8295
5460,8302
5461,8330
5462,8331
5463,8332
5464,8334
5465,8335
5466,8337
5467,8338
5468,8340
5469,8341
5470,8359
5471,8360
5472,8361
5473,8362
5474,8363
5475,8364
5476,8365
5477,8366
5478,8367
5479,8368
5480,8369
5481,8370
5482,8371
5483,8372
5484,8373
5485,8374
5486,8375
5487,8376
5488,8379
5489,8381
5490,8383
5491,8385
5492,8393
5493,8395
5494,8398
5495,8399
5496,8400
5497,8401
5498,8403
5499,8404
5500,8405
5501,8407
5502,8420
5503,8422
5504,8423
5505,8424
5506,8426
5507,8427
5508,8446
5509,8447
5510,8454
5511,8456
5512,8457
5513,8459
5514,8460
5515,8461
5516,8462
5517,8463
5518,8464
5519,8477
5520,8480
5521,8484
5522,8485
5523,8486
5524,8488
5525,8491
5526,8492
5527,8493
5528,8494
5529,8496
5530,8499
5531,8500
5532,8502
5533,8503
5534,8505
5535,8507
5536,8511
5537,8512
5538,8516
5539,8518
5540,8520
5541,8521
5542,8526
5543,8528
5544,8529
5545,8530
5546,8531
5547,8533
5548,8534
5549,8535
5550,8537
5551,8571
5552,8573
5553,8574
5554,8575
5555,8576
5556,8578
5557,8580
5558,8581
5559,8582
5560,8583
5561,8584
5562,8586
5563,8589
5564,8591
5565,8593
5566,8596
5567,8597
5568,8601
5569,8602
5570,8604
5571,8605
5572,8607
5573,8609
5574,8611
5575,8614
5576,8615
5577,8616
5578,8617
5579,8618
5580,8619
5581,8620
5582,8621
5583,8622
5584,8623
5585,8626
5586,8630
5587,8631
5588,8632
5589,8633
5590,8636
5591,8638
5592,8639
5593,8640
5594,8641
5595,8642
5596,8643
5597,8644
5598,8645
5599,8646
5600,8647
5601,8650
5602,8651
5603,8656
5604,8657
5605,8658
5606,8659
5607,8660
5608,8661
5609,8663
5610,8665
5611,8666
5612,8667
5613,8668
5614,8670
5615,8674
5616,8675
5617,8676
5618,8677
5619,8680
5620,8684
5621,8685
5622,8690
5623,8694
5624,8695
5625,8696
5626,8698
5627,8700
5628,8701
5629,8706
5630,8711
5631,8712
5632,8713
5633,8714
5634,8715
5635,8718
5636,8720
5637,8721
5638,8724
5639,8725
5640,8726
5641,8728
5642,8730
5643,8731
5644,8734
5645,8736
5646,8738
5647,8740
5648,8742
5649,8743
5650,8747
5651,8748
5652,8749
5653,8751
5654,8752
5655,8753
5656,8754
5657,8755
5658,8756
5659,8757
5660,8760
5661,8765
5662,8766
5663,8767
5664,8768
5665,8770
5666,8771
5667,8772
5668,8781
5669,8782
5670,8783
5671,8784
5672,8785
5673,8786
5674,8789
5675,8794
5676,8795
5677,8796
5678,8797
5679,8798
5680,8800
5681,8801
5682,8807
5683,8808
5684,8809
5685,8810
5686,8811
5687,8813
5688,8814
5689,8817
5690,8818
5691,8826
5692,8827
5693,8828
5694,8830
5695,8831
5696,8833
5697,8836
5698,8838
5699,8839
5700,8841
5701,8844
5702,8847
5703,8848
5704,8849
5705,8852
5706,8854
5707,8855
5708,8856
5709,8857
5710,8858
5711,8861
5712,8862
5713,8864
5714,8865
5715,8866
5716,8867
5717,8868
5718,8869
5719,8870
5720,8871
5721,8872
5722,8873
5723,8874
5724,8875
5725,8879
5726,8880
5727,8881
5728,8884
5729,8886
5730,8889
5731,8894
5732,8896
5733,8897
5734,8898
5735,8899
5736,8900
5737,8901
5738,8905
5739,8906
5740,8907
5741,8910
5742,8911
5743,8912
5744,8913
5745,8914
5746,8916
5747,8917
5748,8918
5749,8919
5750,8920
5751,8923
5752,8924
5753,8926
5754,8928
5755,8930
5756,8932
5757,8934
5758,8937
5759,8938
5760,8939
5761,8943
5762,8946
5763,8947
5764,8948
5765,8949
5766,8950
5767,8951
5768,8952
5769,8955
5770,8957
5771,8958
5772,8959
5773,8961
5774,8964
5775,8965
5776,8966
5777,8967
5778,8969
5779,8970
5780,8971
5781,8972
5782,8973
5783,8974
5784,8977
5785,8978
5786,8979
5787,8981
5788,8982
5789,8983
5790,8984
5791,8985
5792,8986
5793,8987
5794,8989
5795,8994
5796,8998
5797,8999
5798,9000
5799,9004
5800,9005
5801,9008
5802,9010
5803,9011
5804,9013
5805,9018
5806,25736
5807,25737
5808,25739
5809,25741
5810,25742
5811,25743
5812,25744
5813,25746
5814,25748
5815,25750
5816,25751
5817,25752
5818,25753
5819,25755
5820,25759
5821,25763
5822,25764
5823,25765
5824,25767
5825,25769
5826,25771
5827,25773
5828,25774
5829,25777
5830,25778
5831,25782
5832,25783
5833,25785
5834,25786
5835,25787
5836,25788
5837,25789
5838,25792
5839,25793
5840,25794
5841,25795
5842,25797
5843,25798
5844,25800
5845,25801
5846,25802
5847,25804
5848,25805
5849,25807
5850,25811
5851,25812
5852,25814
5853,25816
5854,25818
5855,25820
5856,25826
5857,25827
5858,25828
5859,25830
5860,25831
5861,25833
5862,25834
5863,25837
5864,25839
5865,25840
5866,25850
5867,25852
5868,25855
5869,25856
5870,25858
5871,25859
5872,25860
5873,25861
5874,25864
5875,25866
5876,25868
5877,25870
5878,25871
5879,25874
5880,25882
5881,25884
5882,25886
5883,25887
5884,25888
5885,25890
5886,25891
5887,25897
5888,25898
5889,25899
5890,25900
5891,25901
5892,25902
5893,25904
5894,25905
5895,25911
5896,25914
5897,25915
5898,25916
5899,25918
5900,25923
5901,25924
5902,25927
5903,25929
5904,25930
5905,25937
5906,25940
5907,25941
5908,25943
5909,25944
5910,25945
5911,25946
5912,25947
5913,25950
5914,25951
5915,25952
5916,25954
5917,25956
5918,25957
5919,25959
5920,25960
5921,25961
5922,25963
5923,25964
5924,25965
5925,25966
5926,25972
5927,25974
5928,25975
5929,25976
5930,25977
5931,25979
5932,25980
5933,25984
5934,25986
5935,25987
5936,25989
5937,25991
5938,25993
5939,25994
5940,25995
5941,25996
5942,25998
5943,26001
5944,26002
5945,26003
5946,26005
5947,26007
5948,26009
5949,26010
5950,26012
5951,26013
5952,26019
5953,26022
5954,26030
5955,26043
5956,26048
5957,26049
5958,26050
5959,26051
5960,26052
5961,26055
5962,26058
5963,26059
5964,26064
5965,26066
5966,26068
5967,26073
5968,26074
5969,26076
5970,26078
5971,26079
5972,26082
5973,26084
5974,26085
5975,26088
5976,26090
5977,26094
5978,26098
5979,26101
5980,26109
5981,26111
5982,26112
5983,26113
5984,26116
5985,26117
5986,26119
5987,26122
5988,26124
5989,26125
5990,26128
5991,26131
5992,26133
5993,26134
5994,26138
5995,26140
5996,26142
5997,26146
5998,26147
5999,26148
6000,26150
6001,26151
6002,26152
6003,26153
6004,26155
6005,26156
6006,26158
6007,26159
6008,26160
6009,26163
6010,26167
6011,26169
6012,26170
6013,26171
6014,26172
6015,26174
6016,26176
6017,26178
6018,26181
6019,26183
6020,26184
6021,26185
6022,26187
6023,26188
6024,26191
6025,26194
6026,26195
6027,26197
6028,26198
6029,26199
6030,26202
6031,26203
6032,26204
6033,26205
6034,26206
6035,26208
6036,26214
6037,26215
6038,26219
6039,26220
6040,26222
6041,26223
6042,26225
6043,26226
6044,26231
6045,26236
6046,26237
6047,26241
6048,26242
6049,26243
6050,26245
6051,26246
6052,26249
6053,26251
6054,26257
6055,26258
6056,26259
6057,26265
6058,26266
6059,26268
6060,26269
6061,26270
6062,26271
6063,26274
6064,26280
6065,26282
6066,26283
6067,26285
6068,26289
6069,26291
6070,26294
6071,26297
6072,26299
6073,26303
6074,26304
6075,26306
6076,26307
6077,26308
6078,26316
6079,26317
6080,26318
6081,26320
6082,26321
6083,26322
6084,26323
6085,26324
6086,26325
6087,26326
6088,26333
6089,26339
6090,26340
6091,26341
6092,26342
6093,26345
6094,26346
6095,26347
6096,26349
6097,26350
6098,26354
6099,26359
6100,26360
6101,26362
6102,26366
6103,26369
6104,26370
6105,26371
6106,26375
6107,26379
6108,26383
6109,26386
6110,26387
6111,26388
6112,26391
6113,26393
6114,26395
6115,26398
6116,26399
6117,26400
6118,26413
6119,26416
6120,26424
6121,26425
6122,26431
6123,26433
6124,26448
6125,26459
6126,26462
6127,26463
6128,26464
6129,26467
6130,26468
6131,26470
6132,26471
6133,26472
6134,26476
6135,26479
6136,26481
6137,26483
6138,26485
6139,26491
6140,26492
6141,26493
6142,26494
6143,26496
6144,26497
6145,26498
6146,26504
6147,26512
6148,26514
6149,26520
6150,26523
6151,26524
6152,26530
6153,26538
6154,26539
6155,26540
6156,26546
6157,26547
6158,26550
6159,26554
6160,26555
6161,26558
6162,26561
6163,26565
6164,26567
6165,26569
6166,26571
6167,26574
6168,26578
6169,26581
6170,26582
6171,26585
6172,26587
6173,26593
6174,26599
6175,26602
6176,26603
6177,26606
6178,26611
6179,26612
6180,26613
6181,26615
6182,26616
6183,26617
6184,26622
6185,26629
6186,26631
6187,26644
6188,26645
6189,26647
6190,26662
6191,26680
6192,26684
6193,26686
6194,26688
6195,26691
6196,26694
6197,26696
6198,26698
6199,26699
6200,26700
6201,26702
6202,26703
6203,26704
6204,26707
6205,26713
6206,26717
6207,26726
6208,26729
6209,26731
6210,26732
6211,26736
6212,26738
6213,26741
6214,26745
6215,26749
6216,26750
6217,26751
6218,26755
6219,26756
6220,26758
6221,26759
6222,26760
6223,26764
6224,26765
6225,26770
6226,26774
6227,26775
6228,26776
6229,26778
6230,26782
6231,26788
6232,26792
6233,26793
6234,26796
6235,26797
6236,26801
6237,26802
6238,26809
6239,26812
6240,26813
6241,26819
6242,26825
6243,26827
6244,26828
6245,26831
6246,26840
6247,26842
6248,26858
6249,26861
6250,26865
6251,26871
6252,26875
6253,26889
6254,26898
6255,26903
6256,26914
6257,26938
6258,26939
6259,26945
6260,26947
6261,26962
6262,26969
6263,26974
6264,26980
6265,26981
6266,26982
6267,26985
6268,26991
6269,27005
6270,27006
6271,27016
6272,27020
6273,27022
6274,27031
6275,27032
6276,27044
6277,27050
6278,27067
6279,27087
6280,27095
6281,27096
6282,27109
6283,27134
6284,27135
6285,27152
6286,27156
6287,27163
6288,27170
6289,27172
6290,27178
6291,27180
6292,27186
6293,27189
6294,27192
6295,27193
6296,27212
6297,27216
6298,27217
6299,27223
6300,27238
6301,27246
6302,27255
6303,27261
6304,27266
6305,27271
6306,27273
6307,27298
6308,27304
6309,27305
6310,27317
6311,27322
6312,27326
6313,27328
6314,27329
6315,27334
6316,27338
6317,27344
6318,27347
6319,27348
6320,27351
6321,27359
6322,27362
6323,27365
6324,27366
6325,27368
6326,27369
6327,27370
6328,27376
6329,27391
6330,27392
6331,27397
6332,27402
6333,27408
6334,27416
6335,27420
6336,27423
6337,27426
6338,27432
6339,27434
6340,27436
6341,27447
6342,27449
6343,27450
6344,27455
6345,27456
6346,27458
6347,27469
6348,27472
6349,27473
6350,27478
6351,27482
6352,27484
6353,27491
6354,27497
6355,27506
6356,27515
6357,27523
6358,27537
6359,27544
6360,27548
6361,27549
6362,27550
6363,27555
6364,27571
6365,27584
6366,27592
6367,27598
6368,27603
6369,27604
6370,27608
6371,27618
6372,27624
6373,27626
6374,27636
6375,27641
6376,27643
6377,27646
6378,27647
6379,27648
6380,27660
6381,27664
6382,27671
6383,27674
6384,27675
6385,27685
6386,27689
6387,27692
6388,27695
6389,27700
6390,27703
6391,27706
6392,27716
6393,27717
6394,27721
6395,27722
6396,27724
6397,27726
6398,27727
6399,27728
6400,27729
6401,27731
6402,27734
6403,27736
6404,27738
6405,27741
6406,27742
6407,27743
6408,27746
6409,27760
6410,27764
6411,27765
6412,27768
6413,27769
6414,27772
6415,27773
6416,27778
6417,27783
6418,27784
6419,27786
6420,27787
6421,27788
6422,27790
6423,27792
6424,27793
6425,27797
6426,27800
6427,27801
6428,27803
6429,27808
6430,27811
6431,27812
6432,27815
6433,27816
6434,27820
6435,27821
6436,27822
6437,27826
6438,27831
6439,27834
6440,27838
6441,27839
6442,27840
6443,27841
6444,27843
6445,27846
6446,27847
6447,27850
6448,27856
6449,27857
6450,27865
6451,27866
6452,27869
6453,27871
6454,27873
6455,27875
6456,27878
6457,27879
6458,27884
6459,27888
6460,27899
6461,27904
6462,27905
6463,27912
6464,27914
6465,27922
6466,30659
6467,30695
6468,30701
6469,30707
6470,30712
6471,30745
6472,30749
6473,30764
6474,30776
6475,30783
6476,30793
6477,30803
6478,30810
6479,30812
6480,30816
6481,30818
6482,30820
6483,30822
6484,30825
6485,30846
6486,30848
6487,30850
6488,30856
6489,30861
6490,30863
6491,30867
6492,30883
6493,30892
6494,30894
6495,30898
6496,30954
6497,30991
6498,31000
6499,31011
6500,31035
6501,31038
6502,31042
6503,31049
6504,31079
6505,31086
6506,31104
6507,31107
6508,31114
6509,31116
6510,31133
6511,31148
6512,31150
6513,31152
6514,31154
6515,31156
6516,31158
6517,31160
6518,31162
6519,31165
6520,31184
6521,31188
6522,31193
6523,31195
6524,31201
6525,31221
6526,31223
6527,31225
6528,31260
6529,31263
6530,31270
6531,31284
6532,31290
6533,31309
6534,31337
6535,31340
6536,31347
6537,31349
6538,31351
6539,31353
6540,31359
6541,31362
6542,31364
6543,31367
6544,31374
6545,31408
6546,31410
6547,31420
6548,31422
6549,31427
6550,31429
6551,31431
6552,31433
6553,31435
6554,31437
6555,31447
6556,31485
6557,31522
6558,31524
6559,31528
6560,31539
6561,31545
6562,31547
6563,31553
6564,31555
6565,31584
6566,31588
6567,31590
6568,31594
6569,31613
6570,31617
6571,31645
6572,31649
6573,31655
6574,31658
6575,31660
6576,31664
6577,31682
6578,31685
6579,31687
6580,31689
6581,31694
6582,31696
6583,31698
6584,31700
6585,31702
6586,31705
6587,31737
6588,31742
6589,31747
6590,31770
6591,31785
6592,31804
6593,31807
6594,31851
6595,31854
6596,31867
6597,31869
6598,31878
6599,31892
6600,31894
6601,31900
6602,31903
6603,31915
6604,31921
6605,31923
6606,31930
6607,31932
6608,31934
6609,31948
6610,31950
6611,31952
6612,31956
6613,31960
6614,31963
6615,31973
6616,31983
6617,31991
6618,31998
6619,32011
6620,32017
6621,32019
6622,32022
6623,32025
6624,32029
6625,32031
6626,32058
6627,32060
6628,32076
6629,32139
6630,32153
6631,32160
6632,32172
6633,32174
6634,32179
6635,32196
6636,32203
6637,32211
6638,32213
6639,32230
6640,32234
6641,32239
6642,32243
6643,32250
6644,32263
6645,32280
6646,32285
6647,32291
6648,32296
6649,32300
6650,32302
6651,32314
6652,32316
6653,32335
6654,32349
6655,32352
6656,32361
6657,32371
6658,32375
6659,32381
6660,32383
6661,32387
6662,32389
6663,32392
6664,32395
6665,32419
6666,32433
6667,32440
6668,32442
6669,32444
6670,32452
6671,32460
6672,32469
6673,32478
6674,32493
6675,32497
6676,32509
6677,32511
6678,32515
6679,32520
6680,32525
6681,32551
6682,32560
6683,32562
6684,32582
6685,32584
6686,32587
6687,32591
6688,32593
6689,32596
6690,32598
6691,32600
6692,32602
6693,32649
6694,32653
6695,32657
6696,32659
6697,32668
6698,32691
6699,32705
6700,32707
6701,32716
6702,32721
6703,32728
6704,32735
6705,32737
6706,32741
6707,32743
6708,32770
6709,32773
6710,32777
6711,32792
6712,32799
6713,32811
6714,32825
6715,32840
6716,32844
6717,32853
6718,32864
6719,32875
6720,32892
6721,32898
6722,32902
6723,32906
6724,32943
6725,32954
6726,32957
6727,32959
6728,32974
6729,32999
6730,33004
6731,33019
6732,33021
6733,33036
6734,33072
6735,33085
6736,33098
6737,33110
6738,33113
6739,33124
6740,33136
6741,33138
6742,33145
6743,33150
6744,33154
6745,33158
6746,33162
6747,33164
6748,33166
6749,33168
6750,33171
6751,33191
6752,33235
6753,33237
6754,33245
6755,33247
6756,33251
6757,33255
6758,33261
6759,33264
6760,33267
6761,33270
6762,33288
6763,33296
6764,33312
6765,33316
6766,33342
6767,33358
6768,33389
6769,33393
6770,33401
6771,33410
6772,33415
6773,33426
6774,33437
6775,33451
6776,33454
6777,33463
6778,33487
6779,33493
6780,33495
6781,33499
6782,33533
6783,33555
6784,33558
6785,33564
6786,33585
6787,33587
6788,33592
6789,33603
6790,33610
6791,33615
6792,33621
6793,33629
6794,33639
6795,33644
6796,33646
6797,33649
6798,33655
6799,33660
6800,33669
6801,33672
6802,33677
6803,33679
6804,33681
6805,33683
6806,33722
6807,33725
6808,33750
6809,33755
6810,33767
6811,33779
6812,33781
6813,33790
6814,33794
6815,33801
6816,33815
6817,33817
6818,33819
6819,33823
6820,33826
6821,33830
6822,33834
6823,33836
6824,33838
6825,33847
6826,33852
6827,33880
6828,33893
6829,33896
6830,33903
6831,33905
6832,33912
6833,33928
6834,33933
6835,33945
6836,33956
6837,33966
6838,33972
6839,33988
6840,33994
6841,33998
6842,34008
6843,34032
6844,34048
6845,34051
6846,34057
6847,34065
6848,34072
6849,34111
6850,34129
6851,34135
6852,34143
6853,34150
6854,34153
6855,34155
6856,34162
6857,34164
6858,34177
6859,34189
6860,34193
6861,34198
6862,34214
6863,34224
6864,34226
6865,34231
6866,34238
6867,34246
6868,34271
6869,34292
6870,34314
6871,34319
6872,34321
6873,34323
6874,34326
6875,34330
6876,34332
6877,34334
6878,34336
6879,34338
6880,34359
6881,34369
6882,34375
6883,34378
6884,34405
6885,34411
6886,34416
6887,34435
6888,34437
6889,34450
6890,34469
6891,34473
6892,34482
6893,34488
6894,34499
6895,34517
6896,34520
6897,34523
6898,34528
6899,34530
6900,34532
6901,34534
6902,34536
6903,34538
6904,34540
6905,34542
6906,34548
6907,34552
6908,34583
6909,34608
6910,34645
6911,34696
6912,34767
6913,34800
6914,35050
6915,35082
6916,35347
6917,35386
6918,35629
6919,35636
6920,35807
6921,35836
6922,35843
6923,35957
6924,36056
6925,36086
6926,36152
6927,36276
6928,36289
6929,36363
6930,36392
6931,36397
6932,36401
6933,36436
6934,36462
6935,36477
6936,36509
6937,36513
6938,36517
6939,36519
6940,36523
6941,36525
6942,36527
6943,36529
6944,36531
6945,36533
6946,36535
6947,36537
6948,36553
6949,36630
6950,36799
6951,36850
6952,36883
6953,36902
6954,37240
6955,37287
6956,37335
6957,37375
6958,37380
6959,37382
6960,37384
6961,37386
6962,37475
6963,37477
6964,37495
6965,37545
6966,37626
6967,37720
6968,37727
6969,37729
6970,37731
6971,37733
6972,37736
6973,37739
6974,37741
6975,37830
6976,37837
6977,37844
6978,37846
6979,37853
6980,37855
6981,37857
6982,37955
6983,37976
6984,38001
6985,38004
6986,38038
6987,38061
6988,38086
6989,38095
6990,38097
6991,38159
6992,38188
6993,38198
6994,38294
6995,38304
6996,38320
6997,38376
6998,38388
6999,38435
7000,38538
7001,38583
7002,38600
7003,38656
7004,38701
7005,38713
7006,38798
7007,38843
7008,38881
7009,38884
7010,38886
7011,38992
7012,38994
7013,39183
7014,39231
7015,39234
7016,39244
7017,39292
7018,39307
7019,39381
7020,39390
7021,39400
7022,39414
7023,39419
7024,39421
7025,39425
7026,39427
7027,39435
7028,39441
7029,39444
7030,39446
7031,39449
7032,39474
7033,39524
7034,39659
7035,39768
7036,39779
7037,39786
7038,39796
7039,39801
7040,39818
7041,39869
7042,39886
7043,39896
7044,39931
7045,39934
7046,39941
7047,40010
7048,40033
7049,40148
7050,40226
7051,40278
7052,40337
7053,40339
7054,40342
7055,40404
7056,40412
7057,40414
7058,40425
7059,40457
7060,40467
7061,40478
7062,40491
7063,40494
7064,40574
7065,40578
7066,40581
7067,40583
7068,40589
7069,40591
7070,40614
7071,40617
7072,40629
7073,40723
7074,40732
7075,40738
7076,40755
7077,40815
7078,40819
7079,40826
7080,40828
7081,40833
7082,40851
7083,40870
7084,40898
7085,40946
7086,40952
7087,40955
7088,40959
7089,40962
7090,40966
7091,40969
7092,40973
7093,41014
7094,41025
7095,41058
7096,41094
7097,41126
7098,41130
7099,41226
7100,41285
7101,41336
7102,41353
7103,41411
7104,41434
7105,41523
7106,41527
7107,41566
7108,41569
7109,41571
7110,41573
7111,41585
7112,41602
7113,41617
7114,41627
7115,41650
7116,41699
7117,41704
7118,41706
7119,41712
7120,41716
7121,41721
7122,41724
7123,41753
7124,41767
7125,41769
7126,41792
7127,41815
7128,41824
7129,41828
7130,41831
7131,41863
7132,41941
7133,41997
7134,42002
7135,42004
7136,42007
7137,42009
7138,42011
7139,42013
7140,42015
7141,42018
7142,42021
7143,42053
7144,42094
7145,42150
7146,42152
7147,42163
7148,42176
7149,42197
7150,42208
7151,42213
7152,42217
7153,42285
7154,42335
7155,42413
7156,42418
7157,42518
7158,42543
7159,42546
7160,42548
7161,42553
7162,42584
7163,42602
7164,42632
7165,42634
7166,42661
7167,42677
7168,42681
7169,42698
7170,42710
7171,42718
7172,42721
7173,42723
7174,42725
7175,42728
7176,42730
7177,42732
7178,42734
7179,42738
7180,42740
7181,42783
7182,42900
7183,42946
7184,42952
7185,42958
7186,42984
7187,43007
7188,43009
7189,43011
7190,43014
7191,43039
7192,43081
7193,43244
7194,43260
7195,43267
7196,43269
7197,43333
7198,43376
7199,43383
7200,43391
7201,43396
7202,43415
7203,43419
7204,43444
7205,43460
7206,43482
7207,43497
7208,43518
7209,43549
7210,43556
7211,43560
7212,43571
7213,43631
7214,43635
7215,43652
7216,43677
7217,43679
7218,43684
7219,43699
7220,43708
7221,43710
7222,43744
7223,43801
7224,43822
7225,43828
7226,43832
7227,43836
7228,43838
7229,43869
7230,43871
7231,43883
7232,43892
7233,43897
7234,43899
7235,43904
7236,43906
7237,43908
7238,43910
7239,43912
7240,43914
7241,43919
7242,43921
7243,43926
7244,43928
7245,43930
7246,43932
7247,43934
7248,43936
7249,43967
7250,43971
7251,43987
7252,44004
7253,44022
7254,44041
7255,44058
7256,44073
7257,44115
7258,44124
7259,44155
7260,44168
7261,44187
7262,44191
7263,44193
7264,44195
7265,44197
7266,44199
7267,44204
7268,44225
7269,44238
7270,44241
7271,44243
7272,44295
7273,44301
7274,44397
7275,44399
7276,44421
7277,44511
7278,44555
7279,44568
7280,44582
7281,44587
7282,44590
7283,44595
7284,44597
7285,44611
7286,44613
7287,44633
7288,44653
7289,44657
7290,44663
7291,44665
7292,44671
7293,44674
7294,44694
7295,44709
7296,44719
7297,44729
7298,44731
7299,44759
7300,44761
7301,44763
7302,44779
7303,44788
7304,44800
7305,44828
7306,44840
7307,44849
7308,44856
7309,44864
7310,44889
7311,44900
7312,44911
7313,44929
7314,44931
7315,44937
7316,44947
7317,44949
7318,44972
7319,44974
7320,45000
7321,45003
7322,45028
7323,45062
7324,45068
7325,45074
7326,45079
7327,45081
7328,45100
7329,45106
7330,45134
7331,45137
7332,45170
7333,45172
7334,45175
7335,45179
7336,45183
7337,45186
7338,45194
7339,45208
7340,45210
7341,45221
7342,45259
7343,45303
7344,45329
7345,45361
7346,45382
7347,45412
7348,45431
7349,45440
7350,45442
7351,45447
7352,45499
7353,45501
7354,45503
7355,45506
7356,45508
7357,45512
7358,45517
7359,45521
7360,45533
7361,45550
7362,45611
7363,45635
7364,45642
7365,45658
7366,45662
7367,45666
7368,45668
7369,45672
7370,45679
7371,45720
7372,45722
7373,45726
7374,45728
7375,45730
7376,45732
7377,45837
7378,45845
7379,45852
7380,45880
7381,45891
7382,45928
7383,45940
7384,45950
7385,45969
7386,45991
7387,46062
7388,46083
7389,46201
7390,46231
7391,46322
7392,46335
7393,46347
7394,46363
7395,46372
7396,46530
7397,46544
7398,46559
7399,46561
7400,46578
7401,46588
7402,46627
7403,46634
7404,46664
7405,46723
7406,46748
7407,46753
7408,46765
7409,46772
7410,46788
7411,46803
7412,46850
7413,46855
7414,46865
7415,46869
7416,46880
7417,46910
7418,46915
7419,46919
7420,46948
7421,46952
7422,46959
7423,46961
7424,46965
7425,46967
7426,46970
7427,46972
7428,46974
7429,46976
7430,47044
7431,47054
7432,47063
7433,47084
7434,47092
7435,47099
7436,47117
7437,47122
7438,47124
7439,47146
7440,47150
7441,47152
7442,47165
7443,47180
7444,47196
7445,47200
7446,47202
7447,47237
7448,47248
7449,47254
7450,47261
7451,47264
7452,47274
7453,47277
7454,47287
7455,47306
7456,47330
7457,47356
7458,47382
7459,47384
7460,47394
7461,47404
7462,47423
7463,47446
7464,47452
7465,47460
7466,47465
7467,47482
7468,47491
7469,47503
7470,47518
7471,47525
7472,47566
7473,47601
7474,47610
7475,47629
7476,47634
7477,47640
7478,47642
7479,47644
7480,47646
7481,47665
7482,47670
7483,47707
7484,47714
7485,47719
7486,47721
7487,47725
7488,47728
7489,47736
7490,47774
7491,47778
7492,47793
7493,47805
7494,47810
7495,47830
7496,47868
7497,47894
7498,47902
7499,47904
7500,47907
7501,47927
7502,47935
7503,47937
7504,47940
7505,47950
7506,47952
7507,47956
7508,47970
7509,47972
7510,47997
7511,47999
7512,48032
7513,48035
7514,48043
7515,48045
7516,48059
7517,48061
7518,48082
7519,48093
7520,48123
7521,48161
7522,48165
7523,48167
7524,48177
7525,48193
7526,48214
7527,48229
7528,48231
7529,48242
7530,48262
7531,48299
7532,48301
7533,48304
7534,48322
7535,48326
7536,48342
7537,48374
7538,48385
7539,48394
7540,48407
7541,48412
7542,48414
7543,48416
7544,48458
7545,48501
7546,48516
7547,48518
7548,48520
7549,48522
7550,48528
7551,48530
7552,48536
7553,48543
7554,48560
7555,48575
7556,48593
7557,48596
7558,48600
7559,48626
7560,48642
7561,48660
7562,48673
7563,48678
7564,48682
7565,48696
7566,48698
7567,48700
7568,48704
7569,48711
7570,48738
7571,48744
7572,48774
7573,48780
7574,48783
7575,48791
7576,48825
7577,48856
7578,48872
7579,48879
7580,48883
7581,48901
7582,48957
7583,48972
7584,48982
7585,48997
7586,49007
7587,49060
7588,49063
7589,49082
7590,49085
7591,49098
7592,49110
7593,49130
7594,49132
7595,49220
7596,49225
7597,49265
7598,49272
7599,49274
7600,49276
7601,49278
7602,49280
7603,49284
7604,49286
7605,49299
7606,49312
7607,49314
7608,49347
7609,49355
7610,49359
7611,49371
7612,49389
7613,49394
7614,49396
7615,49412
7616,49422
7617,49435
7618,49524
7619,49528
7620,49530
7621,49571
7622,49593
7623,49642
7624,49647
7625,49649
7626,49651
7627,49666
7628,49688
7629,49691
7630,49739
7631,49746
7632,49752
7633,49757
7634,49769
7635,49772
7636,49793
7637,49817
7638,49822
7639,49824
7640,49856
7641,49872
7642,49899
7643,49902
7644,49910
7645,49917
7646,49929
7647,49932
7648,49957
7649,49961
7650,49973
7651,49994
7652,50003
7653,50005
7654,50011
7655,50064
7656,50066
7657,50068
7658,50147
7659,50149
7660,50151
7661,50153
7662,50160
7663,50162
7664,50183
7665,50229
7666,50253
7667,50259
7668,50271
7669,50274
7670,50347
7671,50354
7672,50440
7673,50442
7674,50445
7675,50447
7676,50477
7677,50514
7678,50533
7679,50541
7680,50572
7681,50583
7682,50585
7683,50594
7684,50601
7685,50610
7686,50615
7687,50641
7688,50651
7689,50685
7690,50703
7691,50705
7692,50740
7693,50754
7694,50792
7695,50794
7696,50796
7697,50798
7698,50800
7699,50802
7700,50804
7701,50806
7702,50828
7703,50842
7704,50851
7705,50872
7706,50886
7707,50892
7708,50898
7709,50912
7710,50923
7711,50944
7712,50949
7713,50954
7714,51007
7715,51037
7716,51044
7717,51063
7718,51077
7719,51080
7720,51084
7721,51086
7722,51088
7723,51091
7724,51119
7725,51127
7726,51167
7727,51174
7728,51182
7729,51185
7730,51187
7731,51207
7732,51209
7733,51246
7734,51249
7735,51251
7736,51255
7737,51277
7738,51287
7739,51302
7740,51312
7741,51317
7742,51341
7743,51354
7744,51357
7745,51372
7746,51380
7747,51402
7748,51412
7749,51418
7750,51455
7751,51471
7752,51486
7753,51498
7754,51503
7755,51520
7756,51528
7757,51540
7758,51559
7759,51573
7760,51575
7761,51579
7762,51605
7763,51619
7764,51638
7765,51660
7766,51662
7767,51666
7768,51691
7769,51694
7770,51698
7771,51705
7772,51709
7773,51773
7774,51834
7775,51857
7776,51884
7777,51886
7778,51891
7779,51894
7780,51911
7781,51917
7782,51925
7783,51927
7784,51931
7785,51935
7786,51937
7787,51939
7788,51991
7789,52016
7790,52037
7791,52042
7792,52088
7793,52104
7794,52106
7795,52153
7796,52170
7797,52202
7798,52241
7799,52245
7800,52279
7801,52281
7802,52283
7803,52287
7804,52299
7805,52319
7806,52321
7807,52326
7808,52328
7809,52352
7810,52356
7811,52365
7812,52375
7813,52413
7814,52418
7815,52427
7816,52435
7817,52443
7818,52456
7819,52458
7820,52460
7821,52462
7822,52489
7823,52495
7824,52528
7825,52545
7826,52570
7827,52579
7828,52591
7829,52604
7830,52606
7831,52644
7832,52666
7833,52668
7834,52694
7835,52712
7836,52717
7837,52722
7838,52724
7839,52742
7840,52767
7841,52781
7842,52784
7843,52806
7844,52813
7845,52831
7846,52838
7847,52858
7848,52867
7849,52885
7850,52929
7851,52952
7852,52956
7853,52967
7854,52973
7855,52975
7856,52980
7857,53000
7858,53002
7859,53004
7860,53022
7861,53024
7862,53121
7863,53123
7864,53125
7865,53127
7866,53129
7867,53131
7868,53138
7869,53140
7870,53143
7871,53161
7872,53189
7873,53207
7874,53282
7875,53318
7876,53322
7877,53326
7878,53349
7879,53355
7880,53375
7881,53406
7882,53435
7883,53443
7884,53453
7885,53460
7886,53464
7887,53466
7888,53468
7889,53476
7890,53498
7891,53519
7892,53550
7893,53569
7894,53582
7895,53592
7896,53737
7897,53766
7898,53769
7899,53788
7900,53827
7901,53835
7902,53849
7903,53855
7904,53859
7905,53873
7906,53880
7907,53883
7908,53885
7909,53894
7910,53916
7911,53921
7912,53953
7913,53956
7914,53967
7915,53972
7916,53974
7917,53988
7918,53993
7919,53996
7920,53999
7921,54001
7922,54004
7923,54075
7924,54094
7925,54116
7926,54121
7927,54144
7928,54171
7929,54185
7930,54190
7931,54193
7932,54196
7933,54229
7934,54243
7935,54248
7936,54256
7937,54259
7938,54268
7939,54270
7940,54272
7941,54274
7942,54276
7943,54281
7944,54286
7945,54290
7946,54326
7947,54328
7948,54331
7949,54354
7950,54372
7951,54378
7952,54406
7953,54426
7954,54501
7955,54503
7956,54505
7957,54510
7958,54513
7959,54519
7960,54554
7961,54580
7962,54605
7963,54607
7964,54621
7965,54648
7966,54652
7967,54686
7968,54732
7969,54734
7970,54736
7971,54745
7972,54771
7973,54775
7974,54780
7975,54783
7976,54785
7977,54787
7978,54796
7979,54872
7980,54878
7981,54881
7982,54910
7983,54958
7984,54962
7985,54964
7986,54967
7987,54978
7988,54986
7989,54995
7990,54997
7991,54999
7992,55040
7993,55052
7994,55063
7995,55067
7996,55069
7997,55071
7998,55080
7999,55094
8000,55098
8001,55106
8002,55112
8003,55116
8004,55118
8005,55132
8006,55154
8007,55156
8008,55159
8009,55167
8010,55176
8011,55190
8012,55205
8013,55207
8014,55209
8015,55226
8016,55232
8017,55241
8018,55245
8019,55247
8020,55250
8021,55253
8022,55257
8023,55259
8024,55267
8025,55269
8026,55272
8027,55274
8028,55276
8029,55278
8030,55280
8031,55282
8032,55284
8033,55286
8034,55288
8035,55290
8036,55294
8037,55360
8038,55363
8039,55369
8040,55373
8041,55389
8042,55391
8043,55402
8044,55417
8045,55419
8046,55440
8047,55442
8048,55444
8049,55451
8050,55460
8051,55467
8052,55492
8053,55498
8054,55553
8055,55555
8056,55577
8057,55620
8058,55626
8059,55628
8060,55652
8061,55659
8062,55671
8063,55681
8064,55687
8065,55691
8066,55705
8067,55721
8068,55726
8069,55729
8070,55732
8071,55757
8072,55765
8073,55768
8074,55805
8075,55814
8076,55820
8077,55826
8078,55830
8079,55851
8080,55854
8081,55856
8082,55872
8083,55875
8084,55895
8085,55901
8086,55908
8087,55946
8088,55955
8089,55995
8090,55999
8091,56001
8092,56003
8093,56009
8094,56015
8095,56022
8096,56060
8097,56079
8098,56093
8099,56095
8100,56098
8101,56141
8102,56145
8103,56152
8104,56156
8105,56158
8106,56165
8107,56167
8108,56169
8109,56171
8110,56174
8111,56176
8112,56274
8113,56286
8114,56331
8115,56333
8116,56339
8117,56350
8118,56367
8119,56372
8120,56389
8121,56432
8122,56449
8123,56474
8124,56479
8125,56485
8126,56490
8127,56508
8128,56515
8129,56551
8130,56561
8131,56563
8132,56587
8133,56602
8134,56607
8135,56616
8136,56620
8137,56631
8138,56633
8139,56651
8140,56671
8141,56702
8142,56715
8143,56719
8144,56744
8145,56757
8146,56775
8147,56779
8148,56782
8149,56786
8150,56788
8151,56797
8152,56801
8153,56805
8154,56835
8155,56846
8156,56869
8157,56885
8158,56888
8159,56908
8160,56931
8161,56941
8162,56949
8163,56959
8164,57027
8165,57038
8166,57044
8167,57069
8168,57147
8169,57183
8170,57209
8171,57243
8172,57274
8173,57326
8174,57357
8175,57368
8176,57370
8177,57393
8178,57401
8179,57421
8180,57439
8181,57453
8182,57464
8183,57476
8184,57478
8185,57482
8186,57499
8187,57502
8188,57504
8189,57520
8190,57522
8191,57526
8192,57528
8193,57530
8194,57532
8195,57534
8196,57536
8197,57538
8198,57543
8199,57550
8200,57637
8201,57640
8202,57669
8203,57690
8204,57695
8205,57706
8206,57772
8207,57774
8208,57776
8209,57792
8210,57910
8211,57940
8212,57949
8213,57951
8214,57960
8215,57980
8216,57991
8217,57996
8218,58003
8219,58007
8220,58025
8221,58047
8222,58059
8223,58081
8224,58103
8225,58105
8226,58107
8227,58111
8228,58123
8229,58136
8230,58154
8231,58156
8232,58162
8233,58174
8234,58185
8235,58191
8236,58207
8237,58223
8238,58291
8239,58293
8240,58295
8241,58297
8242,58299
8243,58301
8244,58303
8245,58306
8246,58309
8247,58315
8248,58332
8249,58334
8250,58347
8251,58351
8252,58376
8253,58379
8254,58381
8255,58409
8256,58425
8257,58432
8258,58439
8259,58485
8260,58490
8261,58492
8262,58494
8263,58509
8264,58520
8265,58554
8266,58559
8267,58576
8268,58578
8269,58610
8270,58622
8271,58627
8272,58649
8273,58652
8274,58706
8275,58718
8276,58722
8277,58740
8278,58760
8279,58774
8280,58783
8281,58803
8282,58806
8283,58808
8284,58816
8285,58850
8286,58874
8287,58879
8288,58889
8289,58933
8290,58939
8291,58964
8292,58972
8293,58975
8294,58992
8295,58998
8296,59000
8297,59014
8298,59016
8299,59018
8300,59022
8301,59026
8302,59037
8303,59040
8304,59103
8305,59105
8306,59107
8307,59116
8308,59118
8309,59126
8310,59129
8311,59136
8312,59141
8313,59143
8314,59178
8315,59216
8316,59220
8317,59256
8318,59258
8319,59295
8320,59306
8321,59313
8322,59315
8323,59333
8324,59336
8325,59339
8326,59366
8327,59369
8328,59382
8329,59387
8330,59404
8331,59418
8332,59421
8333,59440
8334,59463
8335,59485
8336,59501
8337,59519
8338,59527
8339,59549
8340,59590
8341,59602
8342,59604
8343,59607
8344,59615
8345,59655
8346,59680
8347,59684
8348,59705
8349,59709
8350,59715
8351,59721
8352,59725
8353,59727
8354,59729
8355,59731
8356,59738
8357,59753
8358,59784
8359,59795
8360,59810
8361,59814
8362,59832
8363,59838
8364,59844
8365,59850
8366,59888
8367,59900
8368,59908
8369,59910
8370,59915
8371,59938
8372,59942
8373,59960
8374,59974
8375,59976
8376,59985
8377,59988
8378,59995
8379,60007
8380,60020
8381,60037
8382,60040
8383,60046
8384,60069
8385,60072
8386,60074
8387,60103
8388,60106
8389,60126
8390,60128
8391,60133
8392,60137
8393,60179
8394,60183
8395,60201
8396,60225
8397,60227
8398,60240
8399,60243
8400,60289
8401,60291
8402,60293
8403,60295
8404,60303
8405,60309
8406,60322
8407,60333
8408,60336
8409,60338
8410,60363
8411,60382
8412,60384
8413,60389
8414,60393
8415,60397
8416,60408
8417,60411
8418,60421
8419,60450
8420,60463
8421,60469
8422,60471
8423,60479
8424,60482
8425,60484
8426,60487
8427,60503
8428,60508
8429,60514
8430,60516
8431,60522
8432,60526
8433,60530
8434,60538
8435,60546
8436,60585
8437,60609
8438,60641
8439,60647
8440,60649
8441,60654
8442,60684
8443,60735
8444,60745
8445,60753
8446,60756
8447,60758
8448,60760
8449,60766
8450,60803
8451,60825
8452,60827
8453,60832
8454,60857
8455,60887
8456,60894
8457,60937
8458,60939
8459,60941
8460,60943
8461,60948
8462,60950
8463,60990
8464,60992
8465,61004
8466,61013
8467,61018
8468,61024
8469,61026
8470,61037
8471,61041
8472,61071
8473,61073
8474,61075
8475,61100
8476,61116
8477,61132
8478,61160
8479,61167
8480,61206
8481,61210
8482,61236
8483,61240
8484,61246
8485,61248
8486,61250
8487,61255
8488,61257
8489,61262
8490,61279
8491,61289
8492,61319
8493,61323
8494,61348
8495,61350
8496,61352
8497,61357
8498,61373
8499,61398
8500,61401
8501,61406
8502,61449
8503,61465
8504,61467
8505,61493
8506,61553
8507,61567
8508,61638
8509,61646
8510,61678
8511,61692
8512,61697
8513,61705
8514,61724
8515,61729
8516,61742
8517,61818
8518,61862
8519,61913
8520,61937
8521,61941
8522,61950
8523,61967
8524,61991
8525,61994
8526,62054
8527,62081
8528,62115
8529,62137
8530,62155
8531,62198
8532,62203
8533,62213
8534,62245
8535,62250
8536,62254
8537,62265
8538,62293
8539,62344
8540,62374
8541,62376
8542,62378
8543,62394
8544,62434
8545,62437
8546,62439
8547,62467
8548,62511
8549,62514
8550,62553
8551,62577
8552,62586
8553,62644
8554,62662
8555,62669
8556,62718
8557,62729
8558,62733
8559,62764
8560,62796
8561,62799
8562,62801
8563,62803
8564,62834
8565,62836
8566,62847
8567,62849
8568,62851
8569,62912
8570,62916
8571,62925
8572,62953
8573,62974
8574,62999
8575,63001
8576,63033
8577,63062
8578,63072
8579,63082
8580,63113
8581,63119
8582,63121
8583,63131
8584,63181
8585,63189
8586,63222
8587,63239
8588,63276
8589,63310
8590,63312
8591,63393
8592,63436
8593,63446
8594,63458
8595,63479
8596,63540
8597,63617
8598,63676
8599,63781
8600,63793
8601,63808
8602,63810
8603,63826
8604,63853
8605,63859
8606,63876
8607,63992
8608,64010
8609,64030
8610,64032
8611,64034
8612,64037
8613,64099
8614,64114
8615,64116
8616,64167
8617,64197
8618,64229
8619,64231
8620,64234
8621,64241
8622,64273
8623,64275
8624,64278
8625,64285
8626,64325
8627,64368
8628,64418
8629,64424
8630,64497
8631,64499
8632,64501
8633,64511
8634,64517
8635,64519
8636,64522
8637,64524
8638,64548
8639,64552
8640,64575
8641,64614
8642,64620
8643,64622
8644,64695
8645,64701
8646,64716
8647,64754
8648,64839
8649,64845
8650,64897
8651,64921
8652,64942
8653,64957
8654,64969
8655,64979
8656,64983
8657,64990
8658,64993
8659,64997
8660,65011
8661,65051
8662,65088
8663,65126
8664,65130
8665,65133
8666,65142
8667,65188
8668,65193
8669,65216
8670,65230
8671,65259
8672,65261
8673,65263
8674,65293
8675,65300
8676,65357
8677,65359
8678,65381
8679,65418
8680,65465
8681,65514
8682,65518
8683,65552
8684,65556
8685,65567
8686,65577
8687,65585
8688,65588
8689,65596
8690,65601
8691,65612
8692,65614
8693,65631
8694,65642
8695,65651
8696,65660
8697,65669
8698,65672
8699,65682
8700,65685
8701,65702
8702,65709
8703,65729
8704,65796
8705,65802
8706,65810
8707,65813
8708,65868
8709,65882
8710,65899
8711,65907
8712,65932
8713,65935
8714,65974
8715,65982
8716,66019
8717,66025
8718,66066
8719,66068
8720,66090
8721,66097
8722,66105
8723,66118
8724,66130
8725,66152
8726,66171
8727,66198
8728,66200
8729,66203
8730,66304
8731,66310
8732,66317
8733,66323
8734,66335
8735,66339
8736,66365
8737,66371
8738,66385
8739,66389
8740,66509
8741,66511
8742,66544
8743,66547
8744,66596
8745,66618
8746,66620
8747,66639
8748,66655
8749,66659
8750,66665
8751,66720
8752,66744
8753,66758
8754,66762
8755,66783
8756,66785
8757,66798
8758,66808
8759,66813
8760,66854
8761,66857
8762,66870
8763,66904
8764,66915
8765,66934
8766,66977
8767,66979
8768,66981
8769,67073
8770,67087
8771,67138
8772,67140
8773,67168
8774,67186
8775,67193
8776,67197
8777,67247
8778,67252
8779,67255
8780,67267
8781,67314
8782,67354
8783,67361
8784,67370
8785,67408
8786,67420
8787,67422
8788,67429
8789,67457
8790,67464
8791,67508
8792,67534
8793,67620
8794,67624
8795,67657
8796,67665
8797,67695
8798,67702
8799,67734
8800,67744
8801,67748
8802,67784
8803,67788
8804,67792
8805,67799
8806,67801
8807,67847
8808,67867
8809,67869
8810,67890
8811,67892
8812,67923
8813,67927
8814,67929
8815,67931
8816,67949
8817,67957
8818,67997
8819,67999
8820,68028
8821,68073
8822,68099
8823,68115
8824,68135
8825,68137
8826,68153
8827,68157
8828,68159
8829,68163
8830,68168
8831,68173
8832,68180
8833,68194
8834,68205
8835,68214
8836,68233
8837,68237
8838,68269
8839,68271
8840,68273
8841,68288
8842,68314
8843,68319
8844,68324
8845,68339
8846,68347
8847,68358
8848,68411
8849,68444
8850,68472
8851,68474
8852,68486
8853,68498
8854,68517
8855,68519
8856,68522
8857,68536
8858,68548
8859,68552
8860,68554
8861,68597
8862,68647
8863,68650
8864,68653
8865,68659
8866,68674
8867,68685
8868,68690
8869,68749
8870,68791
8871,68793
8872,68833
8873,68835
8874,68838
8875,68848
8876,68853
8877,68868
8878,68872
8879,68874
8880,68884
8881,68899
8882,68901
8883,68915
8884,68919
8885,68932
8886,68941
8887,68952
8888,68954
8889,68956
8890,68959
8891,68963
8892,68965
8893,68967
8894,68974
8895,69005
8896,69027
8897,69042
8898,69069
8899,69122
8900,69134
8901,69136
8902,69140
8903,69159
8904,69169
8905,69187
8906,69219
8907,69241
8908,69251
8909,69253
8910,69275
8911,69278
8912,69304
8913,69306
8914,69324
8915,69356
8916,69372
8917,69394
8918,69406
8919,69421
8920,69429
8921,69436
8922,69438
8923,69448
8924,69453
8925,69460
8926,69466
8927,69469
8928,69481
8929,69483
8930,69493
8931,69495
8932,69498
8933,69509
8934,69524
8935,69526
8936,69529
8937,69542
8938,69545
8939,69552
8940,69574
8941,69604
8942,69606
8943,69626
8944,69640
8945,69644
8946,69654
8947,69666
8948,69699
8949,69704
8950,69712
8951,69714
8952,69729
8953,69744
8954,69746
8955,69753
8956,69757
8957,69761
8958,69768
8959,69771
8960,69773
8961,69784
8962,69786
8963,69805
8964,69809
8965,69830
8966,69842
8967,69844
8968,69849
8969,69904
8970,69906
8971,69908
8972,69911
8973,69926
8974,69928
8975,69934
8976,69949
8977,69951
8978,69964
8979,69971
8980,69986
8981,69988
8982,70015
8983,70032
8984,70046
8985,70157
8986,70159
8987,70173
8988,70183
8989,70186
8990,70201
8991,70206
8992,70208
8993,70223
8994,70282
8995,70286
8996,70293
8997,70295
8998,70301
8999,70305
9000,70315
9001,70334
9002,70336
9003,70342
9004,70344
9005,70361
9006,70366
9007,70370
9008,70374
9009,70451
9010,70492
9011,70497
9012,70533
9013,70543
9014,70545
9015,70567
9016,70595
9017,70599
9018,70607
9019,70637
9020,70641
9021,70643
9022,70649
9023,70663
9024,70670
9025,70682
9026,70687
9027,70689
9028,70695
9029,70697
9030,70703
9031,70708
9032,70712
9033,70728
9034,70730
9035,70769
9036,70802
9037,70804
9038,70806
9039,70831
9040,70833
9041,70839
9042,70849
9043,70862
9044,70871
9045,70898
9046,70912
9047,70920
9048,70927
9049,70932
9050,70948
9051,70961
9052,70970
9053,70978
9054,70984
9055,70992
9056,70994
9057,71011
9058,71027
9059,71033
9060,71057
9061,71067
9062,71102
9063,71106
9064,71108
9065,71116
9066,71129
9067,71131
9068,71133
9069,71135
9070,71147
9071,71154
9072,71156
9073,71164
9074,71168
9075,71170
9076,71178
9077,71189
9078,71199
9079,71205
9080,71211
9081,71239
9082,71246
9083,71248
9084,71252
9085,71254
9086,71264
9087,71282
9088,71302
9089,71304
9090,71318
9091,71322
9092,71327
9093,71361
9094,71363
9095,71372
9096,71374
9097,71376
9098,71379
9099,71390
9100,71404
9101,71409
9102,71418
9103,71429
9104,71433
9105,71438
9106,71442
9107,71444
9108,71446
9109,71448
9110,71450
9111,71460
9112,71462
9113,71464
9114,71466
9115,71482
9116,71484
9117,71488
9118,71494
9119,71497
9120,71500
9121,71518
9122,71520
9123,71530
9124,71535
9125,71542
9126,71550
9127,71573
9128,71579
9129,71619
9130,71634
9131,71640
9132,71668
9133,71670
9134,71677
9135,71685
9136,71688
9137,71691
9138,71693
9139,71695
9140,71700
9141,71732
9142,71738
9143,71740
9144,71745
9145,71748
9146,71750
9147,71779
9148,71817
9149,71821
9150,71823
9151,71838
9152,71867
9153,71876
9154,71878
9155,71902
9156,71910
9157,71928
9158,71938
9159,71940
9160,71973
9161,71978
9162,71986
9163,71991
9164,71999
9165,72011
9166,72018
9167,72032
9168,72035
9169,72041
9170,72102
9171,72104
9172,72117
9173,72124
9174,72129
9175,72131
9176,72153
9177,72156
9178,72159
9179,72165
9180,72167
9181,72169
9182,72171
9183,72176
9184,72204
9185,72216
9186,72224
9187,72226
9188,72228
9189,72235
9190,72258
9191,72283
9192,72287
9193,72294
9194,72302
9195,72304
9196,72310
9197,72325
9198,72327
9199,72332
9200,72334
9201,72342
9202,72356
9203,72360
9204,72369
9205,72378
9206,72380
9207,72386
9208,72393
9209,72395
9210,72405
9211,72407
9212,72479
9213,72485
9214,72489
9215,72514
9216,72557
9217,72559
9218,72571
9219,72583
9220,72585
9221,72601
9222,72605
9223,72607
9224,72621
9225,72626
9226,72630
9227,72641
9228,72647
9229,72672
9230,72683
9231,72692
9232,72694
9233,72696
9234,72701
9235,72703
9236,72712
9237,72718
9238,72720
9239,72726
9240,72731
9241,72733
9242,72735
9243,72737
9244,72741
9245,72781
9246,72787
9247,72844
9248,72846
9249,72848
9250,72852
9251,72854
9252,72856
9253,72866
9254,72874
9255,72876
9256,72880
9257,72883
9258,72904
9259,72908
9260,72913
9261,72915
9262,72919
9263,72931
9264,72947
9265,72980
9266,72998
9267,73000
9268,73010
9269,73015
9270,73017
9271,73023
9272,73027
9273,73042
9274,73051
9275,73064
9276,73089
9277,73101
9278,73117
9279,73141
9280,73152
9281,73160
9282,73168
9283,73183
9284,73188
9285,73198
9286,73208
9287,73211
9288,73261
9289,73266
9290,73268
9291,73270
9292,73276
9293,73290
9294,73317
9295,73319
9296,73321
9297,73323
9298,73334
9299,73344
9300,73359
9301,73370
9302,73386
9303,73392
9304,73447
9305,73457
9306,73460
9307,73480
9308,73488
9309,73499
9310,73501
9311,73513
9312,73515
9313,73523
9314,73529
9315,73572
9316,73587
9317,73590
9318,73608
9319,73641
9320,73664
9321,73681
9322,73708
9323,73713
9324,73718
9325,73730
9326,73741
9327,73772
9328,73774
9329,73778
9330,73782
9331,73804
9332,73808
9333,73822
9334,73826
9335,73829
9336,73851
9337,73854
9338,73860
9339,73868
9340,73879
9341,73881
9342,73914
9343,73929
9344,73967
9345,73978
9346,73981
9347,73983
9348,73987
9349,74014
9350,74089
9351,74097
9352,74115
9353,74141
9354,74150
9355,74152
9356,74154
9357,74156
9358,74161
9359,74226
9360,74228
9361,74266
9362,74271
9363,74275
9364,74306
9365,74327
9366,74355
9367,74370
9368,74382
9369,74404
9370,74416
9371,74428
9372,74431
9373,74436
9374,74448
9375,74450
9376,74452
9377,74456
9378,74458
9379,74475
9380,74480
9381,74484
9382,74486
9383,74488
9384,74493
9385,74508
9386,74510
9387,74530
9388,74532
9389,74541
9390,74545
9391,74553
9392,74573
9393,74580
9394,74582
9395,74619
9396,74624
9397,74649
9398,74653
9399,74668
9400,74677
9401,74681
9402,74683
9403,74685
9404,74688
9405,74696
9406,74698
9407,74701
9408,74727
9409,74731
9410,74740
9411,74750
9412,74754
9413,74787
9414,74789
9415,74791
9416,74795
9417,74820
9418,74827
9419,74851
9420,74868
9421,74870
9422,74916
9423,74946
9424,74948
9425,75341
9426,75345
9427,75351
9428,75362
9429,75395
9430,75397
9431,75404
9432,75414
9433,75423
9434,75425
9435,75428
9436,75436
9437,75443
9438,75446
9439,75805
9440,75813
9441,75825
9442,75831
9443,75938
9444,75940
9445,75947
9446,75950
9447,75962
9448,75977
9449,75981
9450,75983
9451,75985
9452,75990
9453,75992
9454,75994
9455,76022
9456,76030
9457,76049
9458,76054
9459,76060
9460,76063
9461,76077
9462,76079
9463,76085
9464,76087
9465,76089
9466,76091
9467,76093
9468,76108
9469,76111
9470,76117
9471,76119
9472,76127
9473,76134
9474,76137
9475,76143
9476,76158
9477,76163
9478,76171
9479,76173
9480,76175
9481,76187
9482,76208
9483,76210
9484,76244
9485,76251
9486,76288
9487,76293
9488,76298
9489,76312
9490,76317
9491,76714
9492,76716
9493,76738
9494,76743
9495,76747
9496,76758
9497,76763
9498,76772
9499,76776
9500,76808
9501,76811
9502,76814
9503,76818
9504,76836
9505,76860
9506,76873
9507,77143
9508,77149
9509,77154
9510,77162
9511,77177
9512,77181
9513,77184
9514,77191
9515,77201
9516,77206
9517,77208
9518,77210
9519,77217
9520,77233
9521,77240
9522,77259
9523,77264
9524,77266
9525,77307
9526,77312
9527,77316
9528,77328
9529,77330
9530,77339
9531,77357
9532,77359
9533,77364
9534,77414
9535,77416
9536,77421
9537,77427
9538,77449
9539,77455
9540,77479
9541,77481
9542,77496
9543,77509
9544,77517
9545,77540
9546,77550
9547,77561
9548,77596
9549,77629
9550,77665
9551,77667
9552,77709
9553,77711
9554,77719
9555,77772
9556,77774
9557,77780
9558,77783
9559,77795
9560,77798
9561,77800
9562,77804
9563,77808
9564,77820
9565,77829
9566,77833
9567,77837
9568,77843
9569,77846
9570,77854
9571,77866
9572,77875
9573,77881
9574,77891
9575,77899
9576,77907
9577,77919
9578,77944
9579,77947
9580,77951
9581,77966
9582,77968
9583,77979
9584,77981
9585,77983
9586,77990
9587,78003
9588,78009
9589,78014
9590,78019
9591,78034
9592,78039
9593,78041
9594,78049
9595,78057
9596,78064
9597,78071
9598,78081
9599,78088
9600,78090
9601,78097
9602,78103
9603,78105
9604,78124
9605,78142
9606,78168
9607,78170
9608,78174
9609,78181
9610,78186
9611,78192
9612,78209
9613,78218
9614,78245
9615,78247
9616,78251
9617,78264
9618,78266
9619,78268
9620,78270
9621,78272
9622,78276
9623,78278
9624,78290
9625,78295
9626,78316
9627,78329
9628,78332
9629,78335
9630,78337
9631,78340
9632,78342
9633,78344
9634,78349
9635,78358
9636,78376
9637,78381
9638,78410
9639,78418
9640,78420
9641,78445
9642,78459
9643,78463
9644,78467
9645,78469
9646,78483
9647,78499
9648,78517
9649,78519
9650,78534
9651,78574
9652,78606
9653,78612
9654,78618
9655,78626
9656,78629
9657,78635
9658,78637
9659,78653
9660,78666
9661,78679
9662,78681
9663,78703
9664,78715
9665,78721
9666,78723
9667,78729
9668,78746
9669,78748
9670,78759
9671,78772
9672,78774
9673,78836
9674,78856
9675,78860
9676,78893
9677,78903
9678,78905
9679,78921
9680,78955
9681,78967
9682,78978
9683,78982
9684,78986
9685,78993
9686,79006
9687,79035
9688,79045
9689,79057
9690,79060
9691,79063
9692,79067
9693,79073
9694,79091
9695,79094
9696,79132
9697,79134
9698,79139
9699,79185
9700,79197
9701,79207
9702,79224
9703,79226
9704,79232
9705,79242
9706,79247
9707,79251
9708,79254
9709,79287
9710,79293
9711,79299
9712,79318
9713,79327
9714,79337
9715,79339
9716,79357
9717,79395
9718,79397
9719,79402
9720,79428
9721,79467
9722,79498
9723,79505
9724,79507
9725,79521
9726,79528
9727,79541
9728,79545
9729,79551
9730,79553
9731,79561
9732,79570
9733,79572
9734,79578
9735,79588
9736,79590
9737,79592
9738,79633
9739,79642
9740,79647
9741,79667
9742,79681
9743,79684
9744,79692
9745,79695
9746,79702
9747,79711
9748,79720
9749,79760
9750,79769
9751,79775
9752,79796
9753,79798
9754,79800
9755,79807
9756,79809
9757,79824
9758,79832
9759,79842
9760,79855
9761,79860
9762,79863
9763,79868
9764,79870
9765,79872
9766,79879
9767,79884
9768,79895
9769,79897
9770,79916
9771,79918
9772,79925
9773,79946
9774,79955
9775,79972
9776,79987
9777,79994
9778,79996
9779,80026
9780,80033
9781,80044
9782,80049
9783,80083
9784,80094
9785,80097
9786,80102
9787,80107
9788,80109
9789,80111
9790,80122
9791,80126
9792,80181
9793,80185
9794,80191
9795,80210
9796,80219
9797,80235
9798,80241
9799,80281
9800,80321
9801,80339
9802,80346
9803,80354
9804,80363
9805,80419
9806,80421
9807,80424
9808,80428
9809,80432
9810,80451
9811,80456
9812,80463
9813,80489
9814,80491
9815,80549
9816,80551
9817,80553
9818,80560
9819,80570
9820,80572
9821,80584
9822,80586
9823,80615
9824,80617
9825,80619
9826,80646
9827,80648
9828,80650
9829,80655
9830,80661
9831,80667
9832,80677
9833,80693
9834,80713
9835,80715
9836,80727
9837,80729
9838,80746
9839,80748
9840,80761
9841,80763
9842,80775
9843,80777
9844,80789
9845,80797
9846,80806
9847,80808
9848,80812
9849,80820
9850,80831
9851,80834
9852,80836
9853,80839
9854,80844
9855,80846
9856,80858
9857,80860
9858,80862
9859,80864
9860,80880
9861,80891
9862,80899
9863,80903
9864,80906
9865,80917
9866,80939
9867,80947
9868,80969
9869,80990
9870,81000
9871,81018
9872,81020
9873,81027
9874,81046
9875,81054
9876,81059
9877,81061
9878,81069
9879,81072
9880,81083
9881,81100
9882,81102
9883,81109
9884,81132
9885,81138
9886,81140
9887,81142
9888,81156
9889,81158
9890,81162
9891,81164
9892,81180
9893,81182
9894,81191
9895,81216
9896,81229
9897,81257
9898,81270
9899,81276
9900,81305
9901,81316
9902,81322
9903,81330
9904,81351
9905,81355
9906,81366
9907,81371
9908,81383
9909,81385
9910,81403
9911,81405
9912,81413
9913,81417
9914,81429
9915,81447
9916,81456
9917,81516
9918,81518
9919,81535
9920,81537
9921,81562
9922,81564
9923,81568
9924,81587
9925,81591
9926,81610
9927,81613
9928,81637
9929,81639
9930,81641
9931,81643
9932,81660
9933,81671
9934,81681
9935,81704
9936,81725
9937,81736
9938,81744
9939,81751
9940,81753
9941,81768
9942,81782
9943,81784
9944,81786
9945,81788
9946,81791
9947,81804
9948,81817
9949,81819
9950,81823
9951,81834
9952,81845
9953,81847
9954,81853
9955,81910
9956,81932
9957,81949
9958,81959
9959,81983
9960,81989
9961,81993
9962,82003
9963,82007
9964,82022
9965,82026
9966,82030
9967,82041
9968,82045
9969,82049
9970,82053
9971,82055
9972,82061
9973,82093
9974,82095
9975,82123
9976,82143
9977,82150
9978,82152
9979,82167
9980,82169
9981,82173
9982,82175
9983,82182
9984,82202
9985,82240
9986,82242
9987,82244
9988,82269
9989,82274
9990,82276
9991,82280
9992,82298
9993,82302
9994,82306
9995,82324
9996,82358
9997,82360
9998,82364
9999,82366
10000,82368
10001,82378
10002,82393
10003,82420
10004,82438
10005,82447
10006,82449
10007,82459
10008,82461
10009,82463
10010,82469
10011,82499
10012,82527
10013,82531
10014,82534
10015,82564
10016,82581
10017,82589
10018,82631
10019,82633
10020,82641
10021,82667
10022,82676
10023,82684
10024,82711
10025,82722
10026,82744
10027,82747
10028,82749
10029,82753
10030,82759
10031,82765
10032,82767
10033,82834
10034,82836
10035,82848
10036,82852
10037,82854
10038,82857
10039,82906
10040,82915
10041,82920
10042,82928
10043,82931
10044,82934
10045,82976
10046,82978
10047,82980
10048,83034
10049,83049
10050,83056
10051,83059
10052,83071
10053,83086
10054,83096
10055,83115
10056,83132
10057,83134
10058,83161
10059,83163
10060,83177
10061,83184
10062,83193
10063,83219
10064,83250
10065,83258
10066,83266
10067,83270
10068,83291
10069,83293
10070,83302
10071,83316
10072,83318
10073,83332
10074,83334
10075,83349
10076,83351
10077,83369
10078,83374
10079,83385
10080,83424
10081,83437
10082,83448
10083,83457
10084,83480
10085,83529
10086,83531
10087,83538
10088,83540
10089,83558
10090,83560
10091,83575
10092,83577
10093,83585
10094,83601
10095,83607
10096,83613
10097,83619
10098,83652
10099,83654
10100,83660
10101,83765
10102,83796
10103,83798
10104,83801
10105,83803
10106,83819
10107,83827
10108,83837
10109,83910
10110,83912
10111,83918
10112,83923
10113,83974
10114,83976
10115,84047
10116,84090
10117,84092
10118,84094
10119,84100
10120,84114
10121,84116
10122,84118
10123,84120
10124,84122
10125,84128
10126,84133
10127,84137
10128,84152
10129,84156
10130,84158
10131,84176
10132,84187
10133,84189
10134,84223
10135,84228
10136,84234
10137,84236
10138,84242
10139,84246
10140,84248
10141,84250
10142,84258
10143,84260
10144,84273
10145,84298
10146,84312
10147,84374
10148,84387
10149,84392
10150,84395
10151,84436
10152,84444
10153,84448
10154,84469
10155,84471
10156,84481
10157,84485
10158,84506
10159,84508
10160,84510
10161,84512
10162,84532
10163,84570
10164,84601
10165,84613
10166,84615
10167,84637
10168,84639
10169,84669
10170,84696
10171,84714
10172,84730
10173,84732
10174,84734
10175,84736
10176,84738
10177,84772
10178,84775
10179,84777
10180,84796
10181,84807
10182,84834
10183,84844
10184,84876
10185,84880
10186,84942
10187,84944
10188,84950
10189,84952
10190,84954
10191,84957
10192,84963
10193,84972
10194,84987
10195,84989
10196,85007
10197,85020
10198,85022
10199,85025
10200,85056
10201,85106
10202,85129
10203,85131
10204,85133
10205,85177
10206,85179
10207,85190
10208,85211
10209,85213
10210,85215
10211,85231
10212,85270
10213,85305
10214,85312
10215,85334
10216,85342
10217,85354
10218,85358
10219,85367
10220,85389
10221,85394
10222,85397
10223,85399
10224,85401
10225,85412
10226,85414
10227,85438
10228,85442
10229,85510
10230,85527
10231,85540
10232,85547
10233,85565
10234,85618
10235,85689
10236,85770
10237,85774
10238,85788
10239,85790
10240,85796
10241,85881
10242,85885
10243,85896
10244,85997
10245,86000
10246,86057
10247,86059
10248,86096
10249,86142
10250,86148
10251,86151
10252,86153
10253,86166
10254,86168
10255,86190
10256,86229
10257,86231
10258,86237
10259,86244
10260,86246
10261,86263
10262,86277
10263,86279
10264,86286
10265,86288
10266,86290
10267,86293
10268,86295
10269,86298
10270,86312
10271,86320
10272,86332
10273,86345
10274,86347
10275,86355
10276,86377
10277,86408
10278,86410
10279,86420
10280,86432
10281,86434
10282,86453
10283,86455
10284,86471
10285,86474
10286,86487
10287,86508
10288,86539
10289,86548
10290,86550
10291,86553
10292,86574
10293,86583
10294,86590
10295,86604
10296,86628
10297,86642
10298,86644
10299,86648
10300,86655
10301,86657
10302,86668
10303,86675
10304,86687
10305,86715
10306,86750
10307,86753
10308,86758
10309,86762
10310,86781
10311,86791
10312,86815
10313,86817
10314,86833
10315,86835
10316,86854
10317,86864
10318,86866
10319,86880
10320,86882
10321,86884
10322,86892
10323,86894
10324,86898
10325,86904
10326,86906
10327,86911
10328,86922
10329,86941
10330,86947
10331,86949
10332,86952
10333,86973
10334,86982
10335,86985
10336,87004
10337,87012
10338,87028
10339,87040
10340,87042
10341,87049
10342,87051
10343,87063
10344,87069
10345,87079
10346,87085
10347,87094
10348,87105
10349,87166
10350,87179
10351,87181
10352,87186
10353,87192
10354,87194
10355,87197
10356,87207
10357,87216
10358,87222
10359,87232
10360,87234
10361,87260
10362,87266
10363,87270
10364,87279
10365,87287
10366,87298
10367,87302
10368,87304
10369,87306
10370,87354
10371,87408
10372,87410
10373,87413
10374,87417
10375,87430
10376,87433
10377,87444
10378,87483
10379,87485
10380,87514
10381,87520
10382,87522
10383,87529
10384,87589
10385,87595
10386,87636
10387,87660
10388,87662
10389,87697
10390,87792
10391,87860
10392,87867
10393,87869
10394,87876
10395,87880
10396,87911
10397,87919
10398,87923
10399,87928
10400,87984
10401,88005
10402,88022
10403,88024
10404,88044
10405,88051
10406,88053
10407,88061
10408,88069
10409,88094
10410,88106
10411,88108
10412,88110
10413,88114
10414,88118
10415,88125
10416,88129
10417,88131
10418,88138
10419,88140
10420,88158
10421,88163
10422,88179
10423,88203
10424,88205
10425,88235
10426,88237
10427,88248
10428,88267
10429,88270
10430,88276
10431,88278
10432,88327
10433,88339
10434,88352
10435,88356
10436,88380
10437,88382
10438,88405
10439,88417
10440,88429
10441,88448
10442,88468
10443,88471
10444,88513
10445,88518
10446,88520
10447,88564
10448,88570
10449,88572
10450,88578
10451,88593
10452,88595
10453,88652
10454,88672
10455,88682
10456,88692
10457,88704
10458,88706
10459,88724
10460,88740
10461,88744
10462,88746
10463,88750
10464,88761
10465,88766
10466,88785
10467,88810
10468,88812
10469,88818
10470,88837
10471,88857
10472,88877
10473,88889
10474,88901
10475,88911
10476,88932
10477,88950
10478,88954
10479,88961
10480,88989
10481,89000
10482,89002
10483,89010
10484,89028
10485,89030
10486,89039
10487,89047
10488,89056
10489,89072
10490,89074
10491,89085
10492,89087
10493,89090
10494,89102
10495,89118
10496,89137
10497,89162
10498,89190
10499,89215
10500,89219
10501,89248
10502,89260
10503,89268
10504,89281
10505,89302
10506,89305
10507,89315
10508,89321
10509,89325
10510,89337
10511,89343
10512,89347
10513,89349
10514,89351
10515,89356
10516,89367
10517,89369
10518,89371
10519,89377
10520,89386
10521,89388
10522,89393
10523,89403
10524,89427
10525,89470
10526,89472
10527,89480
10528,89482
10529,89490
10530,89492
10531,89506
10532,89532
10533,89535
10534,89554
10535,89570
10536,89582
10537,89584
10538,89596
10539,89607
10540,89610
10541,89620
10542,89629
10543,89650
10544,89664
10545,89678
10546,89718
10547,89720
10548,89732
10549,89745
10550,89753
10551,89759
10552,89761
10553,89763
10554,89767
10555,89774
10556,89794
10557,89802
10558,89804
10559,89806
10560,89829
10561,89837
10562,89840
10563,89846
10564,89862
10565,89864
10566,89872
10567,89896
10568,89898
10569,89900
10570,89904
10571,89930
10572,89936
10573,89945
10574,89965
10575,89973
10576,89983
10577,89985
10578,90007
10579,90057
10580,90061
10581,90066
10582,90071
10583,90116
10584,90127
10585,90167
10586,90183
10587,90203
10588,90206
10589,90211
10590,90235
10591,90237
10592,90243
10593,90245
10594,90247
10595,90249
10596,90252
10597,90256
10598,90262
10599,90266
10600,90268
10601,90281
10602,90310
10603,90319
10604,90339
10605,90341
10606,90343
10607,90345
10608,90357
10609,90374
10610,90376
10611,90380
10612,90403
10613,90405
10614,90413
10615,90421
10616,90424
10617,90426
10618,90428
10619,90430
10620,90434
10621,90439
10622,90469
10623,90471
10624,90474
10625,90476
10626,90478
10627,90514
10628,90522
10629,90524
10630,90528
10631,90531
10632,90537
10633,90543
10634,90559
10635,90564
10636,90566
10637,90574
10638,90576
10639,90578
10640,90592
10641,90594
10642,90598
10643,90600
10644,90620
10645,90624
10646,90630
10647,90645
10648,90647
10649,90662
10650,90666
10651,90702
10652,90717
10653,90719
10654,90730
10655,90746
10656,90751
10657,90753
10658,90769
10659,90795
10660,90809
10661,90819
10662,90821
10663,90843
10664,90849
10665,90863
10666,90866
10667,90868
10668,90870
10669,90873
10670,90878
10671,90888
10672,90890
10673,90895
10674,90914
10675,90929
10676,90933
10677,90939
10678,90943
10679,90947
10680,90958
10681,91014
10682,91026
10683,91028
10684,91035
10685,91037
10686,91048
10687,91054
10688,91065
10689,91077
10690,91079
10691,91094
10692,91104
10693,91126
10694,91128
10695,91134
10696,91140
10697,91169
10698,91189
10699,91191
10700,91199
10701,91201
10702,91227
10703,91241
10704,91261
10705,91266
10706,91273
10707,91290
10708,91306
10709,91323
10710,91325
10711,91331
10712,91337
10713,91351
10714,91353
10715,91355
10716,91360
10717,91386
10718,91414
10719,91416
10720,91423
10721,91446
10722,91450
10723,91474
10724,91485
10725,91488
10726,91500
10727,91505
10728,91513
10729,91517
10730,91529
10731,91533
10732,91535
10733,91540
10734,91542
10735,91548
10736,91556
10737,91571
10738,91597
10739,91603
10740,91617
10741,91622
10742,91626
10743,91628
10744,91630
10745,91632
10746,91653
10747,91658
10748,91660
10749,91666
10750,91671
10751,91673
10752,91683
10753,91688
10754,91690
10755,91711
10756,91715
10757,91727
10758,91743
10759,91786
10760,91789
10761,91799
10762,91805
10763,91808
10764,91821
10765,91823
10766,91826
10767,91831
10768,91842
10769,91844
10770,91854
10771,91869
10772,91880
10773,91888
10774,91890
10775,91902
10776,91908
10777,91911
10778,91914
10779,91919
10780,91929
10781,91935
10782,91947
10783,91952
10784,91960
10785,91970
10786,91972
10787,91974
10788,91976
10789,91978
10790,91983
10791,91991
10792,91995
10793,92008
10794,92023
10795,92046
10796,92048
10797,92058
10798,92079
10799,92083
10800,92096
10801,92106
10802,92118
10803,92124
10804,92152
10805,92161
10806,92169
10807,92176
10808,92184
10809,92186
10810,92188
10811,92200
10812,92204
10813,92210
10814,92224
10815,92231
10816,92234
10817,92243
10818,92252
10819,92259
10820,92309
10821,92314
10822,92325
10823,92335
10824,92348
10825,92357
10826,92374
10827,92391
10828,92393
10829,92399
10830,92420
10831,92422
10832,92427
10833,92437
10834,92439
10835,92475
10836,92479
10837,92483
10838,92507
10839,92509
10840,92511
10841,92516
10842,92518
10843,92600
10844,92609
10845,92633
10846,92635
10847,92637
10848,92643
10849,92652
10850,92665
10851,92674
10852,92681
10853,92687
10854,92694
10855,92696
10856,92713
10857,92715
10858,92719
10859,92738
10860,92758
10861,92768
10862,92789
10863,92804
10864,92817
10865,92819
10866,92841
10867,92843
10868,92874
10869,92904
10870,92920
10871,92923
10872,92938
10873,92944
10874,92954
10875,92980
10876,93002
10877,93014
10878,93037
10879,93040
10880,93061
10881,93063
10882,93070
10883,93116
10884,93126
10885,93128
10886,93164
10887,93212
10888,93217
10889,93240
10890,93242
10891,93265
10892,93267
10893,93270
10894,93272
10895,93287
10896,93297
10897,93324
10898,93326
10899,93328
10900,93330
10901,93344
10902,93363
10903,93404
10904,93420
10905,93422
10906,93432
10907,93443
10908,93473
10909,93475
10910,93496
10911,93498
10912,93502
10913,93510
10914,93512
10915,93520
10916,93544
10917,93547
10918,93550
10919,93563
10920,93570
10921,93572
10922,93574
10923,93578
10924,93583
10925,93598
10926,93610
10927,93612
10928,93669
10929,93693
10930,93700
10931,93721
10932,93723
10933,93740
10934,93752
10935,93757
10936,93766
10937,93775
10938,93782
10939,93805
10940,93819
10941,93831
10942,93838
10943,93840
10944,93842
10945,93855
10946,93865
10947,93892
10948,93921
10949,93933
10950,93939
10951,93954
10952,93980
10953,93982
10954,93988
10955,94015
10956,94018
10957,94061
10958,94068
10959,94070
10960,94074
10961,94076
10962,94101
10963,94122
10964,94126
10965,94128
10966,94144
10967,94186
10968,94190
10969,94202
10970,94204
10971,94262
10972,94264
10973,94266
10974,94271
10975,94278
10976,94283
10977,94291
10978,94299
10979,94301
10980,94314
10981,94323
10982,94325
10983,94401
10984,94403
10985,94405
10986,94410
10987,94412
10988,94417
10989,94431
10990,94435
10991,94469
10992,94475
10993,94478
10994,94480
10995,94491
10996,94503
10997,94537
10998,94539
10999,94542
11000,94545
11001,94558
11002,94573
11003,94649
11004,94663
11005,94675
11006,94677
11007,94679
11008,94725
11009,94727
11010,94729
11011,94739
11012,94760
11013,94762
11014,94769
11015,94777
11016,94780
11017,94790
11018,94799
11019,94803
11020,94808
11021,94810
11022,94813
11023,94815
11024,94817
11025,94819
11026,94833
11027,94841
11028,94864
11029,94896
11030,94902
11031,94919
11032,94931
11033,94939
11034,94941
11035,94953
11036,94957
11037,94959
11038,94965
11039,94969
11040,94982
11041,94985
11042,95000
11043,95018
11044,95028
11045,95032
11046,95052
11047,95058
11048,95067
11049,95069
11050,95088
11051,95105
11052,95133
11053,95135
11054,95159
11055,95165
11056,95167
11057,95185
11058,95199
11059,95201
11060,95207
11061,95218
11062,95223
11063,95237
11064,95288
11065,95294
11066,95296
11067,95300
11068,95305
11069,95307
11070,95309
11071,95311
11072,95375
11073,95441
11074,95443
11075,95449
11076,95461
11077,95488
11078,95506
11079,95508
11080,95510
11081,95531
11082,95533
11083,95543
11084,95558
11085,95563
11086,95567
11087,95570
11088,95572
11089,95581
11090,95602
11091,95604
11092,95611
11093,95615
11094,95650
11095,95652
11096,95654
11097,95658
11098,95670
11099,95720
11100,95732
11101,95735
11102,95744
11103,95752
11104,95756
11105,95761
11106,95796
11107,95804
11108,95832
11109,95856
11110,95858
11111,95873
11112,95875
11113,95890
11114,95939
11115,95949
11116,95969
11117,96002
11118,96020
11119,96024
11120,96052
11121,96054
11122,96075
11123,96079
11124,96084
11125,96096
11126,96110
11127,96121
11128,96144
11129,96150
11130,96179
11131,96181
11132,96195
11133,96197
11134,96223
11135,96227
11136,96239
11137,96252
11138,96275
11139,96281
11140,96283
11141,96290
11142,96298
11143,96302
11144,96304
11145,96314
11146,96337
11147,96367
11148,96373
11149,96383
11150,96401
11151,96407
11152,96413
11153,96415
11154,96417
11155,96419
11156,96421
11157,96430
11158,96432
11159,96451
11160,96460
11161,96467
11162,96471
11163,96488
11164,96490
11165,96501
11166,96510
11167,96516
11168,96518
11169,96543
11170,96545
11171,96565
11172,96567
11173,96569
11174,96578
11175,96585
11176,96588
11177,96592
11178,96598
11179,96606
11180,96608
11181,96610
11182,96612
11183,96616
11184,96621
11185,96629
11186,96631
11187,96644
11188,96655
11189,96664
11190,96667
11191,96681
11192,96687
11193,96691
11194,96693
11195,96700
11196,96702
11197,96710
11198,96717
11199,96722
11200,96724
11201,96728
11202,96734
11203,96737
11204,96751
11205,96755
11206,96759
11207,96771
11208,96773
11209,96775
11210,96794
11211,96801
11212,96803
11213,96811
11214,96815
11215,96817
11216,96821
11217,96829
11218,96832
11219,96840
11220,96849
11221,96857
11222,96861
11223,96863
11224,96868
11225,96870
11226,96872
11227,96897
11228,96911
11229,96917
11230,96933
11231,96935
11232,96941
11233,96943
11234,96947
11235,96950
11236,96952
11237,96966
11238,96971
11239,96983
11240,96991
11241,96993
11242,97005
11243,97024
11244,97029
11245,97031
11246,97035
11247,97039
11248,97042
11249,97046
11250,97057
11251,97065
11252,97068
11253,97073
11254,97092
11255,97096
11256,97115
11257,97124
11258,97146
11259,97151
11260,97153
11261,97168
11262,97172
11263,97175
11264,97177
11265,97186
11266,97188
11267,97200
11268,97225
11269,97242
11270,97246
11271,97250
11272,97256
11273,97280
11274,97285
11275,97302
11276,97304
11277,97306
11278,97308
11279,97311
11280,97319
11281,97324
11282,97326
11283,97328
11284,97330
11285,97382
11286,97386
11287,97388
11288,97397
11289,97401
11290,97423
11291,97455
11292,97462
11293,97464
11294,97466
11295,97470
11296,97536
11297,97540
11298,97548
11299,97593
11300,97595
11301,97639
11302,97643
11303,97660
11304,97665
11305,97673
11306,97680
11307,97688
11308,97690
11309,97692
11310,97701
11311,97703
11312,97709
11313,97713
11314,97715
11315,97744
11316,97752
11317,97768
11318,97775
11319,97779
11320,97785
11321,97797
11322,97799
11323,97817
11324,97823
11325,97826
11326,97832
11327,97834
11328,97836
11329,97855
11330,97858
11331,97860
11332,97866
11333,97868
11334,97870
11335,97886
11336,97895
11337,97904
11338,97906
11339,97908
11340,97913
11341,97921
11342,97923
11343,97933
11344,97936
11345,97938
11346,97940
11347,97950
11348,97957
11349,97959
11350,97966
11351,97968
11352,97984
11353,97986
11354,97988
11355,97998
11356,98000
11357,98017
11358,98022
11359,98036
11360,98056
11361,98061
11362,98065
11363,98069
11364,98087
11365,98107
11366,98111
11367,98116
11368,98122
11369,98126
11370,98144
11371,98154
11372,98183
11373,98198
11374,98203
11375,98213
11376,98217
11377,98219
11378,98230
11379,98239
11380,98241
11381,98243
11382,98246
11383,98248
11384,98251
11385,98273
11386,98288
11387,98296
11388,98298
11389,98325
11390,98328
11391,98344
11392,98353
11393,98361
11394,98373
11395,98381
11396,98400
11397,98402
11398,98439
11399,98458
11400,98460
11401,98477
11402,98485
11403,98491
11404,98499
11405,98509
11406,98552
11407,98581
11408,98585
11409,98589
11410,98593
11411,98604
11412,98607
11413,98609
11414,98621
11415,98629
11416,98759
11417,98766
11418,98768
11419,98788
11420,98799
11421,98809
11422,98836
11423,98850
11424,98924
11425,98933
11426,98949
11427,98956
11428,98961
11429,98963
11430,98973
11431,98975
11432,98981
11433,98985
11434,98991
11435,98994
11436,99007
11437,99024
11438,99030
11439,99041
11440,99043
11441,99047
11442,99058
11443,99064
11444,99087
11445,99110
11446,99112
11447,99114
11448,99117
11449,99143
11450,99145
11451,99149
11452,99178
11453,99217
11454,99246
11455,99258
11456,99270
11457,99287
11458,99305
11459,99327
11460,99371
11461,99373
11462,99380
11463,99397
11464,99413
11465,99415
11466,99434
11467,99437
11468,99441
11469,99468
11470,99470
11471,99487
11472,99493
11473,99495
11474,99499
11475,99515
11476,99530
11477,99537
11478,99560
11479,99570
11480,99574
11481,99613
11482,99636
11483,99638
11484,99640
11485,99642
11486,99644
11487,99663
11488,99665
11489,99671
11490,99675
11491,99687
11492,99691
11493,99695
11494,99717
11495,99721
11496,99724
11497,99726
11498,99728
11499,99739
11500,99746
11501,99750
11502,99758
11503,99764
11504,99787
11505,99795
11506,99807
11507,99809
11508,99811
11509,99820
11510,99826
11511,99841
11512,99846
11513,99866
11514,99889
11515,99895
11516,99906
11517,99910
11518,99912
11519,99917
11520,99946
11521,99962
11522,99964
11523,99968
11524,99986
11525,99989
11526,99996
11527,99999
11528,100008
11529,100017
11530,100032
11531,100034
11532,100038
11533,100044
11534,100062
11535,100070
11536,100081
11537,100083
11538,100099
11539,100106
11540,100108
11541,100138
11542,100145
11543,100155
11544,100157
11545,100159
11546,100163
11547,100169
11548,100180
11549,100183
11550,100185
11551,100194
11552,100196
11553,100203
11554,100205
11555,100238
11556,100240
11557,100244
11558,100255
11559,100257
11560,100264
11561,100270
11562,100272
11563,100275
11564,100277
11565,100287
11566,100289
11567,100291
11568,100302
11569,100308
11570,100315
11571,100322
11572,100324
11573,100326
11574,100330
11575,100336
11576,100338
11577,100344
11578,100365
11579,100383
11580,100390
11581,100397
11582,100404
11583,100415
11584,100426
11585,100436
11586,100442
11587,100444
11588,100485
11589,100487
11590,100492
11591,100498
11592,100507
11593,100509
11594,100511
11595,100515
11596,100517
11597,100521
11598,100527
11599,100529
11600,100536
11601,100538
11602,100556
11603,100559
11604,100562
11605,100567
11606,100577
11607,100581
11608,100583
11609,100714
11610,100717
11611,100719
11612,100725
11613,100737
11614,100743
11615,100745
11616,100799
11617,100810
11618,100843
11619,100882
11620,100884
11621,100942
11622,101016
11623,101018
11624,101025
11625,101060
11626,101062
11627,101070
11628,101076
11629,101086
11630,101088
11631,101097
11632,101104
11633,101106
11634,101112
11635,101142
11636,101158
11637,101160
11638,101162
11639,101178
11640,101180
11641,101188
11642,101207
11643,101210
11644,101216
11645,101218
11646,101220
11647,101226
11648,101233
11649,101243
11650,101245
11651,101247
11652,101249
11653,101258
11654,101260
11655,101262
11656,101264
11657,101281
11658,101283
11659,101285
11660,101296
11661,101301
11662,101319
11663,101322
11664,101329
11665,101335
11666,101339
11667,101355
11668,101360
11669,101362
11670,101375
11671,101379
11672,101381
11673,101405
11674,101413
11675,101415
11676,101425
11677,101431
11678,101446
11679,101470
11680,101472
11681,101476
11682,101485
11683,101489
11684,101498
11685,101525
11686,101529
11687,101531
11688,101577
11689,101579
11690,101583
11691,101592
11692,101595
11693,101612
11694,101614
11695,101629
11696,101648
11697,101674
11698,101680
11699,101685
11700,101687
11701,101692
11702,101695
11703,101708
11704,101717
11705,101726
11706,101728
11707,101734
11708,101739
11709,101741
11710,101747
11711,101749
11712,101761
11713,101763
11714,101782
11715,101799
11716,101803
11717,101846
11718,101855
11719,101864
11720,101872
11721,101878
11722,101880
11723,101884
11724,101891
11725,101893
11726,101895
11727,101897
11728,101918
11729,101920
11730,101942
11731,101947
11732,101962
11733,101964
11734,101967
11735,101971
11736,101973
11737,101997
11738,102005
11739,102012
11740,102025
11741,102033
11742,102039
11743,102062
11744,102064
11745,102066
11746,102070
11747,102088
11748,102090
11749,102111
11750,102123
11751,102125
11752,102138
11753,102156
11754,102160
11755,102171
11756,102174
11757,102176
11758,102180
11759,102194
11760,102199
11761,102245
11762,102263
11763,102294
11764,102303
11765,102354
11766,102373
11767,102378
11768,102407
11769,102411
11770,102417
11771,102419
11772,102421
11773,102429
11774,102445
11775,102456
11776,102481
11777,102483
11778,102485
11779,102495
11780,102514
11781,102517
11782,102521
11783,102529
11784,102535
11785,102557
11786,102590
11787,102596
11788,102602
11789,102604
11790,102666
11791,102672
11792,102675
11793,102684
11794,102688
11795,102716
11796,102720
11797,102742
11798,102747
11799,102751
11800,102753
11801,102796
11802,102800
11803,102807
11804,102819
11805,102823
11806,102826
11807,102845
11808,102854
11809,102862
11810,102870
11811,102876
11812,102880
11813,102893
11814,102895
11815,102899
11816,102903
11817,102910
11818,102912
11819,102917
11820,102941
11821,102956
11822,102991
11823,102993
11824,103003
11825,103008
11826,103017
11827,103027
11828,103030
11829,103036
11830,103040
11831,103042
11832,103048
11833,103050
11834,103055
11835,103057
11836,103059
11837,103075
11838,103083
11839,103091
11840,103103
11841,103105
11842,103107
11843,103112
11844,103120
11845,103132
11846,103137
11847,103141
11848,103171
11849,103190
11850,103203
11851,103210
11852,103219
11853,103221
11854,103228
11855,103249
11856,103253
11857,103255
11858,103269
11859,103275
11860,103279
11861,103282
11862,103288
11863,103290
11864,103299
11865,103306
11866,103315
11867,103324
11868,103330
11869,103335
11870,103339
11871,103341
11872,103361
11873,103366
11874,103372
11875,103384
11876,103388
11877,103411
11878,103418
11879,103420
11880,103444
11881,103449
11882,103452
11883,103460
11884,103474
11885,103478
11886,103483
11887,103489
11888,103506
11889,103515
11890,103521
11891,103525
11892,103534
11893,103536
11894,103539
11895,103541
11896,103547
11897,103549
11898,103554
11899,103561
11900,103567
11901,103570
11902,103598
11903,103604
11904,103606
11905,103611
11906,103621
11907,103624
11908,103626
11909,103629
11910,103631
11911,103633
11912,103639
11913,103641
11914,103645
11915,103647
11916,103653
11917,103655
11918,103661
11919,103685
11920,103688
11921,103695
11922,103721
11923,103727
11924,103729
11925,103731
11926,103741
11927,103755
11928,103772
11929,103776
11930,103784
11931,103801
11932,103810
11933,103816
11934,103819
11935,103823
11936,103825
11937,103840
11938,103846
11939,103849
11940,103851
11941,103863
11942,103865
11943,103867
11944,103871
11945,103873
11946,103875
11947,103883
11948,103908
11949,103935
11950,103966
11951,103972
11952,103980
11953,103982
11954,103984
11955,103994
11956,104013
11957,104033
11958,104035
11959,104061
11960,104072
11961,104074
11962,104076
11963,104078
11964,104085
11965,104089
11966,104091
11967,104093
11968,104097
11969,104119
11970,104132
11971,104135
11972,104137
11973,104175
11974,104177
11975,104211
11976,104213
11977,104218
11978,104231
11979,104233
11980,104239
11981,104241
11982,104243
11983,104245
11984,104249
11985,104264
11986,104266
11987,104272
11988,104280
11989,104283
11990,104298
11991,104303
11992,104309
11993,104312
11994,104314
11995,104317
11996,104319
11997,104321
11998,104335
11999,104337
12000,104339
12001,104356
12002,104361
12003,104374
12004,104376
12005,104379
12006,104384
12007,104386
12008,104388
12009,104390
12010,104392
12011,104406
12012,104408
12013,104423
12014,104441
12015,104453
12016,104457
12017,104506
12018,104513
12019,104520
12020,104552
12021,104576
12022,104595
12023,104631
12024,104636
12025,104640
12026,104662
12027,104671
12028,104698
12029,104712
12030,104721
12031,104726
12032,104736
12033,104757
12034,104760
12035,104762
12036,104776
12037,104807
12038,104823
12039,104829
12040,104841
12041,104849
12042,104863
12043,104875
12044,104879
12045,104881
12046,104883
12047,104903
12048,104906
12049,104908
12050,104913
12051,104923
12052,104925
12053,104944
12054,104947
12055,104969
12056,104971
12057,104975
12058,105037
12059,105044
12060,105049
12061,105053
12062,105104
12063,105128
12064,105130
12065,105133
12066,105147
12067,105159
12068,105165
12069,105178
12070,105181
12071,105197
12072,105204
12073,105211
12074,105213
12075,105227
12076,105236
12077,105242
12078,105246
12079,105250
12080,105252
12081,105254
12082,105266
12083,105314
12084,105320
12085,105340
12086,105351
12087,105355
12088,105357
12089,105375
12090,105412
12091,105416
12092,105420
12093,105423
12094,105429
12095,105439
12096,105453
12097,105465
12098,105468
12099,105492
12100,105499
12101,105504
12102,105509
12103,105519
12104,105531
12105,105542
12106,105593
12107,105597
12108,105599
12109,105601
12110,105616
12111,105628
12112,105653
12113,105659
12114,105663
12115,105703
12116,105709
12117,105713
12118,105731
12119,105742
12120,105748
12121,105755
12122,105765
12123,105767
12124,105769
12125,105776
12126,105801
12127,105805
12128,105813
12129,105827
12130,105835
12131,105844
12132,105849
12133,105855
12134,105863
12135,105869
12136,105873
12137,105884
12138,105886
12139,105888
12140,105928
12141,105938
12142,105943
12143,105952
12144,105954
12145,105959
12146,106002
12147,106004
12148,106011
12149,106017
12150,106019
12151,106022
12152,106026
12153,106034
12154,106054
12155,106062
12156,106066
12157,106072
12158,106090
12159,106100
12160,106109
12161,106111
12162,106115
12163,106138
12164,106144
12165,106147
12166,106158
12167,106163
12168,106170
12169,106195
12170,106212
12171,106226
12172,106236
12173,106240
12174,106243
12175,106254
12176,106300
12177,106306
12178,106330
12179,106332
12180,106336
12181,106387
12182,106403
12183,106405
12184,106421
12185,106423
12186,106431
12187,106438
12188,106441
12189,106452
12190,106471
12191,106473
12192,106475
12193,106487
12194,106489
12195,106491
12196,106493
12197,106503
12198,106508
12199,106521
12200,106538
12201,106549
12202,106559
12203,106590
12204,106614
12205,106624
12206,106686
12207,106696
12208,106698
12209,106704
12210,106722
12211,106734
12212,106736
12213,106745
12214,106747
12215,106753
12216,106762
12217,106766
12218,106782
12219,106785
12220,106839
12221,106841
12222,106848
12223,106852
12224,106854
12225,106863
12226,106868
12227,106870
12228,106889
12229,106892
12230,106895
12231,106897
12232,106916
12233,106918
12234,106920
12235,106970
12236,106983
12237,106986
12238,106992
12239,107000
12240,107022
12241,107024
12242,107042
12243,107050
12244,107052
12245,107061
12246,107067
12247,107069
12248,107081
12249,107083
12250,107100
12251,107117
12252,107130
12253,107132
12254,107137
12255,107141
12256,107159
12257,107174
12258,107185
12259,107188
12260,107194
12261,107196
12262,107217
12263,107252
12264,107274
12265,107302
12266,107304
12267,107306
12268,107309
12269,107338
12270,107344
12271,107348
12272,107352
12273,107354
12274,107357
12275,107359
12276,107361
12277,107370
12278,107406
12279,107408
12280,107410
12281,107412
12282,107426
12283,107436
12284,107447
12285,107462
12286,107477
12287,107501
12288,107537
12289,107557
12290,107563
12291,107565
12292,107614
12293,107632
12294,107636
12295,107638
12296,107649
12297,107653
12298,107673
12299,107675
12300,107682
12301,107684
12302,107690
12303,107700
12304,107702
12305,107713
12306,107723
12307,107725
12308,107737
12309,107754
12310,107756
12311,107769
12312,107771
12313,107848
12314,107853
12315,107855
12316,107877
12317,107883
12318,107885
12319,107903
12320,107910
12321,107912
12322,107916
12323,107919
12324,107949
12325,107951
12326,107953
12327,107955
12328,107958
12329,107990
12330,108001
12331,108010
12332,108041
12333,108052
12334,108056
12335,108076
12336,108078
12337,108122
12338,108143
12339,108156
12340,108158
12341,108188
12342,108190
12343,108202
12344,108209
12345,108212
12346,108220
12347,108243
12348,108255
12349,108265
12350,108285
12351,108287
12352,108289
12353,108316
12354,108318
12355,108328
12356,108332
12357,108342
12358,108395
12359,108403
12360,108407
12361,108425
12362,108466
12363,108468
12364,108473
12365,108476
12366,108506
12367,108508
12368,108510
12369,108514
12370,108538
12371,108551
12372,108566
12373,108575
12374,108579
12375,108592
12376,108599
12377,108601
12378,108647
12379,108649
12380,108658
12381,108660
12382,108689
12383,108727
12384,108729
12385,108760
12386,108778
12387,108780
12388,108787
12389,108789
12390,108791
12391,108799
12392,108825
12393,108866
12394,108871
12395,108879
12396,108885
12397,108899
12398,108928
12399,108930
12400,108932
12401,108938
12402,108940
12403,108945
12404,108970
12405,108977
12406,108981
12407,108983
12408,108997
12409,109000
12410,109008
12411,109027
12412,109042
12413,109053
12414,109062
12415,109074
12416,109096
12417,109106
12418,109151
12419,109153
12420,109155
12421,109157
12422,109168
12423,109181
12424,109183
12425,109185
12426,109187
12427,109191
12428,109203
12429,109205
12430,109239
12431,109241
12432,109243
12433,109265
12434,109267
12435,109273
12436,109277
12437,109280
12438,109290
12439,109295
12440,109317
12441,109321
12442,109323
12443,109330
12444,109357
12445,109359
12446,109364
12447,109368
12448,109374
12449,109383
12450,109385
12451,109388
12452,109390
12453,109392
12454,109399
12455,109423
12456,109425
12457,109441
12458,109448
12459,109450
12460,109452
12461,109455
12462,109457
12463,109459
12464,109461
12465,109463
12466,109472
12467,109483
12468,109485
12469,109487
12470,109489
12471,109492
12472,109524
12473,109529
12474,109569
12475,109578
12476,109580
12477,109596
12478,109602
12479,109616
12480,109627
12481,109633
12482,109635
12483,109667
12484,109673
12485,109687
12486,109718
12487,109720
12488,109728
12489,109733
12490,109738
12491,109740
12492,109742
12493,109769
12494,109776
12495,109779
12496,109781
12497,109793
12498,109800
12499,109802
12500,109810
12501,109848
12502,109850
12503,109853
12504,109864
12505,109887
12506,109889
12507,109893
12508,109895
12509,109897
12510,109904
12511,109921
12512,109923
12513,109929
12514,109931
12515,109935
12516,109941
12517,109945
12518,109947
12519,109951
12520,109953
12521,109968
12522,109971
12523,110032
12524,110034
12525,110042
12526,110044
12527,110048
12528,110052
12529,110058
12530,110063
12531,110102
12532,110104
12533,110110
12534,110116
12535,110127
12536,110134
12537,110136
12538,110138
12539,110163
12540,110171
12541,110173
12542,110177
12543,110194
12544,110198
12545,110200
12546,110229
12547,110233
12548,110255
12549,110273
12550,110276
12551,110295
12552,110297
12553,110314
12554,110322
12555,110324
12556,110328
12557,110330
12558,110350
12559,110352
12560,110354
12561,110380
12562,110387
12563,110407
12564,110409
12565,110426
12566,110433
12567,110439
12568,110447
12569,110449
12570,110453
12571,110486
12572,110497
12573,110501
12574,110548
12575,110553
12576,110557
12577,110568
12578,110582
12579,110586
12580,110588
12581,110591
12582,110593
12583,110603
12584,110611
12585,110633
12586,110653
12587,110675
12588,110690
12589,110696
12590,110718
12591,110730
12592,110744
12593,110746
12594,110748
12595,110750
12596,110765
12597,110771
12598,110790
12599,110792
12600,110794
12601,110805
12602,110809
12603,110813
12604,110828
12605,110854
12606,110867
12607,110871
12608,110882
12609,110884
12610,110899
12611,110921
12612,111036
12613,111113
12614,111115
12615,111119
12616,111124
12617,111126
12618,111128
12619,111235
12620,111237
12621,111249
12622,111251
12623,111255
12624,111266
12625,111283
12626,111287
12627,111290
12628,111312
12629,111314
12630,111316
12631,111318
12632,111320
12633,111332
12634,111343
12635,111345
12636,111349
12637,111358
12638,111360
12639,111362
12640,111364
12641,111370
12642,111373
12643,111375
12644,111384
12645,111387
12646,111405
12647,111411
12648,111443
12649,111447
12650,111456
12651,111499
12652,111515
12653,111540
12654,111551
12655,111562
12656,111583
12657,111592
12658,111597
12659,111599
12660,111603
12661,111617
12662,111622
12663,111624
12664,111626
12665,111628
12666,111630
12667,111647
12668,111659
12669,111661
12670,111663
12671,111680
12672,111696
12673,111700
12674,111702
12675,111734
12676,111743
12677,111757
12678,111759
12679,111774
12680,111778
12681,111781
12682,111804
12683,111813
12684,111815
12685,111852
12686,111856
12687,111880
12688,111887
12689,111901
12690,111913
12691,111921
12692,111924
12693,111931
12694,111995
12695,111999
12696,112064
12697,112066
12698,112070
12699,112085
12700,112087
12701,112112
12702,112138
12703,112171
12704,112175
12705,112183
12706,112236
12707,112245
12708,112247
12709,112255
12710,112257
12711,112261
12712,112273
12713,112279
12714,112281
12715,112283
12716,112288
12717,112290
12718,112299
12719,112309
12720,112316
12721,112328
12722,112334
12723,112338
12724,112361
12725,112367
12726,112370
12727,112393
12728,112395
12729,112399
12730,112404
12731,112421
12732,112434
12733,112436
12734,112439
12735,112450
12736,112452
12737,112460
12738,112469
12739,112473
12740,112481
12741,112488
12742,112495
12743,112497
12744,112501
12745,112506
12746,112508
12747,112517
12748,112519
12749,112548
12750,112550
12751,112552
12752,112556
12753,112580
12754,112582
12755,112591
12756,112596
12757,112599
12758,112603
12759,112612
12760,112623
12761,112625
12762,112637
12763,112642
12764,112653
12765,112663
12766,112689
12767,112705
12768,112727
12769,112729
12770,112731
12771,112733
12772,112735
12773,112743
12774,112749
12775,112753
12776,112759
12777,112767
12778,112788
12779,112804
12780,112818
12781,112852
12782,112868
12783,112871
12784,112882
12785,112890
12786,112895
12787,112897
12788,112907
12789,112911
12790,112925
12791,112940
12792,112946
12793,112948
12794,112955
12795,112961
12796,112995
12797,112999
12798,113029
12799,113039
12800,113048
12801,113062
12802,113064
12803,113066
12804,113073
12805,113080
12806,113083
12807,113089
12808,113092
12809,113103
12810,113105
12811,113107
12812,113149
12813,113174
12814,113176
12815,113188
12816,113205
12817,113207
12818,113214
12819,113218
12820,113220
12821,113223
12822,113225
12823,113227
12824,113234
12825,113236
12826,113240
12827,113244
12828,113250
12829,113252
12830,113263
12831,113275
12832,113280
12833,113304
12834,113306
12835,113313
12836,113315
12837,113337
12838,113345
12839,113348
12840,113350
12841,113370
12842,113374
12843,113378
12844,113394
12845,113430
12846,113432
12847,113451
12848,113453
12849,113466
12850,113497
12851,113507
12852,113515
12853,113521
12854,113532
12855,113534
12856,113536
12857,113551
12858,113559
12859,113565
12860,113573
12861,113582
12862,113604
12863,113614
12864,113632
12865,113634
12866,113638
12867,113640
12868,113644
12869,113646
12870,113674
12871,113696
12872,113705
12873,113711
12874,113741
12875,113751
12876,113755
12877,113767
12878,113769
12879,113771
12880,113778
12881,113780
12882,113814
12883,113829
12884,113843
12885,113851
12886,113855
12887,113860
12888,113862
12889,113868
12890,113906
12891,113938
12892,114003
12893,114007
12894,114028
12895,114042
12896,114044
12897,114046
12898,114048
12899,114060
12900,114066
12901,114074
12902,114078
12903,114170
12904,114180
12905,114184
12906,114191
12907,114197
12908,114238
12909,114240
12910,114244
12911,114246
12912,114248
12913,114250
12914,114263
12915,114265
12916,114267
12917,114269
12918,114271
12919,114273
12920,114329
12921,114342
12922,114355
12923,114378
12924,114382
12925,114392
12926,114396
12927,114398
12928,114417
12929,114420
12930,114436
12931,114439
12932,114459
12933,114494
12934,114552
12935,114554
12936,114563
12937,114565
12938,114567
12939,114571
12940,114591
12941,114593
12942,114595
12943,114599
12944,114601
12945,114620
12946,114624
12947,114627
12948,114635
12949,114659
12950,114662
12951,114667
12952,114670
12953,114678
12954,114680
12955,114685
12956,114692
12957,114700
12958,114704
12959,114713
12960,114717
12961,114725
12962,114758
12963,114760
12964,114762
12965,114795
12966,114805
12967,114818
12968,114834
12969,114836
12970,114842
12971,114847
12972,114849
12973,114854
12974,114856
12975,114873
12976,114875
12977,114888
12978,114898
12979,114902
12980,114925
12981,114928
12982,114933
12983,114935
12984,114945
12985,114947
12986,114958
12987,114963
12988,114984
12989,115008
12990,115038
12991,115065
12992,115071
12993,115084
12994,115122
12995,115130
12996,115135
12997,115145
12998,115147
12999,115149
13000,115162
13001,115164
13002,115166
13003,115170
13004,115178
13005,115203
13006,115207
13007,115210
13008,115216
13009,115231
13010,115233
13011,115240
13012,115242
13013,115244
13014,115249
13015,115277
13016,115335
13017,115381
13018,115388
13019,115414
13020,115437
13021,115439
13022,115467
13023,115469
13024,115471
13025,115475
13026,115502
13027,115518
13028,115526
13029,115531
13030,115540
13031,115569
13032,115607
13033,115617
13034,115629
13035,115664
13036,115667
13037,115669
13038,115678
13039,115680
13040,115682
13041,115685
13042,115699
13043,115705
13044,115708
13045,115713
13046,115715
13047,115721
13048,115756
13049,115763
13050,115770
13051,115772
13052,115775
13053,115793
13054,115797
13055,115819
13056,115824
13057,115826
13058,115828
13059,115836
13060,115862
13061,115871
13062,115881
13063,115893
13064,115895
13065,115921
13066,115925
13067,115933
13068,115937
13069,115939
13070,115965
13071,115969
13072,115973
13073,115975
13074,115977
13075,115987
13076,115991
13077,115996
13078,115998
13079,116002
13080,116012
13081,116024
13082,116034
13083,116082
13084,116084
13085,116106
13086,116108
13087,116128
13088,116136
13089,116138
13090,116141
13091,116155
13092,116159
13093,116161
13094,116165
13095,116169
13096,116179
13097,116191
13098,116205
13099,116215
13100,116217
13101,116225
13102,116227
13103,116231
13104,116237
13105,116261
13106,116267
13107,116279
13108,116299
13109,116307
13110,116315
13111,116319
13112,116333
13113,116335
13114,116343
13115,116349
13116,116351
13117,116387
13118,116397
13119,116399
13120,116403
13121,116407
13122,116409
13123,116411
13124,116417
13125,116423
13126,116441
13127,116443
13128,116447
13129,116449
13130,116453
13131,116483
13132,116489
13133,116491
13134,116493
13135,116495
13136,116497
13137,116507
13138,116515
13139,116564
13140,116647
13141,116660
13142,116668
13143,116678
13144,116680
13145,116694
13146,116702
13147,116704
13148,116716
13149,116720
13150,116722
13151,116724
13152,116738
13153,116740
13154,116742
13155,116754
13156,116781
13157,116787
13158,116797
13159,116799
13160,116801
13161,116803
13162,116805
13163,116807
13164,116811
13165,116813
13166,116815
13167,116817
13168,116821
13169,116823
13170,116825
13171,116827
13172,116833
13173,116835
13174,116837
13175,116839
13176,116841
13177,116845
13178,116847
13179,116849
13180,116855
13181,116857
13182,116859
13183,116861
13184,116863
13185,116867
13186,116881
13187,116885
13188,116887
13189,116897
13190,116899
13191,116901
13192,116903
13193,116905
13194,116907
13195,116911
13196,116935
13197,116937
13198,116945
13199,116951
13200,116957
13201,116969
13202,116975
13203,116977
13204,116985
13205,116989
13206,116991
13207,117022
13208,117105
13209,117109
13210,117115
13211,117123
13212,117125
13213,117127
13214,117138
13215,117152
13216,117154
13217,117164
13218,117166
13219,117168
13220,117172
13221,117174
13222,117176
13223,117178
13224,117180
13225,117186
13226,117194
13227,117198
13228,117308
13229,117310
13230,117312
13231,117314
13232,117320
13233,117322
13234,117324
13235,117334
13236,117344
13237,117352
13238,117354
13239,117364
13240,117370
13241,117372
13242,117415
13243,117420
13244,117424
13245,117426
13246,117432
13247,117434
13248,117438
13249,117442
13250,117444
13251,117446
13252,117450
13253,117456
13254,117460
13255,117462
13256,117464
13257,117466
13258,117470
13259,117484
13260,117513
13261,117515
13262,117517
13263,117525
13264,117529
13265,117533
13266,117537
13267,117543
13268,117549
13269,117576
13270,117580
13271,117586
13272,117590
13273,117592
13274,117594
13275,117598
13276,117602
13277,117618
13278,117628
13279,117646
13280,117654
13281,117672
13282,117682
13283,117698
13284,117702
13285,117706
13286,117708
13287,117726
13288,117728
13289,117732
13290,117734
13291,117736
13292,117738
13293,117746
13294,117748
13295,117838
13296,117843
13297,117849
13298,117851
13299,117857
13300,117861
13301,117867
13302,117869
13303,117871
13304,117873
13305,117877
13306,117881
13307,117885
13308,117887
13309,117893
13310,117895
13311,117897
13312,117907
13313,117911
13314,117924
13315,117928
13316,117930
13317,117962
13318,117964
13319,117997
13320,117999
13321,118017
13322,118040
13323,118057
13324,118082
13325,118091
13326,118093
13327,118101
13328,118109
13329,118133
13330,118166
13331,118177
13332,118193
13333,118198
13334,118202
13335,118206
13336,118236
13337,118244
13338,118246
13339,118252
13340,118256
13341,118260
13342,118266
13343,118268
13344,118270
13345,118272
13346,118284
13347,118290
13348,118302
13349,118338
13350,118340
13351,118342
13352,118344
13353,118354
13354,118380
13355,118446
13356,118460
13357,118462
13358,118464
13359,118466
13360,118472
13361,118520
13362,118546
13363,118570
13364,118576
13365,118696
13366,118698
13367,118700
13368,118702
13369,118704
13370,118706
13371,118710
13372,118744
13373,118760
13374,118766
13375,118768
13376,118784
13377,118786
13378,118788
13379,118790
13380,118798
13381,118802
13382,118814
13383,118846
13384,118856
13385,118862
13386,118864
13387,118866
13388,118876
13389,118880
13390,118882
13391,118884
13392,118888
13393,118892
13394,118894
13395,118896
13396,118898
13397,118900
13398,118902
13399,118906
13400,118908
13401,118914
13402,118920
13403,118922
13404,118924
13405,118930
13406,118968
13407,118970
13408,118972
13409,118983
13410,118985
13411,118997
13412,119065
13413,119068
13414,119080
13415,119126
13416,119139
13417,119141
13418,119145
13419,119149
13420,119155
13421,119163
13422,119171
13423,119190
13424,119214
13425,119222
13426,119305
13427,119310
13428,119318
13429,119424
13430,119430
13431,119450
13432,119563
13433,119565
13434,119571
13435,119583
13436,119585
13437,119589
13438,119601
13439,119605
13440,119621
13441,119625
13442,119629
13443,119635
13444,119641
13445,119655
13446,119670
13447,119677
13448,119683
13449,119693
13450,119714
13451,119754
13452,119762
13453,119770
13454,119780
13455,119788
13456,119802
13457,119832
13458,119836
13459,119846
13460,119856
13461,119862
13462,119901
13463,119929
13464,119946
13465,119958
13466,119962
13467,119966
13468,120108
13469,120110
13470,120126
13471,120130
13472,120132
13473,120134
13474,120138
13475,120200
13476,120204
13477,120212
13478,120214
13479,120216
13480,120222
13481,120234
13482,120240
13483,120246
13484,120254
13485,120270
13486,120280
13487,120284
13488,120290
13489,120292
13490,120294
13491,120301
13492,120307
13493,120311
13494,120313
13495,120382
13496,120384
13497,120388
13498,120392
13499,120462
13500,120466
13501,120468
13502,120470
13503,120474
13504,120476
13505,120478
13506,120482
13507,120486
13508,120508
13509,120574
13510,120588
13511,120610
13512,120614
13513,120623
13514,120625
13515,120627
13516,120629
13517,120631
13518,120635
13519,120637
13520,120761
13521,120765
13522,120769
13523,120775
13524,120777
13525,120781
13526,120783
13527,120787
13528,120789
13529,120799
13530,120803
13531,120807
13532,120811
13533,120821
13534,120825
13535,120827
13536,120831
13537,120835
13538,120843
13539,120853
13540,120867
13541,120871
13542,120919
13543,120928
13544,120930
13545,121003
13546,121005
13547,121007
13548,121021
13549,121023
13550,121029
13551,121035
13552,121039
13553,121041
13554,121083
13555,121087
13556,121097
13557,121103
13558,121111
13559,121113
13560,121115
13561,121122
13562,121126
13563,121129
13564,121133
13565,121137
13566,121141
13567,121145
13568,121157
13569,121165
13570,121169
13571,121171
13572,121188
13573,121217
13574,121221
13575,121223
13576,121225
13577,121229
13578,121231
13579,121241
13580,121249
13581,121253
13582,121271
13583,121273
13584,121275
13585,121277
13586,121286
13587,121298
13588,121300
13589,121302
13590,121304
13591,121310
13592,121316
13593,121320
13594,121330
13595,121338
13596,121342
13597,121354
13598,121366
13599,121368
13600,121370
13601,121376
13602,121386
13603,121409
13604,121430
13605,121432
13606,121451
13607,121453
13608,121459
13609,121469
13610,121473
13611,121485
13612,121491
13613,121545
13614,121557
13615,121588
13616,121596
13617,121624
13618,121634
13619,121650
13620,121677
13621,121715
13622,121727
13623,121737
13624,121741
13625,121759
13626,121775
13627,121785
13628,121797
13629,121825
13630,121841
13631,121845
13632,121857
13633,121873
13634,121877
13635,121879
13636,121917
13637,121943
13638,121997
13639,122001
13640,122005
13641,122015
13642,122031
13643,122048
13644,122050
13645,122062
13646,122084
13647,122088
13648,122108
13649,122110
13650,122129
13651,122133
13652,122212
13653,122228
13654,122244
13655,122246
13656,122256
13657,122260
13658,122280
13659,122282
13660,122284
13661,122290
13662,122294
13663,122304
13664,122306
13665,122308
13666,122315
13667,122321
13668,122323
13669,122343
13670,122371
13671,122397
13672,122399
13673,122406
13674,122421
13675,122423
13676,122431
13677,122441
13678,122447
13679,122462
13680,122472
13681,122480
13682,122490
13683,122509
13684,122521
13685,122527
13686,122535
13687,122559
13688,122565
13689,122575
13690,122577
13691,122585
13692,122601
13693,122615
13694,122659
13695,122667
13696,122685
13697,122699
13698,122707
13699,122729
13700,122735
13701,122737
13702,122743
13703,122760
13704,122764
13705,122770
13706,122781
13707,122819
13708,122839
13709,122867
13710,122869
13711,122876
13712,122878
13713,122882
13714,122884
13715,122886
13716,122888
13717,122890
13718,122892
13719,122896
13720,122898
13721,122900
13722,122902
13723,122904
13724,122906
13725,122908
13726,122910
13727,122912
13728,122914
13729,122916
13730,122918
13731,122920
13732,122922
13733,122924
13734,122926
13735,122932
13736,122934
13737,122938
13738,122940
13739,122948
13740,122956
13741,122994
13742,123000
13743,123008
13744,123036
13745,123048
13746,123081
13747,123095
13748,123101
13749,123155
13750,123182
13751,123184
13752,123194
13753,123196
13754,123198
13755,123219
13756,123221
13757,123235
13758,123252
13759,123288
13760,123298
13761,123310
13762,123337
13763,123355
13764,123369
13765,123389
13766,123393
13767,123395
13768,123417
13769,123419
13770,123439
13771,123455
13772,123467
13773,123471
13774,123493
13775,123495
13776,123514
13777,123528
13778,123575
13779,123577
13780,123589
13781,123591
13782,123625
13783,123711
13784,123715
13785,123721
13786,123737
13787,123743
13788,123757
13789,123775
13790,123836
13791,123840
13792,123844
13793,123939
13794,123947
13795,123949
13796,123951
13797,123965
13798,123979
13799,123983
13800,124005
13801,124031
13802,124050
13803,124067
13804,124073
13805,124077
13806,124109
13807,124123
13808,124131
13809,124137
13810,124160
13811,124164
13812,124170
13813,124174
13814,124190
13815,124192
13816,124230
13817,124232
13818,124253
13819,124273
13820,124326
13821,124394
13822,124410
13823,124418
13824,124420
13825,124425
13826,124458
13827,124470
13828,124492
13829,124494
13830,124513
13831,124521
13832,124527
13833,124537
13834,124552
13835,124554
13836,124575
13837,124615
13838,124633
13839,124655
13840,124669
13841,124671
13842,124709
13843,124735
13844,124751
13845,124775
13846,124777
13847,124803
13848,124813
13849,124841
13850,124851
13851,124855
13852,124859
13853,124865
13854,124867
13855,124879
13856,124901
13857,124903
13858,124909
13859,124987
13860,125013
13861,125043
13862,125047
13863,125049
13864,125051
13865,125059
13866,125109
13867,125133
13868,125139
13869,125141
13870,125147
13871,125153
13872,125171
13873,125191
13874,125197
13875,125205
13876,125211
13877,125213
13878,125235
13879,125237
13880,125241
13881,125275
13882,125301
13883,125315
13884,125359
13885,125367
13886,125377
13887,125397
13888,125443
13889,125447
13890,125455
13891,125467
13892,125473
13893,125503
13894,125507
13895,125519
13896,125533
13897,125535
13898,125537
13899,125539
13900,125541
13901,125543
13902,125545
13903,125563
13904,125565
13905,125567
13906,125569
13907,125587
13908,125599
13909,125609
13910,125611
13911,125630
13912,125648
13913,125661
13914,125786
13915,125836
13916,125862
13917,125868
13918,125878
13919,125896
13920,125906
13921,125914
13922,125916
13923,125918
13924,125932
13925,125970
13926,125982
13927,126000
13928,126008
13929,126016
13930,126020
13931,126034
13932,126046
13933,126048
13934,126066
13935,126086
13936,126088
13937,126090
13938,126106
13939,126128
13940,126156
13941,126243
13942,126245
13943,126385
13944,126387
13945,126389
13946,126414
13947,126418
13948,126428
13949,126430
13950,126482
13951,126548
13952,126562
13953,126586
13954,126588
13955,126591
13956,126593
13957,126597
13958,126599
13959,126767
13960,126777
13961,126799
13962,126923
13963,126933
13964,126935
13965,126937
13966,126939
13967,126943
13968,126947
13969,126953
13970,126963
13971,126977
13972,126983
13973,127019
13974,127021
13975,127029
13976,127033
13977,127035
13978,127040
13979,127052
13980,127054
13981,127060
13982,127066
13983,127072
13984,127076
13985,127082
13986,127084
13987,127088
13988,127094
13989,127096
13990,127098
13991,127108
13992,127110
13993,127112
13994,127114
13995,127116
13996,127118
13997,127120
13998,127122
13999,127124
14000,127126
14001,127128
14002,127130
14003,127132
14004,127134
14005,127136
14006,127138
14007,127140
14008,127142
14009,127144
14010,127146
14011,127148
14012,127154
14013,127156
14014,127164
14015,127168
14016,127172
14017,127178
14018,127180
14019,127182
14020,127184
14021,127186
14022,127188
14023,127192
14024,127194
14025,127196
14026,127198
14027,127200
14028,127202
14029,127204
14030,127206
14031,127208
14032,127210
14033,127212
14034,127214
14035,127216
14036,127218
14037,127222
14038,127224
14039,127226
14040,127228
14041,127230
14042,127234
14043,127252
14044,127262
14045,127268
14046,127288
14047,127294
14048,127298
14049,127302
14050,127311
14051,127315
14052,127319
14053,127321
14054,127323
14055,127331
14056,127347
14057,127390
14058,127433
14059,127441
14060,127443
14061,127445
14062,127451
14063,127453
14064,127565
14065,127579
14066,127583
14067,127587
14068,127600
14069,127606
14070,127610
14071,127626
14072,127630
14073,127640
14074,127652
14075,127685
14076,127699
14077,127703
14078,127715
14079,127724
14080,127726
14081,127833
14082,127857
14083,127859
14084,127861
14085,127865
14086,127867
14087,127875
14088,127879
14089,127881
14090,127974
14091,127987
14092,127993
14093,128021
14094,128067
14095,128071
14096,128109
14097,128127
14098,128129
14099,128153
14100,128155
14101,128179
14102,128187
14103,128235
14104,128247
14105,128277
14106,128303
14107,128320
14108,128322
14109,128327
14110,128358
14111,128360
14112,128371
14113,128393
14114,128425
14115,128429
14116,128447
14117,128480
14118,128488
14119,128490
14120,128506
14121,128508
14122,128512
14123,128538
14124,128540
14125,128542
14126,128560
14127,128578
14128,128592
14129,128594
14130,128600
14131,128604
14132,128606
14133,128608
14134,128612
14135,128614
14136,128620
14137,128626
14138,128630
14139,128632
14140,128644
14141,128656
14142,128671
14143,128695
14144,128697
14145,128701
14146,128727
14147,128734
14148,128776
14149,128818
14150,128832
14151,128834
14152,128836
14153,128838
14154,128842
14155,128850
14156,128862
14157,128864
14158,128870
14159,128872
14160,128874
14161,128878
14162,128880
14163,128908
14164,128918
14165,128922
14166,128924
14167,128926
14168,128942
14169,128944
14170,128948
14171,128950
14172,128975
14173,128981
14174,128985
14175,128987
14176,128991
14177,129009
14178,129013
14179,129017
14180,129021
14181,129032
14182,129034
14183,129036
14184,129050
14185,129052
14186,129066
14187,129078
14188,129195
14189,129199
14190,129229
14191,129233
14192,129237
14193,129245
14194,129268
14195,129289
14196,129291
14197,129299
14198,129301
14199,129307
14200,129309
14201,129337
14202,129340
14203,129344
14204,129348
14205,129350
14206,129352
14207,129354
14208,129358
14209,129364
14210,129370
14211,129372
14212,129376
14213,129378
14214,129401
14215,129415
14216,129425
14217,129428
14218,129435
14219,129443
14220,129445
14221,129447
14222,129454
14223,129476
14224,129488
14225,129490
14226,129502
14227,129514
14228,129530
14229,129657
14230,129659
14231,129703
14232,129707
14233,129709
14234,129713
14235,129719
14236,129737
14237,129739
14238,129781
14239,129788
14240,129820
14241,129834
14242,129836
14243,129838
14244,129845
14245,129855
14246,129859
14247,129909
14248,129913
14249,129941
14250,129947
14251,129980
14252,130016
14253,130020
14254,130034
14255,130040
14256,130042
14257,130044
14258,130050
14259,130052
14260,130058
14261,130071
14262,130073
14263,130075
14264,130087
14265,130099
14266,130105
14267,130128
14268,130148
14269,130235
14270,130254
14271,130259
14272,130261
14273,130275
14274,130284
14275,130332
14276,130351
14277,130356
14278,130378
14279,130382
14280,130402
14281,130416
14282,130422
14283,130444
14284,130446
14285,130448
14286,130450
14287,130452
14288,130460
14289,130464
14290,130474
14291,130488
14292,130490
14293,130492
14294,130496
14295,130506
14296,130512
14297,130520
14298,130522
14299,130532
14300,130554
14301,130576
14302,130578
14303,130580
14304,130584
14305,130588
14306,130596
14307,130602
14308,130612
14309,130614
14310,130618
14311,130622
14312,130628
14313,130634
14314,130636
14315,130640
14316,130642
14317,130644
14318,130682
14319,130684
14320,130686
14321,130702
14322,130758
14323,130772
14324,130784
14325,130788
14326,130812
14327,130830
14328,130840
14329,130842
14330,130846
14331,130848
14332,130850
14333,130854
14334,130860
14335,130862
14336,130878
14337,130882
14338,130904
14339,130922
14340,130956
14341,130958
14342,130970
14343,130976
14344,130978
14345,130984
14346,130986
14347,130988
14348,131013
14349,131015
14350,131023
14351,131031
14352,131050
14353,131056
14354,131066
14355,131082
14356,131092
14357,131128
14358,131130
14359,131134
14360,131138
14361,131140
14362,131142
14363,131158
14364,131168
14365,131170
14366,131176
14367,131209
14368,131239
14369,131243
14370,131254
14371,131256
14372,131262
14373,131361
14374,131389
14375,131433
14376,131439
14377,131446
14378,131448
14379,131451
14380,131457
14381,131464
14382,131470
14383,131474
14384,131478
14385,131480
14386,131498
14387,131500
14388,131504
14389,131542
14390,131554
14391,131562
14392,131568
14393,131570
14394,131594
14395,131610
14396,131624
14397,131626
14398,131644
14399,131656
14400,131658
14401,131660
14402,131670
14403,131674
14404,131710
14405,131714
14406,131724
14407,131726
14408,131739
14409,131796
14410,131804
14411,131808
14412,131824
14413,131842
14414,131846
14415,131850
14416,131920
14417,131966
14418,131986
14419,132046
14420,132056
14421,132070
14422,132072
14423,132074
14424,132112
14425,132114
14426,132128
14427,132130
14428,132132
14429,132136
14430,132146
14431,132148
14432,132153
14433,132157
14434,132169
14435,132173
14436,132180
14437,132182
14438,132196
14439,132210
14440,132212
14441,132242
14442,132323
14443,132335
14444,132338
14445,132340
14446,132352
14447,132362
14448,132364
14449,132381
14450,132414
14451,132424
14452,132432
14453,132448
14454,132450
14455,132452
14456,132456
14457,132464
14458,132480
14459,132484
14460,132486
14461,132488
14462,132492
14463,132494
14464,132496
14465,132508
14466,132524
14467,132526
14468,132539
14469,132547
14470,132549
14471,132555
14472,132557
14473,132559
14474,132561
14475,132569
14476,132571
14477,132575
14478,132584
14479,132586
14480,132588
14481,132594
14482,132604
14483,132608
14484,132614
14485,132618
14486,132626
14487,132630
14488,132638
14489,132650
14490,132654
14491,132656
14492,132658
14493,132660
14494,132672
14495,132727
14496,132729
14497,132735
14498,132741
14499,132766
14500,132796
14501,132798
14502,132800
14503,132824
14504,132838
14505,132874
14506,132883
14507,132898
14508,132902
14509,132942
14510,132950
14511,132952
14512,132954
14513,132961
14514,132965
14515,132979
14516,132981
14517,132983
14518,132999
14519,133037
14520,133047
14521,133099
14522,133125
14523,133127
14524,133139
14525,133157
14526,133159
14527,133181
14528,133185
14529,133187
14530,133195
14531,133199
14532,133207
14533,133211
14534,133219
14535,133223
14536,133229
14537,133233
14538,133241
14539,133266
14540,133276
14541,133281
14542,133285
14543,133299
14544,133319
14545,133321
14546,133325
14547,133329
14548,133357
14549,133365
14550,133371
14551,133377
14552,133389
14553,133391
14554,133399
14555,133401
14556,133404
14557,133409
14558,133417
14559,133419
14560,133423
14561,133437
14562,133439
14563,133443
14564,133455
14565,133457
14566,133479
14567,133507
14568,133509
14569,133511
14570,133531
14571,133545
14572,133549
14573,133559
14574,133567
14575,133569
14576,133581
14577,133645
14578,133667
14579,133669
14580,133677
14581,133691
14582,133695
14583,133697
14584,133699
14585,133712
14586,133716
14587,133724
14588,133749
14589,133751
14590,133769
14591,133771
14592,133778
14593,133780
14594,133798
14595,133800
14596,133806
14597,133824
14598,133832
14599,133837
14600,133845
14601,133869
14602,133873
14603,133885
14604,133902
14605,133945
14606,133955
14607,133980
14608,134002
14609,134021
14610,134031
14611,134041
14612,134043
14613,134059
14614,134079
14615,134087
14616,134103
14617,134113
14618,134115
14619,134117
14620,134120
14621,134130
14622,134142
14623,134156
14624,134158
14625,134162
14626,134170
14627,134178
14628,134180
14629,134182
14630,134184
14631,134204
14632,134212
14633,134214
14634,134234
14635,134246
14636,134248
14637,134256
14638,134260
14639,134264
14640,134292
14641,134294
14642,134302
14643,134324
14644,134326
14645,134328
14646,134360
14647,134368
14648,134374
14649,134378
14650,134381
14651,134383
14652,134393
14653,134499
14654,134503
14655,134513
14656,134515
14657,134517
14658,134528
14659,134538
14660,134549
14661,134565
14662,134569
14663,134575
14664,134579
14665,134585
14666,134587
14667,134591
14668,134601
14669,134603
14670,134607
14671,134617
14672,134625
14673,134657
14674,134661
14675,134664
14676,134678
14677,134687
14678,134704
14679,134710
14680,134712
14681,134751
14682,134757
14683,134775
14684,134777
14685,134779
14686,134783
14687,134794
14688,134796
14689,134804
14690,134815
14691,134831
14692,134838
14693,134847
14694,134849
14695,134853
14696,134855
14697,134859
14698,134867
14699,134871
14700,134879
14701,134881
14702,134883
14703,134896
14704,134915
14705,134957
14706,134959
14707,134963
14708,134971
14709,135007
14710,135023
14711,135041
14712,135055
14713,135061
14714,135073
14715,135097
14716,135117
14717,135119
14718,135127
14719,135133
14720,135137
14721,135141
14722,135143
14723,135149
14724,135161
14725,135166
14726,135172
14727,135184
14728,135186
14729,135190
14730,135202
14731,135218
14732,135226
14733,135234
14734,135240
14735,135248
14736,135264
14737,135288
14738,135296
14739,135316
14740,135420
14741,135426
14742,135430
14743,135434
14744,135436
14745,135442
14746,135444
14747,135462
14748,135480
14749,135484
14750,135488
14751,135490
14752,135492
14753,135494
14754,135500
14755,135504
14756,135506
14757,135508
14758,135510
14759,135512
14760,135518
14761,135528
14762,135532
14763,135534
14764,135536
14765,135539
14766,135557
14767,135567
14768,135569
14769,135575
14770,135581
14771,135597
14772,135601
14773,135613
14774,135625
14775,135647
14776,135649
14777,135653
14778,135677
14779,135695
14780,135759
14781,135765
14782,135769
14783,135777
14784,135803
14785,135817
14786,135825
14787,135827
14788,135829
14789,135833
14790,135839
14791,135846
14792,135848
14793,135850
14794,135852
14795,135859
14796,135861
14797,135873
14798,135875
14799,135885
14800,135887
14801,135889
14802,135917
14803,135925
14804,135927
14805,135929
14806,135937
14807,135953
14808,135957
14809,135971
14810,135974
14811,136014
14812,136016
14813,136018
14814,136020
14815,136024
14816,136046
14817,136088
14818,136148
14819,136194
14820,136196
14821,136198
14822,136200
14823,136204
14824,136212
14825,136223
14826,136225
14827,136229
14828,136237
14829,136241
14830,136247
14831,136303
14832,136305
14833,136307
14834,136361
14835,136367
14836,136369
14837,136373
14838,136427
14839,136433
14840,136449
14841,136457
14842,136459
14843,136467
14844,136477
14845,136485
14846,136491
14847,136495
14848,136497
14849,136501
14850,136503
14851,136505
14852,136513
14853,136526
14854,136530
14855,136532
14856,136538
14857,136546
14858,136554
14859,136560
14860,136562
14861,136564
14862,136592
14863,136598
14864,136600
14865,136602
14866,136608
14867,136626
14868,136636
14869,136642
14870,136650
14871,136654
14872,136656
14873,136666
14874,136678
14875,136680
14876,136690
14877,136698
14878,136718
14879,136730
14880,136732
14881,136736
14882,136756
14883,136782
14884,136784
14885,136806
14886,136810
14887,136828
14888,136844
14889,136848
14890,136855
14891,136857
14892,136859
14893,136864
14894,136868
14895,136874
14896,136906
14897,136910
14898,136916
14899,136926
14900,136980
14901,136992
14902,136996
14903,136998
14904,137002
14905,137004
14906,137012
14907,137014
14908,137032
14909,137034
14910,137040
14911,137060
14912,137062
14913,137072
14914,137090
14915,137096
14916,137108
14917,137110
14918,137112
14919,137130
14920,137148
14921,137150
14922,137152
14923,137186
14924,137188
14925,137190
14926,137192
14927,137196
14928,137206
14929,137226
14930,137228
14931,137234
14932,137236
14933,137278
14934,137294
14935,137299
14936,137309
14937,137323
14938,137327
14939,137337
14940,137347
14941,137367
14942,137381
14943,137383
14944,137385
14945,137387
14946,137389
14947,137391
14948,137393
14949,137397
14950,137425
14951,137445
14952,137451
14953,137463
14954,137473
14955,137475
14956,137513
14957,137531
14958,137561
14959,137563
14960,137570
14961,137595
14962,137612
14963,137616
14964,137660
14965,137668
14966,137670
14967,137711
14968,137715
14969,137749
14970,137755
14971,137761
14972,137787
14973,137825
14974,137847
14975,137853
14976,137857
14977,137900
14978,137906
14979,137914
14980,137936
14981,138024
14982,138032
14983,138034
14984,138036
14985,138100
14986,138104
14987,138120
14988,138136
14989,138152
14990,138170
14991,138186
14992,138190
14993,138202
14994,138204
14995,138208
14996,138210
14997,138212
14998,138230
14999,138246
15000,138258
15001,138408
15002,138422
15003,138448
15004,138454
15005,138492
15006,138500
15007,138526
15008,138528
15009,138546
15010,138602
15011,138610
15012,138618
15013,138626
15014,138632
15015,138650
15016,138674
15017,138702
15018,138713
15019,138748
15020,138754
15021,138760
15022,138808
15023,138816
15024,138835
15025,138892
15026,138894
15027,138912
15028,138968
15029,138980
15030,139008
15031,139012
15032,139028
15033,139034
15034,139036
15035,139046
15036,139050
15037,139052
15038,139056
15039,139062
15040,139064
15041,139084
15042,139086
15043,139100
15044,139120
15045,139132
15046,139134
15047,139138
15048,139157
15049,139181
15050,139195
15051,139205
15052,139213
15053,139217
15054,139249
15055,139275
15056,139281
15057,139291
15058,139299
15059,139305
15060,139313
15061,139323
15062,139329
15063,139349
15064,139385
15065,139395
15066,139399
15067,139415
15068,139417
15069,139419
15070,139421
15071,139467
15072,139487
15073,139489
15074,139497
15075,139499
15076,139501
15077,139505
15078,139511
15079,139515
15080,139525
15081,139529
15082,139533
15083,139545
15084,139553
15085,139571
15086,139575
15087,139598
15088,139608
15089,139612
15090,139620
15091,139624
15092,139634
15093,139640
15094,139642
15095,139644
15096,139655
15097,139663
15098,139701
15099,139713
15100,139721
15101,139723
15102,139725
15103,139733
15104,139747
15105,139755
15106,139757
15107,139775
15108,139779
15109,139793
15110,139797
15111,139811
15112,139817
15113,139821
15114,139825
15115,139831
15116,139835
15117,139847
15118,139855
15119,139857
15120,139865
15121,139875
15122,139877
15123,139879
15124,139893
15125,139897
15126,139901
15127,139913
15128,139920
15129,139938
15130,140032
15131,140056
15132,140072
15133,140074
15134,140080
15135,140094
15136,140106
15137,140110
15138,140115
15139,140123
15140,140131
15141,140133
15142,140144
15143,140148
15144,140154
15145,140160
15146,140162
15147,140174
15148,140190
15149,140222
15150,140237
15151,140239
15152,140245
15153,140247
15154,140267
15155,140273
15156,140291
15157,140297
15158,140299
15159,140313
15160,140315
15161,140329
15162,140331
15163,140333
15164,140339
15165,140341
15166,140343
15167,140351
15168,140361
15169,140367
15170,140381
15171,140383
15172,140393
15173,140397
15174,140401
15175,140403
15176,140451
15177,140475
15178,140481
15179,140503
15180,140505
15181,140511
15182,140523
15183,140525
15184,140529
15185,140531
15186,140539
15187,140543
15188,140547
15189,140549
15190,140551
15191,140557
15192,140565
15193,140575
15194,140585
15195,140629
15196,140631
15197,140645
15198,140701
15199,140705
15200,140711
15201,140713
15202,140715
15203,140725
15204,140731
15205,140737
15206,140739
15207,140743
15208,140747
15209,140769
15210,140789
15211,140791
15212,140795
15213,140799
15214,140805
15215,140814
15216,140816
15217,140818
15218,140828
15219,140834
15220,140842
15221,140846
15222,140848
15223,140856
15224,140862
15225,140866
15226,140868
15227,140874
15228,140880
15229,140882
15230,140896
15231,140928
15232,140932
15233,140944
15234,140956
15235,140962
15236,141004
15237,141006
15238,141032
15239,141036
15240,141058
15241,141060
15242,141098
15243,141100
15244,141102
15245,141104
15246,141112
15247,141116
15248,141120
15249,141131
15250,141133
15251,141139
15252,141149
15253,141154
15254,141166
15255,141175
15256,141197
15257,141199
15258,141216
15259,141303
15260,141307
15261,141315
15262,141345
15263,141373
15264,141395
15265,141397
15266,141404
15267,141406
15268,141408
15269,141412
15270,141414
15271,141418
15272,141422
15273,141432
15274,141438
15275,141452
15276,141456
15277,141466
15278,141472
15279,141474
15280,141495
15281,141501
15282,141536
15283,141544
15284,141550
15285,141552
15286,141556
15287,141602
15288,141610
15289,141622
15290,141630
15291,141636
15292,141646
15293,141648
15294,141656
15295,141658
15296,141660
15297,141664
15298,141674
15299,141676
15300,141682
15301,141688
15302,141690
15303,141702
15304,141710
15305,141712
15306,141714
15307,141718
15308,141725
15309,141739
15310,141741
15311,141749
15312,141761
15313,141763
15314,141795
15315,141806
15316,141816
15317,141832
15318,141844
15319,141846
15320,141852
15321,141856
15322,141866
15323,141868
15324,141870
15325,141874
15326,141884
15327,141890
15328,141898
15329,141908
15330,141912
15331,141916
15332,141922
15333,141924
15334,141926
15335,141928
15336,141946
15337,141950
15338,141954
15339,141956
15340,141964
15341,141970
15342,141984
15343,141994
15344,142010
15345,142032
15346,142050
15347,142056
15348,142058
15349,142060
15350,142062
15351,142070
15352,142074
15353,142078
15354,142084
15355,142086
15356,142090
15357,142106
15358,142108
15359,142113
15360,142115
15361,142117
15362,142158
15363,142170
15364,142174
15365,142184
15366,142198
15367,142212
15368,142222
15369,142226
15370,142246
15371,142258
15372,142264
15373,142322
15374,142344
15375,142346
15376,142348
15377,142362
15378,142364
15379,142372
15380,142374
15381,142376
15382,142382
15383,142384
15384,142386
15385,142388
15386,142408
15387,142416
15388,142420
15389,142422
15390,142424
15391,142448
15392,142450
15393,142456
15394,142472
15395,142488
15396,142490
15397,142492
15398,142498
15399,142503
15400,142507
15401,142509
15402,142515
15403,142534
15404,142536
15405,142540
15406,142544
15407,142546
15408,142566
15409,142568
15410,142574
15411,142596
15412,142598
15413,142604
15414,142628
15415,142671
15416,142677
15417,142695
15418,142765
15419,142788
15420,142813
15421,142817
15422,142819
15423,142823
15424,142825
15425,142827
15426,142835
15427,142839
15428,142841
15429,142843
15430,142883
15431,142887
15432,142909
15433,142917
15434,142921
15435,142923
15436,142925
15437,142927
15438,142931
15439,142937
15440,142939
15441,142943
15442,142961
15443,142969
15444,142975
15445,142997
15446,142999
15447,143043
15448,143045
15449,143055
15450,143069
15451,143128
15452,143154
15453,143168
15454,143192
15455,143197
15456,143199
15457,143209
15458,143239
15459,143245
15460,143257
15461,143259
15462,143263
15463,143271
15464,143275
15465,143299
15466,143303
15467,143309
15468,143335
15469,143345
15470,143347
15471,143355
15472,143361
15473,143365
15474,143367
15475,143377
15476,143385
15477,143387
15478,143389
15479,143408
15480,143426
15481,143440
15482,143444
15483,143452
15484,143458
15485,143462
15486,143472
15487,143474
15488,143476
15489,143486
15490,143506
15491,143511
15492,143515
15493,143517
15494,143531
15495,143547
15496,143549
15497,143563
15498,143565
15499,143595
15500,143599
15501,143623
15502,143647
15503,143657
15504,143661
15505,143663
15506,143668
15507,143695
15508,143721
15509,143723
15510,143757
15511,143769
15512,143787
15513,143859
15514,143861
15515,143863
15516,143868
15517,143876
15518,143878
15519,143884
15520,143894
15521,143896
15522,143930
15523,143961
15524,143969
15525,143990
15526,144022
15527,144025
15528,144050
15529,144056
15530,144058
15531,144064
15532,144066
15533,144070
15534,144074
15535,144134
15536,144138
15537,144146
15538,144148
15539,144154
15540,144168
15541,144170
15542,144172
15543,144180
15544,144196
15545,144204
15546,144208
15547,144210
15548,144218
15549,144224
15550,144250
15551,144266
15552,144270
15553,144340
15554,144368
15555,144376
15556,144378
15557,144402
15558,144406
15559,144466
15560,144468
15561,144472
15562,144482
15563,144492
15564,144500
15565,144532
15566,144580
15567,144584
15568,144606
15569,144620
15570,144626
15571,144636
15572,144650
15573,144664
15574,144668
15575,144692
15576,144700
15577,144710
15578,144712
15579,144714
15580,144716
15581,144740
15582,144784
15583,144846
15584,144920
15585,144930
15586,144938
15587,144960
15588,144976
15589,145014
15590,145028
15591,145056
15592,145062
15593,145064
15594,145070
15595,145080
15596,145090
15597,145094
15598,145110
15599,145112
15600,145118
15601,145132
15602,145140
15603,145142
15604,145150
15605,145164
15606,145196
15607,145230
15608,145255
15609,145283
15610,145307
15611,145320
15612,145340
15613,145384
15614,145390
15615,145400
15616,145418
15617,145430
15618,145493
15619,145514
15620,145524
15621,145572
15622,145578
15623,145590
15624,145702
15625,145733
15626,145735
15627,145745
15628,145759
15629,145781
15630,145799
15631,145831
15632,145839
15633,145895
15634,145909
15635,145927
15636,145935
15637,145953
15638,145955
15639,145972
15640,146006
15641,146024
15642,146030
15643,146034
15644,146066
15645,146072
15646,146134
15647,146238
15648,146242
15649,146275
15650,146277
15651,146279
15652,146301
15653,146303
15654,146307
15655,146309
15656,146313
15657,146329
15658,146337
15659,146372
15660,146400
15661,146417
15662,146429
15663,146556
15664,146582
15665,146608
15666,146632
15667,146642
15668,146656
15669,146662
15670,146682
15671,146688
15672,146690
15673,146700
15674,146732
15675,146848
15676,146870
15677,146900
15678,146904
15679,146916
15680,146920
15681,146922
15682,146926
15683,146928
15684,146932
15685,146944
15686,146948
15687,147002
15688,147006
15689,147008
15690,147022
15691,147024
15692,147035
15693,147108
15694,147120
15695,147126
15696,147142
15697,147144
15698,147166
15699,147196
15700,147216
15701,147232
15702,147240
15703,147250
15704,147268
15705,147278
15706,147282
15707,147298
15708,147304
15709,147322
15710,147340
15711,147346
15712,147356
15713,147364
15714,147386
15715,147402
15716,147410
15717,147426
15718,147428
15719,147430
15720,147441
15721,147452
15722,147475
15723,147499
15724,147524
15725,147548
15726,147562
15727,147597
15728,147615
15729,147655
15730,147692
15731,147702
15732,147726
15733,147750
15734,147754
15735,147768
15736,147783
15737,147789
15738,147817
15739,147831
15740,147913
15741,147919
15742,147923
15743,147925
15744,147927
15745,147940
15746,147942
15747,147986
15748,147988
15749,147992
15750,147994
15751,148030
15752,148034
15753,148036
15754,148048
15755,148054
15756,148058
15757,148062
15758,148070
15759,148078
15760,148080
15761,148095
15762,148108
15763,148110
15764,148114
15765,148160
15766,148166
15767,148172
15768,148186
15769,148192
15770,148194
15771,148196
15772,148198
15773,148206
15774,148210
15775,148224
15776,148232
15777,148238
15778,148240
15779,148242
15780,148244
15781,148248
15782,148280
15783,148288
15784,148294
15785,148333
15786,148357
15787,148369
15788,148374
15789,148376
15790,148382
15791,148388
15792,148402
15793,148410
15794,148418
15795,148424
15796,148426
15797,148430
15798,148432
15799,148440
15800,148444
15801,148446
15802,148464
15803,148480
15804,148482
15805,148484
15806,148590
15807,148620
15808,148626
15809,148632
15810,148636
15811,148638
15812,148642
15813,148652
15814,148665
15815,148667
15816,148683
15817,148685
15818,148689
15819,148699
15820,148707
15821,148709
15822,148715
15823,148721
15824,148727
15825,148729
15826,148775
15827,148779
15828,148781
15829,148785
15830,148816
15831,148838
15832,148848
15833,148853
15834,148855
15835,148863
15836,148869
15837,148881
15838,148888
15839,148898
15840,148928
15841,148940
15842,148942
15843,148952
15844,148954
15845,148956
15846,148960
15847,148970
15848,148972
15849,148974
15850,148976
15851,148984
15852,149001
15853,149011
15854,149072
15855,149075
15856,149092
15857,149096
15858,149098
15859,149106
15860,149108
15861,149234
15862,149302
15863,149314
15864,149334
15865,149348
15866,149352
15867,149354
15868,149398
15869,149406
15870,149410
15871,149418
15872,149426
15873,149434
15874,149442
15875,149466
15876,149484
15877,149532
15878,149552
15879,149578
15880,149584
15881,149588
15882,149590
15883,149614
15884,149632
15885,149658
15886,149664
15887,149668
15888,149676
15889,149711
15890,149719
15891,149753
15892,149764
15893,149796
15894,149798
15895,149808
15896,149828
15897,149830
15898,149842
15899,149866
15900,149868
15901,150016
15902,150090
15903,150140
15904,150156
15905,150184
15906,150194
15907,150230
15908,150234
15909,150254
15910,150262
15911,150278
15912,150280
15913,150282
15914,150292
15915,150294
15916,150312
15917,150342
15918,150354
15919,150381
15920,150395
15921,150523
15922,150534
15923,150538
15924,150598
15925,150602
15926,150606
15927,150617
15928,150657
15929,150663
15930,150694
15931,150696
15932,150708
15933,150724
15934,150736
15935,150756
15936,150766
15937,150778
15938,150790
15939,150814
15940,150818
15941,150820
15942,150840
15943,150842
15944,150848
15945,150870
15946,150884
15947,150904
15948,150922
15949,150950
15950,150993
15951,151027
15952,151030
15953,151032
15954,151040
15955,151078
15956,151094
15957,151107
15958,151113
15959,151117
15960,151123
15961,151137
15962,151139
15963,151145
15964,151149
15965,151175
15966,151199
15967,151208
15968,151214
15969,151216
15970,151311
15971,151313
15972,151315
15973,151319
15974,151321
15975,151343
15976,151367
15977,151384
15978,151414
15979,151433
15980,151437
15981,151441
15982,151445
15983,151449
15984,151455
15985,151459
15986,151501
15987,151515
15988,151557
15989,151559
15990,151565
15991,151567
15992,151587
15993,151593
15994,151597
15995,151599
15996,151605
15997,151621
15998,151629
15999,151631
16000,151639
16001,151645
16002,151649
16003,151671
16004,151677
16005,151687
16006,151693
16007,151695
16008,151697
16009,151707
16010,151717
16011,151719
16012,151723
16013,151731
16014,151735
16015,151739
16016,151745
16017,151749
16018,151759
16019,151761
16020,151763
16021,151777
16022,151781
16023,151783
16024,151787
16025,151789
16026,151791
16027,151804
16028,151849
16029,151881
16030,151887
16031,151900
16032,151911
16033,151921
16034,151929
16035,151933
16036,151959
16037,152017
16038,152019
16039,152027
16040,152029
16041,152031
16042,152039
16043,152045
16044,152047
16045,152055
16046,152059
16047,152061
16048,152063
16049,152065
16050,152067
16051,152071
16052,152077
16053,152079
16054,152081
16055,152083
16056,152085
16057,152087
16058,152091
16059,152093
16060,152103
16061,152115
16062,152121
16063,152125
16064,152135
16065,152137
16066,152143
16067,152145
16068,152151
16069,152171
16070,152179
16071,152183
16072,152192
16073,152210
16074,152216
16075,152220
16076,152234
16077,152242
16078,152244
16079,152258
16080,152280
16081,152284
16082,152288
16083,152290
16084,152300
16085,152376
16086,152381
16087,152389
16088,152425
16089,152445
16090,152467
16091,152479
16092,152493
16093,152495
16094,152499
16095,152501
16096,152515
16097,152531
16098,152547
16099,152565
16100,152569
16101,152575
16102,152591
16103,152664
16104,152678
16105,152755
16106,152757
16107,152772
16108,152782
16109,152801
16110,152836
16111,152838
16112,152840
16113,152842
16114,152846
16115,152848
16116,152850
16117,152852
16118,152868
16119,152924
16120,152940
16121,152970
16122,153020
16123,153048
16124,153070
16125,153106
16126,153124
16127,153174
16128,153178
16129,153304
16130,153398
16131,153408
16132,153446
16133,153464
16134,153486
16135,153518
16136,153526
16137,153564
16138,153578
16139,153582
16140,153608
16141,153672
16142,153710
16143,153756
16144,153758
16145,153762
16146,153786
16147,153865
16148,153879
16149,153915
16150,153923
16151,153931
16152,153939
16153,153959
16154,154013
16155,154037
16156,154051
16157,154069
16158,154077
16159,154083
16160,154092
16161,154094
16162,154096
16163,154162
16164,154178
16165,154218
16166,154224
16167,154232
16168,154246
16169,154268
16170,154270
16171,154276
16172,154288
16173,154341
16174,154348
16175,154358
16176,154404
16177,154434
16178,154436
16179,154454
16180,154474
16181,154476
16182,154494
16183,154576
16184,154580
16185,154584
16186,154628
16187,154630
16188,154638
16189,154690
16190,154694
16191,154698
16192,154723
16193,154731
16194,154739
16195,154742
16196,154757
16197,154794
16198,154858
16199,154862
16200,154868
16201,154890
16202,154892
16203,154898
16204,154908
16205,154921
16206,154927
16207,154935
16208,154939
16209,154941
16210,154947
16211,154963
16212,154971
16213,154998
16214,155018
16215,155020
16216,155026
16217,155060
16218,155062
16219,155064
16220,155066
16221,155070
16222,155074
16223,155088
16224,155127
16225,155149
16226,155164
16227,155166
16228,155172
16229,155181
16230,155283
16231,155288
16232,155296
16233,155360
16234,155362
16235,155366
16236,155368
16237,155370
16238,155372
16239,155392
16240,155405
16241,155415
16242,155425
16243,155430
16244,155499
16245,155501
16246,155507
16247,155509
16248,155541
16249,155543
16250,155545
16251,155573
16252,155579
16253,155601
16254,155619
16255,155625
16256,155639
16257,155659
16258,155691
16259,155697
16260,155713
16261,155715
16262,155727
16263,155758
16264,155774
16265,155776
16266,155788
16267,155796
16268,155798
16269,155800
16270,155804
16271,155810
16272,155814
16273,155818
16274,155820
16275,155828
16276,155830
16277,155832
16278,155844
16279,155860
16280,155864
16281,155874
16282,155892
16283,155896
16284,155898
16285,155950
16286,155963
16287,155968
16288,155976
16289,155980
16290,155984
16291,156000
16292,156002
16293,156025
16294,156029
16295,156067
16296,156085
16297,156104
16298,156109
16299,156143
16300,156187
16301,156244
16302,156256
16303,156286
16304,156305
16305,156313
16306,156323
16307,156364
16308,156369
16309,156371
16310,156375
16311,156387
16312,156390
16313,156489
16314,156519
16315,156551
16316,156565
16317,156575
16318,156581
16319,156605
16320,156607
16321,156609
16322,156641
16323,156675
16324,156682
16325,156688
16326,156692
16327,156694
16328,156714
16329,156718
16330,156722
16331,156726
16332,156773
16333,156775
16334,156791
16335,156801
16336,156810
16337,156819
16338,156826
16339,156828
16340,156832
16341,156903
16342,156919
16343,156940
16344,156942
16345,156944
16346,156968
16347,156972
16348,157017
16349,157055
16350,157057
16351,157059
16352,157061
16353,157073
16354,157091
16355,157098
16356,157100
16357,157106
16358,157122
16359,157130
16360,157138
16361,157142
16362,157154
16363,157156
16364,157162
16365,157164
16366,157176
16367,157196
16368,157198
16369,157200
16370,157212
16371,157222
16372,157224
16373,157226
16374,157268
16375,157276
16376,157284
16377,157296
16378,157312
16379,157318
16380,157326
16381,157336
16382,157338
16383,157340
16384,157342
16385,157346
16386,157348
16387,157355
16388,157359
16389,157361
16390,157365
16391,157377
16392,157379
16393,157385
16394,157407
16395,157411
16396,157421
16397,157432
16398,157445
16399,157498
16400,157567
16401,157569
16402,157573
16403,157621
16404,157645
16405,157671
16406,157699
16407,157771
16408,157777
16409,157797
16410,157807
16411,157835
16412,157849
16413,157851
16414,157865
16415,157881
16416,157887
16417,157891
16418,157895
16419,157927
16420,157959
16421,157961
16422,157973
16423,158001
16424,158007
16425,158070
16426,158092
16427,158121
16428,158139
16429,158149
16430,158157
16431,158159
16432,158216
16433,158238
16434,158242
16435,158244
16436,158246
16437,158258
16438,158260
16439,158268
16440,158286
16441,158292
16442,158294
16443,158312
16444,158314
16445,158336
16446,158348
16447,158358
16448,158368
16449,158382
16450,158384
16451,158396
16452,158412
16453,158414
16454,158486
16455,158491
16456,158528
16457,158530
16458,158532
16459,158534
16460,158538
16461,158581
16462,158603
16463,158611
16464,158619
16465,158625
16466,158629
16467,158651
16468,158661
16469,158687
16470,158725
16471,158731
16472,158735
16473,158737
16474,158759
16475,158761
16476,158763
16477,158779
16478,158783
16479,158807
16480,158813
16481,158827
16482,158830
16483,158832
16484,158840
16485,158842
16486,158854
16487,158856
16488,158858
16489,158870
16490,158872
16491,158878
16492,158902
16493,158904
16494,158908
16495,158928
16496,158930
16497,158932
16498,158946
16499,158952
16500,158956
16501,158958
16502,158962
16503,158966
16504,158970
16505,158972
16506,158974
16507,158990
16508,158992
16509,158996
16510,159000
16511,159017
16512,159022
16513,159024
16514,159028
16515,159030
16516,159040
16517,159042
16518,159050
16519,159061
16520,159077
16521,159083
16522,159093
16523,159105
16524,159109
16525,159131
16526,159147
16527,159155
16528,159159
16529,159161
16530,159163
16531,159167
16532,159177
16533,159183
16534,159185
16535,159191
16536,159193
16537,159195
16538,159203
16539,159225
16540,159243
16541,159247
16542,159249
16543,159271
16544,159315
16545,159373
16546,159395
16547,159399
16548,159403
16549,159405
16550,159415
16551,159423
16552,159439
16553,159441
16554,159447
16555,159449
16556,159451
16557,159462
16558,159469
16559,159484
16560,159486
16561,159488
16562,159490
16563,159538
16564,159540
16565,159542
16566,159606
16567,159610
16568,159614
16569,159618
16570,159622
16571,159628
16572,159632
16573,159634
16574,159650
16575,159652
16576,159658
16577,159682
16578,159690
16579,159696
16580,159698
16581,159710
16582,159717
16583,159721
16584,159729
16585,159731
16586,159755
16587,159784
16588,159801
16589,159813
16590,159817
16591,159827
16592,159829
16593,159849
16594,159858
16595,159860
16596,159898
16597,159906
16598,159917
16599,159944
16600,159976
16601,159988
16602,159992
16603,159996
16604,160010
16605,160012
16606,160080
16607,160084
16608,160110
16609,160114
16610,160116
16611,160153
16612,160159
16613,160161
16614,160187
16615,160199
16616,160207
16617,160209
16618,160221
16619,160231
16620,160238
16621,160271
16622,160287
16623,160289
16624,160293
16625,160301
16626,160303
16627,160317
16628,160327
16629,160337
16630,160352
16631,160356
16632,160380
16633,160386
16634,160400
16635,160416
16636,160420
16637,160436
16638,160438
16639,160470
16640,160511
16641,160519
16642,160533
16643,160545
16644,160547
16645,160551
16646,160555
16647,160557
16648,160559
16649,160563
16650,160565
16651,160569
16652,160571
16653,160575
16654,160581
16655,160586
16656,160588
16657,160596
16658,160608
16659,160644
16660,160646
16661,160648
16662,160656
16663,160676
16664,160684
16665,160700
16666,160706
16667,160710
16668,160714
16669,160718
16670,160726
16671,160764
16672,160768
16673,160792
16674,160798
16675,160800
16676,160804
16677,160810
16678,160812
16679,160828
16680,160846
16681,160848
16682,160860
16683,160864
16684,160866
16685,160868
16686,160872
16687,160876
16688,160892
16689,160896
16690,160910
16691,160912
16692,160926
16693,160938
16694,160942
16695,160948
16696,160950
16697,160952
16698,160954
16699,160976
16700,160980
16701,160982
16702,160984
16703,160988
16704,160990
16705,160996
16706,161008
16707,161032
16708,161034
16709,161036
16710,161046
16711,161056
16712,161060
16713,161062
16714,161076
16715,161078
16716,161082
16717,161107
16718,161121
16719,161127
16720,161131
16721,161153
16722,161171
16723,161179
16724,161181
16725,161198
16726,161208
16727,161214
16728,161216
16729,161234
16730,161250
16731,161266
16732,161270
16733,161292
16734,161300
16735,161308
16736,161312
16737,161330
16738,161332
16739,161334
16740,161336
16741,161344
16742,161346
16743,161348
16744,161354
16745,161360
16746,161426
16747,161432
16748,161490
16749,161502
16750,161504
16751,161512
16752,161534
16753,161556
16754,161580
16755,161582
16756,161586
16757,161594
16758,161620
16759,161622
16760,161624
16761,161630
16762,161634
16763,161640
16764,161642
16765,161650
16766,161654
16767,161658
16768,161674
16769,161676
16770,161686
16771,161688
16772,161738
16773,161742
16774,161746
16775,161752
16776,161756
16777,161762
16778,161770
16779,161776
16780,161778
16781,161794
16782,161796
16783,161820
16784,161830
16785,161834
16786,161846
16787,161852
16788,161872
16789,161882
16790,161892
16791,161908
16792,161918
16793,161920
16794,161922
16795,161924
16796,161926
16797,161932
16798,161934
16799,161942
16800,161944
16801,161948
16802,161954
16803,161958
16804,161966
16805,161970
16806,161974
16807,162058
16808,162082
16809,162150
16810,162170
16811,162224
16812,162314
16813,162316
16814,162320
16815,162322
16816,162326
16817,162344
16818,162346
16819,162348
16820,162350
16821,162352
16822,162356
16823,162380
16824,162396
16825,162414
16826,162416
16827,162418
16828,162422
16829,162430
16830,162442
16831,162450
16832,162456
16833,162460
16834,162470
16835,162472
16836,162478
16837,162482
16838,162514
16839,162540
16840,162542
16841,162546
16842,162554
16843,162566
16844,162568
16845,162574
16846,162576
16847,162578
16848,162588
16849,162594
16850,162596
16851,162598
16852,162600
16853,162602
16854,162604
16855,162606
16856,162610
16857,162624
16858,162626
16859,162636
16860,162642
16861,162650
16862,162658
16863,162662
16864,162666
16865,162674
16866,162676
16867,162678
16868,162680
16869,162682
16870,162714
16871,162716
16872,162718
16873,162726
16874,162730
16875,162732
16876,162738
16877,162746
16878,162782
16879,162808
16880,162828
16881,162830
16882,162834
16883,162848
16884,162852
16885,162868
16886,162884
16887,162886
16888,162960
16889,162968
16890,162970
16891,162982
16892,162988
16893,162990
16894,163020
16895,163048
16896,163056
16897,163066
16898,163072
16899,163076
16900,163082
16901,163086
16902,163092
16903,163096
16904,163100
16905,163108
16906,163120
16907,163122
16908,163134
16909,163136
16910,163140
16911,163158
16912,163160
16913,163168
16914,163172
16915,163174
16916,163178
16917,163180
16918,163190
16919,163228
16920,163232
16921,163246
16922,163266
16923,163268
16924,163280
16925,163282
16926,163284
16927,163286
16928,163288
16929,163290
16930,163306
16931,163312
16932,163314
16933,163320
16934,163324
16935,163326
16936,163330
16937,163340
16938,163342
16939,163344
16940,163352
16941,163374
16942,163390
16943,163396
16944,163398
16945,163420
16946,163422
16947,163440
16948,163464
16949,163478
16950,163482
16951,163488
16952,163492
16953,163504
16954,163508
16955,163512
16956,163514
16957,163541
16958,163547
16959,163551
16960,163555
16961,163561
16962,163565
16963,163567
16964,163569
16965,163571
16966,163573
16967,163587
16968,163597
16969,163611
16970,163615
16971,163645
16972,163659
16973,163663
16974,163685
16975,163717
16976,163759
16977,163767
16978,163799
16979,163805
16980,163809
16981,163817
16982,163843
16983,163863
16984,163891
16985,163909
16986,163911
16987,163919
16988,163925
16989,163931
16990,163935
16991,163937
16992,163941
16993,163949
16994,163955
16995,163959
16996,163965
16997,163971
16998,163979
16999,163981
17000,163983
17001,163985
17002,163993
17003,163999
17004,164013
17005,164017
17006,164027
17007,164073
17008,164079
17009,164103
17010,164109
17011,164135
17012,164139
17013,164141
17014,164145
17015,164147
17016,164149
17017,164155
17018,164157
17019,164163
17020,164167
17021,164173
17022,164175
17023,164179
17024,164181
17025,164189
17026,164198
17027,164200
17028,164202
17029,164226
17030,164228
17031,164258
17032,164260
17033,164264
17034,164274
17035,164276
17036,164286
17037,164290
17038,164330
17039,164342
17040,164344
17041,164367
17042,164381
17043,164395
17044,164397
17045,164399
17046,164413
17047,164423
17048,164425
17049,164431
17050,164445
17051,164449
17052,164455
17053,164528
17054,164538
17055,164540
17056,164544
17057,164546
17058,164556
17059,164568
17060,164584
17061,164606
17062,164610
17063,164616
17064,164639
17065,164641
17066,164655
17067,164657
17068,164659
17069,164689
17070,164691
17071,164699
17072,164739
17073,164741
17074,164751
17075,164755
17076,164773
17077,164801
17078,164809
17079,164817
17080,164821
17081,164829
17082,164857
17083,164877
17084,164881
17085,164887
17086,164899
17087,164905
17088,164909
17089,164917
17090,164929
17091,164931
17092,164933
17093,164935
17094,164939
17095,164943
17096,164949
17097,164971
17098,164981
17099,164987
17100,164989
17101,165003
17102,165023
17103,165041
17104,165045
17105,165059
17106,165075
17107,165087
17108,165091
17109,165099
17110,165101
17111,165103
17112,165105
17113,165111
17114,165117
17115,165121
17116,165125
17117,165139
17118,165141
17119,165147
17120,165149
17121,165159
17122,165163
17123,165171
17124,165175
17125,165179
17126,165219
17127,165225
17128,165249
17129,165259
17130,165263
17131,165279
17132,165281
17133,165283
17134,165287
17135,165289
17136,165327
17137,165329
17138,165337
17139,165343
17140,165345
17141,165347
17142,165349
17143,165351
17144,165353
17145,165357
17146,165365
17147,165407
17148,165421
17149,165441
17150,165449
17151,165461
17152,165469
17153,165473
17154,165487
17155,165489
17156,165491
17157,165493
17158,165507
17159,165511
17160,165513
17161,165529
17162,165531
17163,165533
17164,165537
17165,165539
17166,165545
17167,165549
17168,165551
17169,165581
17170,165589
17171,165593
17172,165601
17173,165603
17174,165605
17175,165635
17176,165641
17177,165643
17178,165645
17179,165647
17180,165653
17181,165671
17182,165673
17183,165677
17184,165679
17185,165681
17186,165683
17187,165699
17188,165709
17189,165723
17190,165725
17191,165731
17192,165753
17193,165755
17194,165773
17195,165791
17196,165801
17197,165827
17198,165831
17199,165841
17200,165843
17201,165853
17202,165855
17203,165859
17204,165867
17205,165869
17206,165875
17207,165877
17208,165879
17209,165889
17210,165891
17211,165897
17212,165903
17213,165905
17214,165907
17215,165939
17216,165941
17217,165947
17218,165959
17219,165963
17220,165969
17221,166005
17222,166011
17223,166018
17224,166024
17225,166028
17226,166034
17227,166036
17228,166040
17229,166044
17230,166048
17231,166140
17232,166143
17233,166149
17234,166157
17235,166161
17236,166165
17237,166235
17238,166241
17239,166255
17240,166259
17241,166283
17242,166285
17243,166291
17244,166295
17245,166312
17246,166336
17247,166373
17248,166379
17249,166393
17250,166405
17251,166409
17252,166413
17253,166415
17254,166419
17255,166461
17256,166465
17257,166478
17258,166486
17259,166492
17260,166514
17261,166520
17262,166526
17263,166528
17264,166530
17265,166532
17266,166534
17267,166544
17268,166550
17269,166562
17270,166568
17271,166572
17272,166587
17273,166591
17274,166599
17275,166609
17276,166611
17277,166615
17278,166617
17279,166621
17280,166635
17281,166637
17282,166643
17283,166653
17284,166655
17285,166665
17286,166705
17287,166733
17288,166741
17289,166755
17290,166777
17291,166782
17292,166788
17293,166804
17294,166810
17295,166812
17296,166836
17297,166842
17298,166844
17299,166854
17300,166862
17301,166888
17302,166892
17303,166906
17304,166916
17305,166918
17306,166926
17307,166932
17308,166940
17309,166946
17310,166978
17311,166988
17312,166998
17313,167018
17314,167034
17315,167036
17316,167038
17317,167042
17318,167048
17319,167064
17320,167076
17321,167080
17322,167114
17323,167122
17324,167132
17325,167134
17326,167136
17327,167162
17328,167166
17329,167174
17330,167184
17331,167186
17332,167198
17333,167234
17334,167236
17335,167248
17336,167252
17337,167276
17338,167278
17339,167304
17340,167318
17341,167322
17342,167328
17343,167334
17344,167342
17345,167348
17346,167350
17347,167352
17348,167360
17349,167366
17350,167370
17351,167376
17352,167378
17353,167380
17354,167392
17355,167420
17356,167426
17357,167430
17358,167448
17359,167460
17360,167466
17361,167470
17362,167478
17363,167480
17364,167492
17365,167494
17366,167544
17367,167550
17368,167564
17369,167570
17370,167576
17371,167620
17372,167628
17373,167634
17374,167636
17375,167638
17376,167640
17377,167642
17378,167644
17379,167652
17380,167658
17381,167676
17382,167702
17383,167724
17384,167732
17385,167738
17386,167742
17387,167744
17388,167746
17389,167780
17390,167788
17391,167790
17392,167792
17393,167794
17394,167810
17395,167818
17396,167824
17397,167832
17398,167848
17399,167864
17400,167870
17401,167948
17402,167962
17403,167978
17404,167986
17405,167990
17406,167992
17407,168006
17408,168008
17409,168012
17410,168026
17411,168032
17412,168060
17413,168064
17414,168090
17415,168122
17416,168136
17417,168152
17418,168168
17419,168174
17420,168194
17421,168204
17422,168214
17423,168218
17424,168230
17425,168242
17426,168248
17427,168250
17428,168252
17429,168254
17430,168266
17431,168286
17432,168288
17433,168300
17434,168302
17435,168304
17436,168316
17437,168326
17438,168328
17439,168330
17440,168334
17441,168344
17442,168348
17443,168350
17444,168352
17445,168358
17446,168360
17447,168366
17448,168370
17449,168390
17450,168410
17451,168418
17452,168420
17453,168426
17454,168430
17455,168450
17456,168452
17457,168456
17458,168458
17459,168462
17460,168464
17461,168474
17462,168482
17463,168492
17464,168534
17465,168554
17466,168568
17467,168576
17468,168586
17469,168608
17470,168610
17471,168612
17472,168620
17473,168622
17474,168630
17475,168634
17476,168638
17477,168652
17478,168670
17479,168680
17480,168712
17481,168722
17482,168728
17483,168738
17484,168748
17485,168770
17486,168776
17487,168778
17488,168788
17489,168792
17490,168806
17491,168838
17492,168854
17493,168874
17494,168884
17495,168886
17496,168888
17497,168918
17498,168920
17499,168926
17500,168930
17501,168934
17502,168944
17503,168948
17504,168960
17505,169000
17506,169004
17507,169008
17508,169010
17509,169016
17510,169020
17511,169022
17512,169064
17513,169082
17514,169094
17515,169100
17516,169102
17517,169106
17518,169132
17519,169146
17520,169166
17521,169168
17522,169170
17523,169190
17524,169194
17525,169196
17526,169204
17527,169216
17528,169218
17529,169220
17530,169246
17531,169278
17532,169282
17533,169284
17534,169294
17535,169302
17536,169306
17537,169370
17538,169392
17539,169400
17540,169420
17541,169428
17542,169430
17543,169454
17544,169474
17545,169478
17546,169480
17547,169482
17548,169486
17549,169488
17550,169590
17551,169628
17552,169652
17553,169656
17554,169664
17555,169666
17556,169668
17557,169670
17558,169682
17559,169692
17560,169720
17561,169740
17562,169746
17563,169756
17564,169760
17565,169762
17566,169764
17567,169776
17568,169784
17569,169794
17570,169804
17571,169808
17572,169812
17573,169842
17574,169860
17575,169864
17576,169868
17577,169900
17578,169902
17579,169904
17580,169906
17581,169912
17582,169948
17583,169954
17584,169958
17585,169968
17586,169976
17587,169982
17588,169984
17589,169986
17590,169992
17591,169994
17592,169996
17593,170000
17594,170006
17595,170024
17596,170026
17597,170103
17598,170113
17599,170121
17600,170125
17601,170127
17602,170129
17603,170153
17604,170167
17605,170195
17606,170207
17607,170209
17608,170217
17609,170235
17610,170251
17611,170253
17612,170263
17613,170267
17614,170281
17615,170287
17616,170289
17617,170291
17618,170303
17619,170309
17620,170319
17621,170323
17622,170331
17623,170355
17624,170357
17625,170361
17626,170369
17627,170375
17628,170391
17629,170393
17630,170397
17631,170399
17632,170401
17633,170405
17634,170407
17635,170423
17636,170427
17637,170435
17638,170441
17639,170445
17640,170471
17641,170475
17642,170477
17643,170479
17644,170485
17645,170489
17646,170501
17647,170505
17648,170509
17649,170511
17650,170529
17651,170537
17652,170551
17653,170555
17654,170557
17655,170581
17656,170597
17657,170599
17658,170601
17659,170605
17660,170615
17661,170625
17662,170629
17663,170635
17664,170637
17665,170645
17666,170649
17667,170653
17668,170665
17669,170669
17670,170673
17671,170681
17672,170691
17673,170697
17674,170699
17675,170705
17676,170709
17677,170715
17678,170741
17679,170743
17680,170745
17681,170751
17682,170763
17683,170777
17684,170787
17685,170789
17686,170797
17687,170809
17688,170813
17689,170815
17690,170817
17691,170827
17692,170829
17693,170837
17694,170849
17695,170851
17696,170853
17697,170865
17698,170875
17699,170877
17700,170885
17701,170893
17702,170897
17703,170899
17704,170907
17705,170913
17706,170915
17707,170917
17708,170919
17709,170925
17710,170927
17711,170931
17712,170933
17713,170937
17714,170943
17715,170945
17716,170947
17717,170949
17718,170957
17719,170959
17720,170961
17721,170979
17722,170981
17723,171007
17724,171009
17725,171011
17726,171013
17727,171049
17728,171071
17729,171089
17730,171093
17731,171095
17732,171097
17733,171109
17734,171111
17735,171127
17736,171131
17737,171133
17738,171141
17739,171143
17740,171161
17741,171165
17742,171167
17743,171177
17744,171195
17745,171199
17746,171207
17747,171209
17748,171211
17749,171213
17750,171225
17751,171227
17752,171233
17753,171243
17754,171251
17755,171253
17756,171263
17757,171323
17758,171329
17759,171331
17760,171337
17761,171351
17762,171359
17763,171367
17764,171423
17765,171437
17766,171439
17767,171451
17768,171455
17769,171459
17770,171461
17771,171463
17772,171467
17773,171491
17774,171495
17775,171497
17776,171501
17777,171505
17778,171513
17779,171563
17780,171573
17781,171581
17782,171583
17783,171591
17784,171605
17785,171611
17786,171613
17787,171647
17788,171671
17789,171689
17790,171703
17791,171757
17792,171759
17793,171763
17794,171765
17795,171775
17796,171793
17797,171799
17798,171817
17799,171827
17800,171835
17801,171837
17802,171843
17803,171853
17804,171865
17805,171867
17806,171869
17807,171881
17808,171895
17809,171905
17810,171925
17811,171965
17812,171971
17813,171983
17814,171985
17815,172009
17816,172017
17817,172037
17818,172041
17819,172053
17820,172059
17821,172065
17822,172075
17823,172115
17824,172117
17825,172131
17826,172137
17827,172141
17828,172151
17829,172163
17830,172173
17831,172201
17832,172207
17833,172333
17834,172343
17835,172385
17836,172389
17837,172395
17838,172405
17839,172409
17840,172411
17841,172429
17842,172435
17843,172455
17844,172457
17845,172459
17846,172461
17847,172481
17848,172485
17849,172511
17850,172541
17851,172545
17852,172547
17853,172549
17854,172551
17855,172559
17856,172573
17857,172577
17858,172583
17859,172605
17860,172617
17861,172623
17862,172641
17863,172661
17864,172663
17865,172667
17866,172683
17867,172721
17868,172725
17869,172743
17870,172747
17871,172755
17872,172799
17873,172805
17874,172807
17875,172809
17876,172813
17877,172817
17878,172843
17879,172869
17880,172877
17881,172901
17882,172907
17883,172913
17884,172915
17885,172941
17886,172943
17887,172967
17888,172981
17889,172997
17890,173007
17891,173041
17892,173083
17893,173091
17894,173093
17895,173109
17896,173119
17897,173137
17898,173139
17899,173143
17900,173145
17901,173151
17902,173155
17903,173161
17904,173165
17905,173173
17906,173187
17907,173197
17908,173203
17909,173205
17910,173207
17911,173209
17912,173213
17913,173231
17914,173233
17915,173275
17916,173277
17917,173291
17918,173301
17919,173303
17920,173313
17921,173323
17922,173325
17923,173345
17924,173369
17925,173453
17926,173461
17927,173465
17928,173469
17929,173499
17930,173501
17931,173523
17932,173527
17933,173541
17934,173549
17935,173555
17936,173567
17937,173587
17938,173599
17939,173605
17940,173613
17941,173619
17942,173623
17943,173633
17944,173635
17945,173643
17946,173677
17947,173699
17948,173711
17949,173731
17950,173733
17951,173735
17952,173767
17953,173769
17954,173771
17955,173777
17956,173781
17957,173787
17958,173797
17959,173811
17960,173817
17961,173823
17962,173831
17963,173835
17964,173845
17965,173847
17966,173865
17967,173873
17968,173879
17969,173913
17970,173925
17971,173939
17972,173941
17973,173999
17974,174011
17975,174015
17976,174017
17977,174035
17978,174043
17979,174045
17980,174051
17981,174055
17982,174063
17983,174085
17984,174087
17985,174111
17986,174141
17987,174181
17988,174205
17989,174229
17990,174233
17991,174267
17992,174269
17993,174371
17994,174393
17995,174395
17996,174403
17997,174407
17998,174415
17999,174423
18000,174425
18001,174475
18002,174477
18003,174479
18004,174487
18005,174503
18006,174511
18007,174519
18008,174527
18009,174545
18010,174549
18011,174557
18012,174563
18013,174565
18014,174567
18015,174579
18016,174639
18017,174645
18018,174655
18019,174665
18020,174679
18021,174681
18022,174691
18023,174711
18024,174727
18025,174749
18026,174755
18027,174809
18028,174811
18029,174815
18030,174819
18031,174823
18032,174831
18033,174843
18034,174851
18035,174861
18036,174873
18037,174893
18038,174901
18039,174909
18040,174929
18041,174933
18042,174963
18043,174971
18044,174991
18045,174997
18046,175011
18047,175073
18048,175115
18049,175139
18050,175141
18051,175143
18052,175151
18053,175165
18054,175167
18055,175171
18056,175175
18057,175179
18058,175187
18059,175191
18060,175195
18061,175197
18062,175199
18063,175207
18064,175213
18065,175217
18066,175219
18067,175221
18068,175239
18069,175241
18070,175243
18071,175247
18072,175253
18073,175267
18074,175277
18075,175281
18076,175301
18077,175303
18078,175309
18079,175323
18080,175329
18081,175355
18082,175357
18083,175359
18084,175363
18085,175367
18086,175373
18087,175397
18088,175429
18089,175475
18090,175479
18091,175485
18092,175487
18093,175491
18094,175505
18095,175515
18096,175527
18097,175531
18098,175539
18099,175543
18100,175569
18101,175579
18102,175585
18103,175643
18104,175649
18105,175655
18106,175657
18107,175659
18108,175661
18109,175663
18110,175667
18111,175671
18112,175727
18113,175747
18114,175753
18115,175755
18116,175757
18117,175759
18118,175761
18119,175763
18120,175765
18121,175767
18122,175773
18123,175779
18124,175791
18125,175795
18126,175797
18127,175807
18128,175809
18129,175831
18130,175845
18131,175951
18132,175955
18133,175987
18134,175989
18135,175991
18136,176009
18137,176013
18138,176015
18139,176025
18140,176057
18141,176095
18142,176099
18143,176101
18144,176103
18145,176105
18146,176113
18147,176129
18148,176149
18149,176163
18150,176173
18151,176181
18152,176183
18153,176211
18154,176221
18155,176229
18156,176259
18157,176261
18158,176263
18159,176267
18160,176273
18161,176279
18162,176291
18163,176295
18164,176313
18165,176315
18166,176317
18167,176321
18168,176331
18169,176337
18170,176339
18171,176349
18172,176365
18173,176371
18174,176403
18175,176419
18176,176423
18177,176437
18178,176499
18179,176513
18180,176515
18181,176517
18182,176529
18183,176533
18184,176551
18185,176563
18186,176565
18187,176567
18188,176599
18189,176601
18190,176603
18191,176605
18192,176609
18193,176611
18194,176679
18195,176681
18196,176683
18197,176685
18198,176717
18199,176719
18200,176723
18201,176741
18202,176743
18203,176745
18204,176751
18205,176753
18206,176757
18207,176759
18208,176767
18209,176771
18210,176799
18211,176801
18212,176805
18213,176819
18214,176829
18215,176839
18216,176841
18217,176849
18218,176873
18219,176887
18220,176889
18221,176907
18222,176915
18223,176919
18224,176921
18225,176923
18226,176927
18227,176929
18228,176933
18229,176935
18230,176937
18231,176943
18232,176945
18233,176947
18234,176961
18235,176987
18236,176991
18237,177013
18238,177035
18239,177073
18240,177101
18241,177105
18242,177147
18243,177153
18244,177157
18245,177161
18246,177163
18247,177193
18248,177205
18249,177209
18250,177213
18251,177225
18252,177231
18253,177235
18254,177237
18255,177239
18256,177243
18257,177247
18258,177263
18259,177269
18260,177271
18261,177285
18262,177287
18263,177289
18264,177305
18265,177327
18266,177339
18267,177349
18268,177365
18269,177383
18270,177393
18271,177419
18272,177421
18273,177429
18274,177455
18275,177483
18276,177495
18277,177497
18278,177531
18279,177539
18280,177545
18281,177567
18282,177587
18283,177593
18284,177601
18285,177605
18286,177607
18287,177611
18288,177615
18289,177617
18290,177639
18291,177651
18292,177663
18293,177689
18294,177691
18295,177697
18296,177703
18297,177745
18298,177763
18299,177765
18300,177769
18301,177771
18302,177787
18303,177801
18304,177807
18305,177809
18306,177829
18307,177839
18308,177847
18309,177855
18310,177857
18311,177859
18312,177867
18313,177869
18314,177871
18315,177875
18316,177883
18317,177891
18318,177901
18319,177903
18320,177913
18321,177939
18322,177945
18323,177951
18324,177953
18325,177955
18326,177993
18327,178029
18328,178043
18329,178059
18330,178061
18331,178063
18332,178077
18333,178079
18334,178083
18335,178085
18336,178111
18337,178129
18338,178335
18339,178339
18340,178357
18341,178363
18342,178367
18343,178371
18344,178375
18345,178383
18346,178401
18347,178413
18348,178447
18349,178469
18350,178471
18351,178497
18352,178509
18353,178513
18354,178521
18355,178523
18356,178529
18357,178579
18358,178607
18359,178613
18360,178645
18361,178651
18362,178667
18363,178699
18364,178701
18365,178715
18366,178725
18367,178735
18368,178789
18369,178823
18370,178827
18371,178839
18372,178843
18373,178849
18374,178851
18375,178865
18376,178885
18377,178895
18378,178907
18379,178927
18380,178933
18381,178941
18382,178943
18383,178955
18384,178961
18385,178963
18386,178981
18387,178987
18388,179001
18389,179005
18390,179007
18391,179013
18392,179051
18393,179055
18394,179061
18395,179065
18396,179075
18397,179079
18398,179085
18399,179091
18400,179099
18401,179103
18402,179105
18403,179113
18404,179115
18405,179119
18406,179121
18407,179129
18408,179133
18409,179135
18410,179137
18411,179157
18412,179173
18413,179175
18414,179203
18415,179219
18416,179221
18417,179223
18418,179241
18419,179245
18420,179247
18421,179251
18422,179275
18423,179277
18424,179281
18425,179283
18426,179285
18427,179287
18428,179289
18429,179293
18430,179295
18431,179299
18432,179301
18433,179325
18434,179327
18435,179329
18436,179331
18437,179333
18438,179337
18439,179345
18440,179353
18441,179361
18442,179363
18443,179385
18444,179393
18445,179397
18446,179399
18447,179401
18448,179405
18449,179409
18450,179413
18451,179415
18452,179417
18453,179425
18454,179429
18455,179433
18456,179437
18457,179443
18458,179449
18459,179455
18460,179457
18461,179485
18462,179491
18463,179493
18464,179503
18465,179505
18466,179511
18467,179531
18468,179589
18469,179595
18470,179647
18471,179683
18472,179687
18473,179689
18474,179695
18475,179701
18476,179705
18477,179745
18478,179747
18479,179749
18480,179751
18481,179769
18482,179779
18483,179783
18484,179785
18485,179797
18486,179811
18487,179813
18488,179815
18489,179817
18490,179819
18491,179821
18492,179823
18493,179825
18494,179863
18495,179873
18496,179877
18497,179881
18498,179889
18499,179893
18500,179901
18501,179905
18502,179909
18503,179915
18504,179919
18505,179921
18506,179925
18507,179941
18508,179957
18509,179961
18510,179977
18511,180009
18512,180017
18513,180023
18514,180025
18515,180029
18516,180031
18517,180033
18518,180037
18519,180041
18520,180045
18521,180049
18522,180053
18523,180081
18524,180093
18525,180095
18526,180099
18527,180121
18528,180137
18529,180159
18530,180161
18531,180169
18532,180203
18533,180205
18534,180221
18535,180225
18536,180231
18537,180237
18538,180261
18539,180263
18540,180265
18541,180267
18542,180297
18543,180307
18544,180311
18545,180325
18546,180367
18547,180405
18548,180417
18549,180427
18550,180435
18551,180441
18552,180443
18553,180451
18554,180453
18555,180479
18556,180481
18557,180491
18558,180495
18559,180497
18560,180511
18561,180525
18562,180547
18563,180555
18564,180567
18565,180577
18566,180581
18567,180587
18568,180591
18569,180619
18570,180655
18571,180731
18572,180737
18573,180745
18574,180773
18575,180785
18576,180833
18577,180837
18578,180867
18579,180873
18580,180875
18581,180879
18582,180913
18583,180957
18584,180965
18585,180981
18586,180985
18587,180987
18588,180997
18589,181037
18590,181067
18591,181075
18592,181077
18593,181079
18594,181111
18595,181113
18596,181115
18597,181121
18598,181133
18599,181143
18600,181169
18601,181175
18602,181203
18603,181209
18604,181211
18605,181229
18606,181267
18607,181277
18608,181281
18609,181315
18610,181325
18611,181339
18612,181413
18613,181445
18614,181449
18615,181453
18616,181465
18617,181469
18618,181473
18619,181483
18620,181489
18621,181501
18622,181505
18623,181515
18624,181573
18625,181609
18626,181613
18627,181627
18628,181641
18629,181643
18630,181645
18631,181671
18632,181707
18633,181719
18634,181731
18635,181735
18636,181737
18637,181755
18638,181785
18639,181803
18640,181839
18641,181847
18642,181871
18643,181891
18644,181901
18645,181911
18646,181915
18647,181925
18648,181957
18649,181981
18650,181987
18651,181989
18652,181999
18653,182017
18654,182039
18655,182103
18656,182137
18657,182263
18658,182265
18659,182291
18660,182293
18661,182313
18662,182319
18663,182341
18664,182349
18665,182351
18666,182359
18667,182369
18668,182407
18669,182445
18670,182459
18671,182467
18672,182475
18673,182479
18674,182485
18675,182503
18676,182507
18677,182525
18678,182531
18679,182539
18680,182541
18681,182545
18682,182547
18683,182549
18684,182555
18685,182559
18686,182581
18687,182637
18688,182645
18689,182651
18690,182653
18691,182673
18692,182683
18693,182687
18694,182713
18695,182715
18696,182723
18697,182755
18698,182773
18699,182779
18700,182783
18701,182795
18702,182803
18703,182819
18704,182823
18705,182825
18706,182835
18707,182849
18708,182871
18709,182893
18710,182895
18711,182899
18712,182915
18713,182945
18714,182949
18715,182961
18716,182963
18717,182965
18718,182967
18719,182969
18720,182971
18721,182977
18722,182979
18723,182981
18724,182983
18725,182993
18726,183011
18727,183035
18728,183043
18729,183045
18730,183047
18731,183061
18732,183063
18733,183073
18734,183077
18735,183085
18736,183087
18737,183125
18738,183149
18739,183151
18740,183155
18741,183159
18742,183161
18743,183171
18744,183175
18745,183181
18746,183197
18747,183229
18748,183235
18749,183241
18750,183243
18751,183267
18752,183269
18753,183295
18754,183309
18755,183323
18756,183339
18757,183341
18758,183353
18759,183359
18760,183377
18761,183379
18762,183387
18763,183393
18764,183401
18765,183403
18766,183405
18767,183407
18768,183409
18769,183411
18770,183413
18771,183419
18772,183421
18773,183423
18774,183445
18775,183449
18776,183451
18777,183461
18778,183507
18779,183515
18780,183537
18781,183549
18782,183551
18783,183553
18784,183573
18785,183589
18786,183593
18787,183597
18788,183611
18789,183613
18790,183619
18791,183625
18792,183627
18793,183635
18794,183641
18795,183649
18796,183653
18797,183657
18798,183675
18799,183677
18800,183683
18801,183695
18802,183699
18803,183701
18804,183703
18805,183707
18806,183713
18807,183739
18808,183741
18809,183743
18810,183779
18811,183795
18812,183799
18813,183815
18814,183817
18815,183819
18816,183827
18817,183833
18818,183837
18819,183843
18820,183855
18821,183869
18822,183873
18823,183891
18824,183895
18825,183897
18826,183909
18827,183911
18828,183913
18829,183925
18830,183939
18831,183941
18832,183967
18833,183969
18834,183985
18835,183995
18836,184001
18837,184009
18838,184011
18839,184015
18840,184017
18841,184023
18842,184027
18843,184043
18844,184045
18845,184077
18846,184089
18847,184093
18848,184113
18849,184115
18850,184119
18851,184135
18852,184157
18853,184159
18854,184169
18855,184193
18856,184211
18857,184231
18858,184235
18859,184239
18860,184251
18861,184253
18862,184257
18863,184261
18864,184265
18865,184271
18866,184287
18867,184293
18868,184313
18869,184317
18870,184339
18871,184341
18872,184349
18873,184397
18874,184399
18875,184405
18876,184427
18877,184433
18878,184443
18879,184445
18880,184471
18881,184483
18882,184501
18883,184503
18884,184511
18885,184517
18886,184541
18887,184555
18888,184557
18889,184559
18890,184567
18891,184583
18892,184599
18893,184605
18894,184609
18895,184615
18896,184619
18897,184623
18898,184637
18899,184643
18900,184657
18901,184685
18902,184701
18903,184713
18904,184715
18905,184721
18906,184729
18907,184731
18908,184735
18909,184751
18910,184753
18911,184755
18912,184769
18913,184771
18914,184777
18915,184781
18916,184783
18917,184791
18918,184795
18919,184803
18920,184811
18921,184813
18922,184815
18923,184825
18924,184835
18925,184839
18926,184855
18927,184865
18928,184899
18929,184907
18930,184909
18931,184913
18932,184917
18933,184919
18934,184923
18935,184925
18936,184931
18937,184943
18938,184945
18939,184983
18940,184987
18941,184993
18942,184997
18943,184999
18944,185001
18945,185009
18946,185021
18947,185025
18948,185027
18949,185029
18950,185031
18951,185033
18952,185035
18953,185039
18954,185041
18955,185051
18956,185057
18957,185109
18958,185145
18959,185167
18960,185169
18961,185235
18962,185263
18963,185285
18964,185293
18965,185295
18966,185303
18967,185311
18968,185315
18969,185319
18970,185353
18971,185363
18972,185375
18973,185385
18974,185425
18975,185427
18976,185429
18977,185435
18978,185437
18979,185467
18980,185471
18981,185473
18982,185475
18983,185499
18984,185515
18985,185537
18986,185539
18987,185541
18988,185545
18989,185565
18990,185567
18991,185569
18992,185571
18993,185585
18994,185599
18995,185605
18996,185653
18997,185655
18998,185657
18999,185659
19000,185663
19001,185665
19002,185667
19003,185671
19004,185683
19005,185685
19006,185711
19007,185737
19008,185785
19009,185817
19010,185841
19011,185845
19012,185851
19013,185869
19014,185875
19015,185883
19016,185899
19017,185927
19018,185963
19019,185977
19020,185979
19021,185981
19022,185987
19023,185989
19024,185997
19025,185999
19026,186001
19027,186003
19028,186005
19029,186009
19030,186029
19031,186033
19032,186037
19033,186039
19034,186045
19035,186057
19036,186071
19037,186095
19038,186107
19039,186111
19040,186133
19041,186175
19042,186187
19043,186195
19044,186201
19045,186209
19046,186215
19047,186221
19048,186241
19049,186245
19050,186251
19051,186263
19052,186297
19053,186305
19054,186311
19055,186317
19056,186339
19057,186365
19058,186367
19059,186381
19060,186409
19061,186411
19062,186421
19063,186427
19064,186429
19065,186433
19066,186447
19067,186457
19068,186479
19069,186483
19070,186491
19071,186493
19072,186495
19073,186501
19074,186509
19075,186547
19076,186551
19077,186555
19078,186573
19079,186577
19080,186587
19081,186599
19082,186641
19083,186645
19084,186651
19085,186655
19086,186683
19087,186689
19088,186693
19089,186695
19090,186697
19091,186701
19092,186707
19093,186713
19094,186715
19095,186731
19096,186803
19097,186809
19098,186827
19099,186839
19100,186853
19101,186863
19102,186871
19103,186895
19104,186905
19105,186923
19106,186945
19107,186947
19108,186953
19109,186959
19110,186973
19111,186975
19112,186983
19113,186985
19114,186999
19115,187001
19116,187023
19117,187031
19118,187035
19119,187043
19120,187047
19121,187055
19122,187067
19123,187069
19124,187081
19125,187087
19126,187091
19127,187093
19128,187109
19129,187125
19130,187133
19131,187139
19132,187145
19133,187165
19134,187173
19135,187191
19136,187199
19137,187229
19138,187231
19139,187241
19140,187245
19141,187265
19142,187285
19143,187303
19144,187309
19145,187367
19146,187381
19147,187415
19148,187455
19149,187457
19150,187461
19151,187463
19152,187479
19153,187481
19154,187493
19155,187495
19156,187501
19157,187503
19158,187505
19159,187507
19160,187511
19161,187513
19162,187521
19163,187523
19164,187527
19165,187531
19166,187539
19167,187541
19168,187551
19169,187575
19170,187579
19171,187581
19172,187583
19173,187593
19174,187595
19175,187601
19176,187603
19177,187605
19178,187611
19179,187613
19180,187625
19181,187655
19182,187661
19183,187663
19184,187687
19185,187689
19186,187713
19187,187715
19188,187717
19189,187719
19190,187723
19191,187725
19192,187737
19193,187751
19194,187753
19195,187769
19196,187777
19197,187795
19198,187799
19199,187809
19200,187813
19201,187815
19202,187821
19203,187823
19204,187847
19205,187857
19206,187861
19207,187867
19208,187873
19209,187875
19210,187907
19211,187915
19212,187937
19213,187939
19214,187957
19215,187959
19216,187977
19217,187985
19218,187993
19219,188003
19220,188011
19221,188029
19222,188035
19223,188059
19224,188067
19225,188073
19226,188083
19227,188085
19228,188091
19229,188109
19230,188113
19231,188121
19232,188163
19233,188177
19234,188179
19235,188187
19236,188189
19237,188191
19238,188207
19239,188213
19240,188215
19241,188217
19242,188221
19243,188223
19244,188231
19245,188233
19246,188261
19247,188263
19248,188283
19249,188299
19250,188301
19251,188303
19252,188305
19253,188307
19254,188309
19255,188317
19256,188339
19257,188341
19258,188383
19259,188399
19260,188419
19261,188441
19262,188449
19263,188459
19264,188477
19265,188501
19266,188503
19267,188509
19268,188517
19269,188527
19270,188533
19271,188539
19272,188541
19273,188553
19274,188559
19275,188565
19276,188575
19277,188601
19278,188603
19279,188613
19280,188621
19281,188623
19282,188627
19283,188645
19284,188649
19285,188655
19286,188659
19287,188679
19288,188693
19289,188697
19290,188731
19291,188749
19292,188751
19293,188753
19294,188757
19295,188761
19296,188773
19297,188779
19298,188785
19299,188787
19300,188789
19301,188795
19302,188797
19303,188803
19304,188805
19305,188813
19306,188815
19307,188819
19308,188821
19309,188825
19310,188829
19311,188833
19312,188837
19313,188841
19314,188843
19315,188847
19316,188859
19317,188877
19318,188895
19319,188911
19320,188941
19321,189029
19322,189031
19323,189033
19324,189037
19325,189039
19326,189041
19327,189049
19328,189061
19329,189065
19330,189069
19331,189071
19332,189081
19333,189085
19334,189109
19335,189115
19336,189117
19337,189129
19338,189149
19339,189175
19340,189189
19341,189191
19342,189197
19343,189203
19344,189205
19345,189217
19346,189229
19347,189241
19348,189253
19349,189255
19350,189317
19351,189329
19352,189331
19353,189333
19354,189347
19355,189349
19356,189357
19357,189363
19358,189383
19359,189393
19360,189399
19361,189401
19362,189405
19363,189407
19364,189431
19365,189441
19366,189447
19367,189451
19368,189455
19369,189471
19370,189473
19371,189475
19372,189477
19373,189481
19374,189483
19375,189485
19376,189497
19377,189507
19378,189509
19379,189511
19380,189513
19381,189517
19382,189527
19383,189533
19384,189539
19385,189549
19386,189551
19387,189555
19388,189559
19389,189567
19390,189577
19391,189587
19392,189595
19393,189637
19394,189641
19395,189643
19396,189647
19397,189667
19398,189669
19399,189697
19400,189713
19401,189715
19402,189745
19403,189753
19404,189777
19405,189781
19406,189783
19407,189805
19408,189809
19409,189819
19410,189835
19411,189843
19412,189845
19413,189855
19414,189873
19415,189879
19416,189885
19417,189891
19418,189893
19419,189897
19420,189923
19421,189937
19422,189953
19423,190017
19424,190025
19425,190041
19426,190051
19427,190055
19428,190067
19429,190077
19430,190085
19431,190089
19432,190103
19433,190135
19434,190165
19435,190177
19436,190183
19437,190209
19438,190245
19439,190283
19440,190293
19441,190295
19442,190297
19443,190299
19444,190305
19445,190337
19446,190339
19447,190345
19448,190349
19449,190395
19450,190397
19451,190401
19452,190433
19453,190467
19454,190507
19455,190509
19456,190527
19457,190551
19458,190553
19459,190555
19460,190569
19461,190577
19462,190613
19463,190625
19464,190641
19465,190645
19466,190649
19467,190705
19468,190707
19469,190739
19470,190741
19471,190743
19472,190747
19473,190749
19474,190751
19475,190755
19476,190759
19477,190765
19478,190783
19479,190805
19480,190835
19481,190837
19482,190839
19483,190841
19484,190845
19485,190861
19486,190881
19487,190885
19488,190889
19489,190893
19490,190901
19491,190931
19492,190937
19493,190939
19494,190945
19495,190947
19496,190949
19497,190951
19498,190955
19499,190957
19500,190959
19501,190963
19502,190975
19503,190979
19504,191013
19505,191089
19506,191093
19507,191095
19508,191099
19509,191113
19510,191135
19511,191141
19512,191143
19513,191157
19514,191163
19515,191173
19516,191189
19517,191201
19518,191213
19519,191253
19520,191261
19521,191267
19522,191273
19523,191277
19524,191289
19525,191321
19526,191351
19527,191359
19528,191363
19529,191367
19530,191413
19531,191415
19532,191427
19533,191441
19534,191459
19535,191469
19536,191471
19537,191475
19538,191479
19539,191483
19540,191489
19541,191491
19542,191495
19543,191511
19544,191663
19545,191665
19546,191667
19547,191681
19548,191687
19549,191689
19550,191695
19551,191703
19552,191717
19553,191799
19554,191805
19555,191809
19556,191811
19557,191825
19558,191829
19559,191835
19560,191857
19561,191859
19562,191869
19563,191897
19564,191911
19565,191919
19566,191931
19567,191941
19568,191965
19569,192001
19570,192019
19571,192045
19572,192047
19573,192049
19574,192083
19575,192089
19576,192093
19577,192105
19578,192107
19579,192109
19580,192121
19581,192123
19582,192163
19583,192197
19584,192209
19585,192245
19586,192265
19587,192275
19588,192279
19589,192283
19590,192285
19591,192307
19592,192315
19593,192317
19594,192319
19595,192325
19596,192341
19597,192345
19598,192357
19599,192359
19600,192377
19601,192379
19602,192381
19603,192383
19604,192385
19605,192389
19606,192393
19607,192401
19608,192411
19609,192489
19610,192497
19611,192503
19612,192537
19613,192545
19614,192551
19615,192559
19616,192561
19617,192573
19618,192579
19619,192593
19620,192635
19621,192637
19622,192645
19623,192649
19624,192671
19625,192687
19626,192693
19627,192697
19628,192701
19629,192747
19630,192751
19631,192755
19632,192765
19633,192781
19634,192783
19635,192787
19636,192793
19637,192803
19638,192811
19639,192827
19640,192829
19641,192843
19642,192857
19643,192859
19644,192877
19645,192913
19646,192937
19647,192945
19648,192953
19649,192963
19650,192979
19651,192981
19652,192993
19653,192997
19654,192999
19655,193041
19656,193051
19657,193065
19658,193101
19659,193111
19660,193125
19661,193143
19662,193145
19663,193147
19664,193149
19665,193175
19666,193183
19667,193185
19668,193215
19669,193221
19670,193239
19671,193243
19672,193247
19673,193261
19674,193267
19675,193269
19676,193271
19677,193273
19678,193277
19679,193279
19680,193287
19681,193293
19682,193295
19683,193315
19684,193323
19685,193341
19686,193357
19687,193371
19688,193373
19689,193395
19690,193407
19691,193429
19692,193431
19693,193445
19694,193449
19695,193451
19696,193455
19697,193477
19698,193485
19699,193487
19700,193493
19701,193495
19702,193499
19703,193507
19704,193565
19705,193589
19706,193593
19707,193597
19708,193599
19709,193603
19710,193605
19711,193679
19712,193683
19713,193695
19714,193697
19715,193705
19716,193719
19717,193731
19718,193771
19719,193779
19720,193783
19721,193785
19722,193821
19723,193843
19724,193849
19725,193864
19726,193884
19727,193898
19728,193900
19729,193904
19730,193906
19731,193916
19732,193942
19733,193944
19734,193946
19735,193950
19736,193958
19737,193960
19738,193974
19739,193978
19740,193986
19741,194000
19742,194004
19743,194006
19744,194016
19745,194022
19746,194026
19747,194036
19748,194038
19749,194052
19750,194058
19751,194060
19752,194074
19753,194078
19754,194080
19755,194082
19756,194084
19757,194102
19758,194128
19759,194154
19760,194162
19761,194164
19762,194170
19763,194172
19764,194174
19765,194176
19766,194180
19767,194200
19768,194206
19769,194230
19770,194238
19771,194254
19772,194296
19773,194312
19774,194326
19775,194348
19776,194358
19777,194388
19778,194396
19779,194400
19780,194402
19781,194408
19782,194410
19783,194414
19784,194416
19785,194420
19786,194422
19787,194424
19788,194426
19789,194428
19790,194430
19791,194434
19792,194436
19793,194448
19794,194454
19795,194456
19796,194462
19797,194464
19798,194466
19799,194470
19800,194478
19801,194520
19802,194532
19803,194556
19804,194602
19805,194612
19806,194632
19807,194636
19808,194638
19809,194646
19810,194648
19811,194664
19812,194680
19813,194692
19814,194696
19815,194708
19816,194710
19817,194716
19818,194729
19819,194744
19820,194746
19821,194748
19822,194750
19823,194762
19824,194772
19825,194785
19826,194819
19827,194821
19828,194823
19829,194825
19830,194827
19831,194833
19832,194849
19833,194851
19834,194861
19835,194899
19836,194903
19837,194911
19838,194947
19839,194951
19840,194959
19841,194969
19842,194975
19843,194991
19844,195001
19845,195009
19846,195011
19847,195019
19848,195021
19849,195041
19850,195045
19851,195063
19852,195065
19853,195071
19854,195075
19855,195087
19856,195095
19857,195103
19858,195159
19859,195161
19860,195163
19861,195165
19862,195167
19863,195173
19864,195191
19865,195201
19866,195209
19867,195247
19868,195251
19869,195253
19870,195257
19871,195285
19872,195291
19873,195293
19874,195295
19875,195305
19876,195307
19877,195315
19878,195343
19879,195349
19880,195355
19881,195361
19882,195369
19883,195391
19884,195415
19885,195425
19886,195433
19887,195449
19888,195451
19889,195473
19890,195485
19891,195497
19892,195517
19893,195533
19894,195561
19895,195587
19896,195619
19897,195639
19898,195645
19899,195665
19900,195689
19901,195709
19902,195723
19903,195725
19904,195739
19905,195745
19906,195747
19907,195755
19908,195767
19909,195775
19910,195777
19911,195795
19912,195823
19913,195849
19914,195855
19915,195921
19916,195929
19917,195961
19918,196001
19919,196005
19920,196021
19921,196035
19922,196047
19923,196055
19924,196067
19925,196071
19926,196073
19927,196081
19928,196085
19929,196107
19930,196113
19931,196117
19932,196129
19933,196143
19934,196151
19935,196175
19936,196191
19937,196223
19938,196231
19939,196257
19940,196319
19941,196341
19942,196343
19943,196345
19944,196373
19945,196381
19946,196407
19947,196417
19948,196487
19949,196569
19950,196601
19951,196619
19952,196777
19953,196851
19954,196885
19955,196887
19956,196889
19957,196891
19958,196893
19959,196895
19960,196913
19961,196915
19962,196931
19963,196937
19964,196953
19965,196957
19966,196997
19967,197003
19968,197009
19969,197013
19970,197027
19971,197049
19972,197063
19973,197069
19974,197071
19975,197073
19976,197121
19977,197133
19978,197141
19979,197143
19980,197157
19981,197175
19982,197179
19983,197197
19984,197199
19985,197201
19986,197203
19987,197207
19988,197211
19989,197225
19990,197233
19991,197309
19992,197343
19993,197351
19994,197361
19995,197363
19996,197365
19997,197379
19998,197389
19999,197403
20000,197419
20001,197429
20002,197443
20003,197453
20004,197491
20005,197493
20006,197509
20007,197523
20008,197527
20009,197529
20010,197537
20011,197573
20012,197607
20013,197611
20014,197623
20015,197651
20016,197663
20017,197679
20018,197689
20019,197691
20020,197697
20021,197699
20022,197707
20023,197709
20024,197711
20025,197713
20026,197715
20027,197749
20028,197777
20029,197875
20030,197877
20031,197879
20032,197881
20033,197883
20034,197885
20035,197889
20036,197909
20037,197957
20038,197987
20039,198071
20040,198085
20041,198101
20042,198111
20043,198121
20044,198129
20045,198143
20046,198147
20047,198151
20048,198153
20049,198157
20050,198161
20051,198171
20052,198185
20053,198225
20054,198235
20055,198241
20056,198265
20057,198273
20058,198275
20059,198283
20060,198441
20061,198461
20062,198497
20063,198499
20064,198503
20065,198523
20066,198525
20067,198531
20068,198577
20069,198581
20070,198609
20071,198611
20072,198645
20073,198649
20074,198657
20075,198673
20076,198677
20077,198707
20078,198731
20079,198741
20080,198829
20081,198831
20082,198833
20083,198851
20084,198853
20085,198859
20086,198865
20087,198881
20088,198883
20089,198913
20090,199013
20091,199017
20092,199025
20093,199065
20094,199073
20095,199075
20096,199083
20097,199095
20098,199101
20099,199173
20100,199205
20101,199207
20102,199219
20103,199227
20104,199237
20105,199249
20106,199255
20107,199261
20108,199277
20109,199279
20110,199289
20111,199307
20112,199319
20113,199333
20114,199337
20115,199364
20116,199366
20117,199372
20118,199434
20119,199436
20120,199466
20121,199476
20122,199514
20123,199528
20124,199538
20125,199566
20126,199580
20127,199586
20128,199588
20129,199590
20130,199604
20131,199610
20132,199618
20133,199626
20134,199648
20135,199834
20136,199866
20137,199904
20138,199910
20139,199912
20140,199918
20141,199940
20142,199948
20143,199964
20144,199966
20145,199974
20146,199982
20147,199984
20148,199998
20149,200042
20150,200054
20151,200060
20152,200074
20153,200094
20154,200132
20155,200256
20156,200286
20157,200300
20158,200306
20159,200322
20160,200326
20161,200330
20162,200332
20163,200354
20164,200368
20165,200372
20166,200476
20167,200486
20168,200502
20169,200528
20170,200530
20171,200538
20172,200540
20173,200542
20174,200544
20175,200546
20176,200548
20177,200566
20178,200580
20179,200596
20180,200614
20181,200630
20182,200668
20183,200678
20184,200686
20185,200696
20186,200732
20187,200814
20188,200818
20189,200820
20190,200822
20191,200824
20192,200838
20193,200864
20194,200866
20195,200904
20196,200910
20197,200938
20198,200978
20199,200982
20200,200998
20201,201008
20202,201016
20203,201026
20204,201048
20205,201050
20206,201072
20207,201158
20208,201162
20209,201188
20210,201200
20211,201240
20212,201242
20213,201280
20214,201286
20215,201306
20216,201308
20217,201314
20218,201320
20219,201336
20220,201340
20221,201356
20222,201368
20223,201430
20224,201432
20225,201434
20226,201436
20227,201444
20228,201450
20229,201452
20230,201480
20231,201488
20232,201536
20233,201540
20234,201586
20235,201588
20236,201594
20237,201602
20238,201616
20239,201626
20240,201636
20241,201638
20242,201644
20243,201646
20244,201648
20245,201654
20246,201708
20247,201725
20248,201729
20249,201737
20250,201739
20251,201747
20252,201749
20253,201757
20254,201759
20255,201761
20256,201773
20257,201811
20258,201815
20259,201915
20260,201935
20261,201937
20262,201993
20263,202033
20264,202037
20265,202057
20266,202077
20267,202101
20268,202103
20269,202153
20270,202155
20271,202159
20272,202195
20273,202237
20274,202249
20275,202291
20276,202319
20277,202335
20278,202345
20279,202359
20280,202361
20281,202393
20282,202401
20283,202415
20284,202417
20285,202421
20286,202427
20287,202429
20288,202431
20289,202433
20290,202435
20291,202439
20292,202441
20293,202443
20294,202445
20295,202455
20296,202479
20297,202497
20298,202499
20299,202511
20300,202517
20301,202519
20302,202533
20303,202545
20304,202575
20305,202599
20306,202661
20307,202681
20308,202749
20309,202767
20310,202799
20311,202815
20312,202828
20313,202934
20314,203010
20315,203040
20316,203062
20317,203066
20318,203070
20319,203136
20320,203154
20321,203160
20322,203202
20323,203208
20324,203212
20325,203218
20326,203222
20327,203224
20328,203230
20329,203256
20330,203258
20331,203278
20332,203296
20333,203302
20334,203304
20335,203322
20336,203360
20337,203364
20338,203373
20339,203375
20340,203403
20341,203413
20342,203417
20343,203503
20344,203513
20345,203519
20346,203523
20347,203525
20348,203527
20349,203591
20350,203615
20351,203619
20352,203639
20353,203643
20354,203659
20355,203663
20356,203691
20357,203749
20358,203867
20359,203881
20360,203886
20361,203888
20362,203894
20363,203904
20364,203922
20365,203928
20366,203934
20367,203940
20368,203956
20369,203966
20370,204042
20371,204096
20372,204098
20373,204104
20374,204132
20375,204152
20376,204158
20377,204168
20378,204212
20379,204246
20380,204252
20381,204262
20382,204268
20383,204282
20384,204294
20385,204318
20386,204336
20387,204352
20388,204366
20389,204388
20390,204394
20391,204474
20392,204478
20393,204490
20394,204496
20395,204530
20396,204542
20397,204544
20398,204558
20399,204578
20400,204596
20401,204642
20402,204686
20403,204688
20404,204692
20405,204696
20406,204698
20407,204702
20408,204704
20409,204708
20410,204722
20411,204742
20412,204750
20413,204782
20414,204806
20415,204824
20416,204826
20417,204836
20418,204846
20419,204868
20420,204878
20421,204926
20422,204940
20423,204966
20424,204980
20425,205034
20426,205048
20427,205052
20428,205054
20429,205064
20430,205072
20431,205076
20432,205102
20433,205128
20434,205130
20435,205142
20436,205156
20437,205205
20438,205287
20439,205291
20440,205297
20441,205303
20442,205323
20443,205327
20444,205329
20445,205373
20446,205379
20447,205383
20448,205385
20449,205393
20450,205425
20451,205439
20452,205441
20453,205461
20454,205473
20455,205545
20456,205549
20457,205569
20458,205583
20459,205617
20460,205619
20461,205623
20462,205661
20463,205689
20464,205693
20465,205763
20466,205769
20467,205841
20468,205857
20469,205861
20470,205889
20471,205893
20472,205897
20473,205917
20474,205941
20475,205945
20476,206008
20477,206022
20478,206073
20479,206103
20480,206107
20481,206109
20482,206115
20483,206131
20484,206135
20485,206166
20486,206176
20487,206200
20488,206216
20489,206240
20490,206246
20491,206272
20492,206285
20493,206289
20494,206345
20495,206393
20496,206397
20497,206399
20498,206419
20499,206435
20500,206449
20501,206451
20502,206453
20503,206489
20504,206497
20505,206499
20506,206513
20507,206535
20508,206645
20509,206647
20510,206649
20511,206694
20512,206700
20513,206702
20514,206714
20515,206717
20516,206755
20517,206757
20518,206781
20519,206795
20520,206805
20521,206845
20522,206847
20523,206857
20524,206867
20525,206879
20526,206899
20527,206927
20528,206931
20529,206933
20530,206939
20531,206949
20532,206959
20533,207101
20534,207107
20535,207131
20536,207189
20537,207203
20538,207209
20539,207223
20540,207229
20541,207233
20542,207243
20543,207247
20544,207249
20545,207255
20546,207273
20547,207287
20548,207297
20549,207301
20550,207309
20551,207311
20552,207313
20553,207319
20554,207367
20555,207397
20556,207399
20557,207405
20558,207417
20559,207453
20560,207511
20561,207513
20562,207522
20563,207632
20564,207636
20565,207638
20566,207678
20567,207686
20568,207712
20569,207752
20570,207796
20571,207830
20572,207888
20573,207890
20574,207906
20575,207914
20576,207916
20577,207918
20578,207940
20579,207978
20580,207984
20581,207990
20582,207994
20583,207996
20584,208002
20585,208028
20586,208068
20587,208082
20588,208096
20589,208104
20590,208108
20591,208110
20592,208124
20593,208203
20594,208205
20595,208207
20596,208227
20597,208231
20598,208241
20599,208247
20600,208253
20601,208281
20602,208289
20603,208295
20604,208303
20605,208341
20606,208357
20607,208429
20608,208443
20609,208469
20610,208497
20611,208533
20612,208537
20613,208555
20614,208599
20615,208619
20616,208621
20617,208639
20618,208645
20619,208651
20620,208655
20621,208683
20622,208703
20623,208715
20624,208719
20625,208737
20626,208747
20627,208749
20628,208773
20629,208795
20630,208800
20631,208804
20632,208807
20633,208813
20634,208835
20635,208843
20636,208885
20637,208939
20638,208951
20639,208971
20640,208979
20641,209049
20642,209063
20643,209097
20644,209099
20645,209139
20646,209173
20647,209287
20648,209311
20649,209313
20650,209315
20651,209321
20652,209401
20653,209403
20654,209433
20655,209437
20656,209459
20657,209469
20658,209477
20659,209497
20660,209525
20661,209551
20662,209559
20663,209595
20664,209639
20665,209653
20666,209667
20667,209695
20668,209715
20669,209731
20670,209735
20671,209895
20672,209917
20673,209965
20674,209979
20675,210031
20676,210035
20677,210057
20678,210077
20679,210099
20680,210143
20681,210169
20682,210175
20683,210189
20684,210203
20685,210235
20686,210271
20687,210331
20688,210379
20689,210455
20690,210469
20691,210479
20692,210485
20693,210521
20694,210539
20695,210541
20696,210569
20697,210571
20698,210573
20699,210575
20700,210577
20701,210621
20702,210751
20703,210803
20704,210805
20705,210825
20706,210837
20707,210847
20708,210849
20709,210851
20710,210855
20711,210857
20712,210859
20713,210861
20714,210865
20715,210867
20716,210869
20717,210895
20718,210897
20719,210909
20720,210915
20721,210973
20722,211009
20723,211031
20724,211045
20725,211049
20726,211063
20727,211077
20728,211111
20729,211139
20730,211159
20731,211167
20732,211203
20733,211225
20734,211241
20735,211245
20736,211318
20737,211341
20738,211379
20739,211391
20740,211393
20741,211402
20742,211426
20743,211452
20744,211514
20745,211570
20746,211660
20747,211688
20748,211726
20749,211744
20750,211780
20751,211826
20752,211892
20753,211904
20754,211942
20755,211952
20756,211956
20757,211966
20758,211974
20759,211994
20760,212016
20761,212024
20762,212046
20763,212066
20764,212074
20765,212088
20766,212122
20767,212180
20768,212223
20769,212281
20770,212285
20771,212287
20772,212303
20773,212359
20774,212361
20775,212371
20776,212373
20777,212377
20778,212387
20779,212393
20780,212427
20781,212461
20782,212487
20783,212491
20784,212511
20785,212563
20786,212573
20787,212583
20788,212585
20789,212595
20790,212797
20791,212845
20792,212851
20793,212853
20794,212855
20795,212863
20796,212869
20797,212883
20798,212887
20799,212945
20800,213037
20801,213095
20802,213103
20803,213119
20804,213127
20805,213129
20806,213207
20807,213219
20808,213285
20809,213319
20810,213347
20811,213355
20812,213357
20813,213363
20814,213367
20815,213369
20816,213397
20817,213433
20818,213439
20819,213449
20820,213465
20821,213491
20822,213493
20823,213511
20824,213551
20825,213565
20826,213585
20827,213602
20828,213604
20829,213616
20830,213666
20831,213708
20832,213806
20833,213892
20834,213898
20835,213914
20836,213932
20837,213976
20838,213990
20839,213992
20840,213994
20841,214034
20842,214058
20843,214070
20844,214076
20845,214096
20846,214110
20847,214134
20848,214142
20849,214150
20850,214186
20851,214206
20852,214240
20853,214242
20854,214276
20855,214292
20856,214314
20857,214376
20858,214426
20859,214494
20860,214534
20861,214590
20862,214612
20863,214626
20864,214632
20865,214658
20866,214722
20867,214766
20868,214772
20869,214774
20870,214776
20871,214876
20872,214894
20873,214904
20874,214910
20875,214939
20876,214955
20877,214957
20878,214971
20879,215009
20880,215017
20881,215029
20882,215031
20883,215069
20884,215077
20885,215081
20886,215085
20887,215091
20888,215105
20889,215125
20890,215129
20891,215147
20892,215159
20893,215169
20894,215181
20895,215203
20896,215211
20897,215217
20898,215225
20899,215229
20900,215257
20901,215297
20902,215305
20903,215335
20904,215343
20905,215353
20906,215383
20907,215407
20908,215483
20909,215499
20910,215525
20911,215527
20912,215531
20913,215541
20914,215547
20915,215563
20916,215567
20917,215575
20918,215577
20919,215579
20920,215615
20921,215623
20922,215685
20923,215687
20924,215707
20925,215711
20926,215717
20927,215759
20928,215763
20929,215793
20930,215795
20931,215911
20932,215977
20933,216027
20934,216071
20935,216165
20936,216167
20937,216294
20938,216296
20939,216306
20940,216326
20941,216338
20942,216366
20943,216394
20944,216398
20945,216400
20946,216402
20947,216408
20948,216446
20949,216471
20950,216475
20951,216485
20952,216579
20953,216587
20954,216671
20955,216681
20956,216735
20957,216737
20958,216745
20959,216805
20960,216815
20961,216817
20962,216821
20963,216845
20964,216859
20965,216871
20966,216953
20967,216963
20968,217001
20969,217019
20970,217021
20971,217119
20972,217146
20973,217186
20974,217190
20975,217210
20976,217318
20977,217328
20978,217366
20979,217370
20980,217380
20981,217386
20982,217443
20983,217445
20984,217463
20985,217465
20986,217523
20987,217655
20988,217671
20989,217721
20990,217739
20991,217885
20992,217887
20993,217903
20994,217913
20995,217929
20996,217931
20997,218055
20998,218091
20999,218217
21000,218247
21001,218285
21002,218463
21003,218525
21004,218537
21005,218541
21006,218585
21007,218613
21008,218653
21009,218673
21010,218679
21011,218683
21012,218693
21013,218779
21014,218803
21015,218867
21016,218909
21017,218913
21018,218929
21019,218953
21020,218997
21021,219015
21022,219033
21023,219059
21024,219169
21025,219201
21026,219258
21027,219342
21028,219370
21029,219374
21030,219392
21031,219422
21032,219430
21033,219444
21034,219470
21035,219490
21036,219499
21037,219511
21038,219583
21039,219597
21040,219629
21041,219641
21042,219669
21043,219701
21044,219720
21045,219726
21046,219760
21047,219770
21048,219830
21049,219848
21050,219862
21051,219994
21052,220044
21053,220052
21054,220058
21055,220092
21056,220142
21057,220164
21058,220170
21059,220180
21060,220268
21061,220296
21062,220344
21063,220362
21064,220370
21065,220380
21066,220530
21067,220540
21068,220548
21069,220552
21070,220560
21071,220628
21072,220792
21073,220854
21074,220902
21075,220920
21076,220922
21077,221042
21078,221154
21079,221160
21080,221164
21081,221176
21082,221220
21083,221232
21084,221244
21085,221250
21086,221334
21087,221390
21088,221396
21089,221448
21090,221458
21091,221472
21092,221488
21093,221534
21094,221548
21095,221576
21096,221586
21097,221588
21098,221652
21099,221698
21100,221850
21101,221884
21102,221886
21103,221898
21104,221908
21105,221953
21106,222011
21107,222081
21108,222103
21109,222137
21110,222153
21111,222226
21112,222236
21113,222324
21114,222356
21115,222414
21116,222443
21117,222455
21118,222461
21119,222477
21120,222495
21121,222497
21122,222511
21123,222561
21124,222591
21125,222593
21126,222599
21127,222611
21128,222653
21129,222685
21130,222711
21131,222743
21132,222753
21133,222783
21134,222863
21135,222871
21136,222907
21137,222909
21138,222913
21139,222921
21140,223027
21141,223031
21142,223051
21143,223097
21144,223139
21145,223167
21146,223204
21147,223222
21148,223224
21149,223226
21150,223284
21151,223296
21152,223308
21153,223350
21154,223468
21155,223492
21156,223496
21157,223504
21158,223570
21159,223594
21160,223598
21161,223638
21162,223828
21163,223830
21164,223876
21165,223884
21166,223888
21167,223904
21168,223910
21169,223940
21170,223944
21171,223946
21172,223948
21173,223988
21174,224028
21175,224052
21176,224056
21177,224118
21178,224174
21179,224184
21180,224192
21181,224208
21182,224220
21183,224234
21184,224262
21185,224264
21186,224266
21187,224268
21188,224272
21189,224274
21190,224276
21191,224280
21192,224324
21193,224338
21194,224380
21195,224463
21196,224515
21197,224577
21198,224637
21199,224641
21200,224655
21201,224671
21202,224725
21203,224741
21204,224775
21205,224789
21206,224841
21207,224859
21208,224907
21209,224941
21210,224943
21211,224955
21212,224957
21213,224959
21214,224973
21215,224983
21216,225021
21217,225039
21218,225141
21219,225143
21220,225145
21221,225165
21222,225169
21223,225171
21224,225173
21225,225263
21226,225289
21227,225401
21228,225485
21229,225499
21230,225507
21231,225527
21232,225529
21233,225553
21234,225565
21235,225567
21236,225569
21237,225573
21238,225611
21239,225619
21240,225625
21241,225645
21242,225677
21243,225709
21244,225752
21245,225758
21246,225766
21247,225776
21248,225884
21249,225912
21250,225914
21251,225918
21252,225920
21253,225942
21254,225970
21255,225972
21256,225974
21257,225984
21258,225986
21259,225988
21260,225998
21261,226016
21262,226022
21263,226046
21264,226082
21265,226198
21266,226202
21267,226204
21268,226210
21269,226270
21270,226294
21271,226308
21272,226310
21273,226384
21274,226548
21275,226574
21276,226580
21277,226582
21278,226588
21279,226594
21280,226626
21281,226644
21282,226680
21283,226698
21284,226708
21285,226722
21286,226732
21287,226746
21288,226754
21289,226756
21290,226758
21291,226760
21292,226886
21293,226888
21294,227000
21295,227002
21296,227006
21297,227012
21298,227074
21299,227094
21300,227096
21301,227220
21302,227254
21303,227256
21304,227258
21305,227270
21306,227300
21307,227450
21308,227482
21309,227496
21310,227514
21311,227526
21312,227580
21313,227582
21314,227616
21315,227622
21316,227636
21317,227692
21318,227703
21319,227715
21320,227719
21321,227777
21322,227835
21323,227853
21324,227877
21325,228059
21326,228099
21327,228127
21328,228157
21329,228177
21330,228301
21331,228479
21332,228563
21333,228617
21334,228623
21335,228861
21336,228863
21337,228881
21338,228899
21339,228919
21340,229033
21341,229037
21342,229061
21343,229093
21344,229131
21345,229147
21346,229169
21347,229217
21348,229401
21349,229403
21350,229409
21351,229423
21352,229431
21353,229441
21354,229483
21355,229543
21356,229547
21357,229647
21358,229649
21359,229653
21360,229697
21361,229699
21362,229701
21363,229721
21364,229797
21365,229807
21366,230049
21367,230063
21368,230103
21369,230111
21370,230129
21371,230173
21372,230183
21373,230229
21374,230277
21375,230319
21376,230385
21377,230485
21378,230487
21379,230525
21380,230543
21381,230595
21382,230705
21383,230709
21384,230723
21385,230811
21386,230869
21387,231057
21388,231087
21389,231149
21390,231283
21391,231325
21392,231409
21393,231413
21394,231527
21395,231701
21396,231705
21397,231779
21398,231833
21399,231963
21400,231971
21401,232017
21402,232027
21403,232131
21404,232137
21405,232143
21406,232149
21407,232203
21408,232239
21409,232287
21410,232317
21411,232661
21412,232745
21413,232835
21414,233083
21415,233089
21416,233099
21417,233139
21418,233171
21419,233203
21420,233477
21421,233483
21422,233497
21423,233555
21424,233571
21425,233573
21426,233579
21427,233629
21428,233689
21429,233731
21430,233757
21431,233785
21432,233879
21433,233913
21434,233935
21435,233953
21436,233955
21437,233977
21438,233993
21439,233995
21440,234181
21441,234213
21442,234257
21443,234312
21444,234536
21445,234699
21446,234915
21447,234991
21448,235039
21449,235117
21450,235295
21451,235297
21452,235301
21453,235361
21454,235433
21455,235435
21456,235445
21457,235463
21458,235471
21459,235509
21460,235531
21461,235563
21462,235575
21463,235585
21464,235589
21465,235593
21466,235595
21467,235703
21468,235817
21469,235825
21470,235995
21471,236111
21472,236117
21473,236119
21474,236135
21475,236141
21476,236201
21477,236215
21478,236359
21479,236463
21480,236871
21481,236989
21482,236991
21483,236999
21484,237107
21485,237119
21486,237129
21487,237145
21488,237181
21489,237227
21490,237229
21491,237238
21492,237240
21493,237242
21494,237258
21495,237262
21496,237372
21497,237604
21498,237614
21499,237634
21500,237638
21501,237672
21502,237676
21503,237682
21504,237686
21505,237736
21506,237744
21507,237754
21508,237758
21509,237772
21510,237796
21511,237816
21512,237822
21513,237826
21514,237830
21515,237840
21516,237856
21517,237862
21518,237870
21519,237872
21520,237874
21521,237898
21522,237934
21523,237953
21524,237960
21525,237964
21526,237984
21527,238022
21528,238024
21529,238034
21530,238036
21531,238040
21532,238050
21533,238058
21534,238062
21535,238070
21536,238090
21537,238096
21538,238102
21539,238110
21540,238118
21541,238120
21542,238234
21543,238268
21544,238312
21545,238628
21546,238814
21547,239040
21548,239168
21549,239254
21550,239256
21551,239266
21552,239330
21553,239376
21554,239390
21555,239394
21556,239408
21557,239428
21558,239430
21559,239434
21560,239440
21561,239442
21562,239446
21563,239450
21564,239458
21565,239460
21566,239462
21567,239470
21568,239472
21569,239474
21570,239476
21571,239484
21572,239486
21573,239490
21574,239502
21575,239548
21576,239556
21577,239558
21578,239560
21579,239568
21580,239588
21581,239616
21582,239778
21583,239816
21584,240092
21585,240094
21586,240172
21587,240224
21588,240234
21589,240270
21590,240296
21591,240300
21592,240348
21593,240452
21594,240724
21595,240802
21596,241020
21597,241030
21598,241038
21599,241044
21600,241090
21601,241112
21602,241126
21603,241128
21604,241130
21605,241140
21606,241156
21607,241272
21608,241274
21609,241314
21610,241380
21611,241480
21612,241510
21613,241518
21614,241686
21615,241756
21616,241960
21617,241998
21618,242064
21619,242204
21620,242276
21621,242282
21622,242364
21623,242506
21624,242774
21625,242778
21626,242894
21627,242906
21628,242942
21629,243208
21630,243362
21631,243428
21632,243476
21633,243642
21634,243714
21635,244172
21636,244178
21637,244334
21638,244344
21639,244368
21640,244492
21641,244510
21642,244686
21643,244758
21644,244836
21645,244882
21646,244906
21647,244908
21648,244966
21649,245004
21650,245112
21651,245136
21652,245190
21653,245258
21654,245360
21655,245444
21656,245452
21657,245812
21658,245868
21659,245902
21660,245918
21661,246080
21662,246128
21663,246296
21664,246480
21665,246482
21666,246556
21667,246604
21668,246846
21669,246920
21670,247008
21671,247030
21672,247150
21673,247262
21674,247384
21675,247388
21676,247576
21677,247582
21678,247638
21679,247646
21680,247670
21681,247684
21682,247696
21683,247700
21684,247780
21685,247916
21686,247988
21687,247998
21688,248000
21689,248012
21690,248042
21691,248496
21692,248540
21693,248646
21694,248830
21695,248912
21696,248922
21697,249122
21698,249136
21699,249168
21700,249180
21701,249536
21702,249540
21703,249682
21704,249964
21705,249968
21706,250010
21707,250024
21708,250092
21709,250362
21710,250424
21711,250470
21712,250474
21713,250494
21714,250498
21715,250502
21716,250546
21717,250574
21718,250796
21719,250824
21720,250942
21721,250968
21722,250974
21723,251014
21724,251074
21725,251086
21726,251088
21727,251118
21728,251206
21729,251222
21730,251224
21731,251234
21732,251268
21733,251272
21734,251410
21735,251516
21736,251606
21737,251612
21738,251626
21739,251634
21740,251662
21741,251726
21742,251738
21743,251750
21744,251754
21745,251838
21746,251900
21747,251910
21748,251912
21749,251922
21750,251946
21751,252016
21752,252082
21753,252086
21754,252100
21755,252114
21756,252180
21757,252188
21758,252214
21759,252320
21760,252324
21761,252360
21762,252590
21763,252626
21764,252630
21765,252670
21766,252904
21767,252930
21768,252988
21769,253004
21770,253128
21771,253130
21772,253138
21773,253148
21774,253198
21775,253200
21776,253272
21777,253332
21778,253618
21779,253620
21780,253690
21781,253706
21782,253764
21783,253906
21784,253910
21785,253944
21786,253960
21787,253972
21788,253976
21789,254122
21790,254146
21791,254176
21792,254178
21793,254194
21794,254216
21795,254238
21796,254328
21797,254394
21798,254450
21799,254452
21800,254460
21801,254484
21802,254494
21803,254514
21804,254624
21805,254682
21806,254720
21807,254722
21808,254724
21809,254726
21810,254744
21811,255135
21812,255279
21813,255305
21814,255335
21815,255337
21816,255339
21817,255633
21818,255655
21819,255657
21820,255875
21821,255897
21822,255945
21823,256069
21824,256073
21825,256137
21826,256153
21827,256213
21828,256221
21829,256297
21830,256325
21831,256369
21832,256371
21833,256391
21834,256393
21835,256527
21836,256765
21837,256819
21838,256833
21839,256941
21840,257037
21841,257083
21842,257119
21843,257251
21844,257329
21845,257387
21846,257411
21847,257467
21848,257553
21849,257591
21850,257595
21851,257627
21852,257637
21853,257701
21854,257745
21855,257751
21856,257807
21857,257967
21858,257969
21859,258001
21860,258013
21861,258283
21862,258349
21863,258451
21864,258565
21865,258573
21866,258575
21867,258589
21868,258591
21869,258637
21870,258681
21871,258705
21872,258835
21873,258857
21874,258859
21875,258881
21876,258929
21877,259053
21878,259077
21879,259191
21880,259211
21881,259233
21882,259245
21883,259261
21884,259271
21885,259343
21886,259351
21887,259575
21888,259659
21889,259665
21890,259835
21891,259859
21892,259865
21893,259891
21894,259939
21895,259951
21896,260167
21897,260185
21898,260201
21899,260243
21900,260489
21901,260529
21902,260559
21903,260617
21904,260645
21905,260647
21906,260665
21907,260667
21908,260669
21909,260709
21910,260831
21911,260875
21912,260925
21913,260981
21914,260999
21915,261071
21916,261131
21917,261173
21918,261189
21919,261211
21920,261227
21921,261271
21922,261273
21923,261275
21924,261299
21925,261335
21926,261435
21927,261483
21928,261559
21929,261587
21930,261683
21931,261705
21932,261729
21933,261759
21934,261781
21935,261809
21936,261811
21937,261837
21938,261839
21939,261845
21940,261955
21941,262015
21942,262061
21943,262063
21944,262099
21945,262369
21946,262533
21947,262587
21948,262609
21949,262617
21950,262621
21951,262635
21952,262653
21953,262655
21954,262675
21955,262695
21956,262721
21957,262733
21958,262743
21959,262751
21960,262755
21961,262833
21962,262847
21963,262861
21964,263005
21965,263007
21966,263009
21967,263193
21968,263221
21969,263403
21970,263405
21971,263407
21972,263481
21973,263485
21974,263495
21975,263593
21976,263619
21977,263707
21978,263757
21979,263873
21980,263973
21981,264049
21982,264135
21983,264680
21984,264704
21985,264880
21986,264898
21987,264960
21988,264962
21989,264980
21990,265010
21991,265148
21992,265170
21993,265202
21994,265204
21995,265270
21996,265364
21997,265372
21998,265432
21999,265460
22000,265466
22001,265534
22002,265550
22003,265688
22004,265794
22005,265808
22006,265874
22007,265956
22008,266086
22009,266250
22010,266268
22011,266278
22012,266306
22013,266308
22014,266318
22015,266372
22016,266414
22017,266530
22018,266544
22019,266578
22020,266660
22021,266756
22022,266788
22023,266820
22024,267220
22025,267366
22026,267422
22027,267424
22028,267434
22029,267456
22030,267458
22031,267516
22032,267582
22033,267650
22034,267660
22035,267664
22036,267688
22037,267768
22038,268106
22039,268140
22040,268514
22041,268592
22042,268642
22043,268646
22044,268732
22045,268762
22046,268766
22047,268806
22048,268840
22049,268916
22050,268918
22051,268922
22052,268924
22053,268962
22054,269132
22055,269146
22056,269208
22057,269226
22058,269330
22059,269386
22060,269426
22061,269436
22062,269534
22063,269638
22064,269664
22065,269684
22066,269750
22067,269764
22068,269766
22069,269820
22070,269826
22071,269828
22072,269872
22073,269948
22074,269950
22075,269958
22076,270020
22077,270034
22078,270062
22079,270070
22080,270104
22081,270168
22082,270180
22083,270306
22084,270330
22085,270346
22086,270350
22087,270358
22088,270406
22089,270422
22090,270440
22091,270526
22092,270540
22093,270542
22094,270544
22095,270604
22096,270692
22097,270696
22098,270698
22099,270720
22100,270746
22101,270822
22102,270868
22103,270946
22104,271044
22105,271134
22106,271138
22107,271152
22108,271188
22109,271194
22110,271204
22111,271214
22112,271228
22113,271232
22114,271313
22115,271339
22116,271445
22117,271577
22118,271631
22119,271669
22120,271795
22121,271799
22122,271865
22123,271893
22124,271917
22125,272037
22126,272051
22127,272077
22128,272079
22129,272089
22130,272135
22131,272323
22132,272367
22133,272417
22134,272483
22135,272525
22136,272527
22137,272537
22138,272541
22139,272601
22140,272663
22141,273127
22142,273129
22143,273133
22144,273155
22145,273253
22146,273277
22147,273433
22148,273439
22149,273561
22150,273581
22151,273587
22152,273687
22153,273803
22154,273813
22155,273815
22156,273817
22157,273891
22158,273893
22159,274047
22160,274053
22161,274157
22162,274195
22163,274197
22164,274217
22165,274249
22166,274257
22167,274289
22168,274305
22169,274601
22170,274641
22171,274779
22172,274971
22173,274975
22174,274979
22175,275079
22176,275085
22177,275121
22178,275173
22179,275243
22180,275245
22181,275347
22182,275401
22183,275433
22184,275455
22185,275463
22186,275467
22187,275503
22188,275515
22189,275545
22190,275549
22191,275559
22192,275579
22193,275669
22194,275823
22195,275917
22196,275919
22197,275985
22198,276009
22199,276015
22200,276047
22201,276087
22202,276093
22203,276137
22204,276151
22205,276155
22206,276219
22207,276231
22208,276249
22209,276251
22210,276253
22211,276383
22212,276431
22213,276441
22214,276489
22215,276493
22216,276499
22217,276511
22218,276537
22219,276569
22220,276577
22221,276589
22222,276597
22223,276711
22224,276757
22225,276905
22226,276911
22227,276929
22228,277019
22229,277024
22230,277034
22231,277066
22232,277136
22233,277282
22234,277296
22235,277318
22236,277324
22237,277398
22238,277400
22239,277408
22240,277506
22241,277510
22242,277512
22243,277550
22244,277552
22245,277566
22246,277572
22247,277588
22248,277590
22249,277592
22250,277714
22251,277776
22252,277794
22253,277828
22254,277898
22255,277978
22256,278050
22257,278080
22258,278084
22259,278116
22260,278120
22261,278166
22262,278168
22263,278176
22264,278178
22265,278184
22266,278190
22267,278194
22268,278202
22269,278204
22270,278208
22271,278274
22272,278278
22273,278296
22274,278312
22275,278314
22276,278446
22277,278578
22278,278586
22279,278612
22280,278618
22281,278628
22282,278652
22283,278680
22284,278690
22285,278702
22286,278732
22287,278734
22288,278790
22289,278800
22290,278820
22291,278824
22292,278836
22293,278854
22294,278874
22295,278876
22296,278952
22297,278964
22298,278980
22299,279024
22300,279030
22301,279038
22302,279070
22303,279074
22304,279146
22305,279162
22306,279182
22307,279184
22308,279188
22309,279218
22310,279228
22311,279330
22312,279372
22313,279384
22314,279398
22315,279414
22316,279422
22317,279428
22318,279480
22319,279500
22320,279520
22321,279554
22322,279556
22323,279560
22324,279562
22325,279572
22326,279630
22327,279672
22328,279710
22329,279714
22330,279740
22331,279762
22332,279780
22333,279794
22334,279804
22335,279812
22336,279854
22337,279882
22338,279888
22339,279912
22340,279928
22341,279940
22342,279956
22343,279958
22344,279988
22345,280008
22346,280022
22347,280024
22348,280100
22349,280106
22350,280110
22351,280112
22352,280114
22353,280126
22354,280174
22355,280184
22356,280186
22357,280206
22358,280218
22359,280258
22360,280260
22361,280310
22362,280338
22363,280342
22364,280382
22365,280406
22366,280410
22367,280540
22368,280542
22369,280552
22370,280560
22371,280708
22372,280786
22373,280814
22374,280858
22375,280866
22376,280868
22377,280890
22378,280900
22379,280906
22380,280922
22381,280936
22382,280990
22383,280992
22384,281004
22385,281062
22386,281082
22387,281096
22388,281142
22389,281188
22390,281190
22391,281202
22392,281208
22393,281268
22394,281364
22395,281400
22396,281580
22397,281594
22398,281636
22399,281746
22400,281782
22401,281812
22402,281822
22403,281890
22404,281904
22405,281991
22406,282041
22407,282077
22408,282125
22409,282147
22410,282161
22411,282267
22412,282391
22413,282451
22414,282453
22415,282493
22416,282501
22417,282561
22418,282623
22419,282649
22420,282665
22421,282671
22422,282689
22423,282709
22424,282711
22425,282719
22426,282723
22427,282775
22428,282835
22429,282851
22430,282853
22431,282877
22432,282891
22433,282921
22434,282957
22435,282983
22436,283015
22437,283027
22438,283115
22439,283121
22440,283133
22441,283139
22442,283145
22443,283177
22444,283223
22445,283233
22446,283243
22447,283285
22448,283315
22449,283341
22450,283405
22451,283461
22452,283577
22453,283675
22454,283683
22455,283871
22456,283873
22457,283921
22458,284087
22459,284089
22460,284091
22461,284183
22462,284291
22463,284293
22464,284565
22465,284575
22466,284707
22467,284879
22468,284937
22469,285109
22470,285119
22471,285131
22472,285301
22473,285585
22474,285593
22475,285597
22476,285791
22477,285851
22478,285879
22479,285931
22480,285967
22481,286029
22482,286031
22483,286107
22484,286111
22485,286131
22486,286187
22487,286241
22488,286243
22489,286247
22490,286253
22491,286257
22492,286355
22493,286357
22494,286371
22495,286401
22496,286537
22497,286611
22498,286745
22499,286761
22500,286777
22501,286789
22502,286795
22503,286799
22504,286839
22505,286887
22506,286897
22507,286903
22508,286951
22509,286955
22510,287169
22511,287213
22512,287221
22513,287377
22514,287409
22515,287437
22516,287571
22517,287575
22518,287591
22519,287627
22520,287635
22521,287645
22522,287665
22523,287701
22524,287713
22525,287731
22526,287851
22527,287853
22528,288023
22529,288089
22530,288091
22531,288147
22532,288167
22533,288199
22534,288265
22535,288291
22536,288311
22537,288331
22538,288467
22539,288563
22540,288597
22541,288627
22542,288661
22543,288667
22544,288683
22545,288731
22546,288753
22547,288765
22548,288955
