movieId,mean
1,3.8935076093890357
2,3.2781786884703235
3,3.1712705436156763
4,2.8683949801849407
5,3.0769571546104677
6,3.862166405023548
7,3.372339061297769
8,3.1180555555555554
9,3.0031777339469645
10,3.4348348692118367
11,3.6587677725118484
12,2.683881230116649
13,3.3617208077260754
14,3.4287465743545362
15,2.7348414896891353
16,3.829663212435233
17,3.9458967046894804
18,3.4201555023923444
19,2.668061707079048
20,2.8901697757283586
21,3.56551961196196
22,3.298683055311677
23,3.161536953538522
24,3.174351585014409
25,3.664656188605108
26,3.604309500489716
27,3.42091705306543
28,4.038318558764655
29,3.9119195787458114
30,3.6397966594045026
31,3.235021132012928
32,3.896593001841621
33,3.06
34,3.594554087750013
35,3.4936948297604036
36,3.9239437774044177
37,2.960674157303371
38,2.942643391521197
39,3.4305581805581804
40,3.6503164556962027
41,3.8429792192658767
42,3.051104455260202
43,3.4656389301634474
44,2.643615088305836
45,3.3734298060496433
46,3.264033264033264
47,4.087747083726739
48,2.978704020043275
49,3.550724637681159
50,4.267865227113715
52,3.5298387096774193
53,3.677710843373494
54,2.832437275985663
55,3.230182926829268
57,3.3182707355242567
58,3.9639141022802744
59,3.5985576923076925
60,3.064891846921797
61,3.3272292993630574
62,3.7409583333333334
63,3.130197682344922
64,2.835374149659864
65,2.3978181212524983
66,2.158317399617591
67,3.342391304347826
68,3.45533033033033
69,3.5506576608602916
70,3.339953667081026
71,2.348310567936736
72,3.4774305555555554
73,3.796403712296984
74,3.2968426501035197
75,2.448445171849427
76,3.025286757038582
77,3.4393939393939394
78,3.1681887366818873
79,3.1557082617523036
80,3.7307073954983925
81,3.264279624893436
82,4.014135556361
83,3.6491085899513775
85,3.5387447405329593
86,3.4840025767661587
87,2.4164502164502166
88,3.1290348612007746
89,3.128964941569282
92,2.8486183420104125
93,2.5024379432624113
94,3.5282555282555284
95,3.1049476113023413
96,3.68546845124283
97,4.010626552580734
98,2.6649484536082473
99,3.1114690721649483
100,3.230375806092951
101,3.75595567867036
102,2.422809457579972
103,3.266966475878986
104,3.3986451066575265
105,3.3358692833059567
106,3.407142857142857
107,3.201210015574458
110,3.9961662738035333
111,4.081329543417582
112,3.3975060161890176
113,3.122859589041096
114,3.635135135135135
115,3.3839285714285716
116,3.9002835538752363
117,3.588502269288956
118,3.0063344594594597
119,2.793040293040293
120,2.8859649122807016
121,3.731609195402299
122,2.8569201247301512
123,4.004887320119468
124,3.487142857142857
125,3.7341755319148935
126,2.336792452830189
127,3.2545454545454544
128,3.4876543209876543
129,3.1666666666666665
130,3.2450980392156863
131,3.309045226130653
132,2.7717439293598236
134,3.641025641025641
135,3.00195929718114
136,3.581818181818182
137,3.3016528925619837
138,3.286184210526316
140,3.3076381555790215
141,3.5241097922848663
144,3.4633835703672258
145,3.284705672068637
146,2.8887147335423196
147,3.6062037037037036
148,2.9
149,3.6782978723404254
150,3.889685065817885
151,3.5205499276411
152,3.113031914893617
153,2.890055427943673
154,3.7968088110703193
155,3.3975993998499625
156,3.5306696679797414
157,2.7957102672292544
158,2.888674582605027
159,3.414739317914543
160,2.6070793748084586
161,3.7485005851375073
162,3.9827611719443623
163,3.434162520729685
164,3.4590581247348324
165,3.516452833671774
166,2.9016990291262137
167,3.1802325581395348
168,3.0618820684259194
169,2.2885824866956943
170,3.2267297162767545
171,3.594804318488529
172,2.762810248198559
173,2.5548414023372286
174,2.447019867549669
175,3.5259464751958225
176,3.8427685149282667
177,2.892006459426726
178,3.3759469696969697
179,2.7463149728471685
180,3.564365492008473
181,1.9955470737913485
182,3.0794198895027622
183,3.3483920367534457
184,3.105849582172702
185,3.1169326856349757
186,2.866397219913878
187,3.450098814229249
188,3.32548526240115
189,3.0101449275362318
190,3.623436196830692
191,2.694736842105263
193,2.2645568255337505
194,3.836073129512982
195,3.089964891749561
196,2.8277398558968523
197,3.0657894736842106
198,3.4226462856586504
199,3.7828018818609515
201,3.0322164948453607
202,3.0901960784313727
203,3.165853261753701
204,2.926083307103137
205,3.503965392934391
206,3.4764150943396226
207,3.368515497553018
208,2.878633150039277
209,2.818124207858048
210,2.875728155339806
211,3.584552845528455
212,2.572134387351779
213,4.019778099372889
214,4.030981887511916
215,3.9434634974533105
216,3.2530837941301574
217,2.736914600550964
218,3.2829448677722994
219,3.5994397759103642
220,2.470505617977528
222,3.528812756551942
223,3.8410715525019086
224,3.4321447866018366
225,3.2837113704764
226,2.6875
227,3.0658511722731907
228,2.6727642276422765
229,3.5630492930836835
230,3.575577066269546
231,2.9764187164053406
232,4.021967311440996
233,3.524165554072096
234,2.670538077036166
235,3.6592039800995027
236,3.3074677430981043
237,3.216043956043956
238,3.1645997745208567
239,3.126085987970595
240,2.897727272727273
241,3.026829268292683
242,3.3919860627177703
243,2.5
244,2.3871473354231973
245,2.953068592057762
246,4.0028130594152245
247,3.809348309348309
248,3.0081818181818183
249,3.6694899303594957
250,3.0800344234079176
251,3.0322966507177034
252,3.205077599354086
253,3.511884066658674
254,2.8884673748103187
255,2.27488986784141
256,2.674757683704747
257,3.406075334143378
258,2.623276776246023
259,3.059003291020216
260,4.092400362132467
261,3.5995464117932934
262,3.7589009287925697
263,3.7267303102625298
264,3.3325
265,3.913583633798401
266,3.5049421216766214
267,2.9074225958581095
268,3.3078913324708927
269,3.4815705128205128
270,3.1854014598540146
271,3.329554043839758
272,3.734161563824776
273,3.1190921853065046
274,2.8263940520446096
275,2.722754491017964
276,2.980397236614853
277,3.3870112945264985
278,3.0207275803722506
279,3.6934647302904566
280,3.7082411504424777
281,3.6623080614203456
282,3.3875516364791864
283,3.099609375
285,2.3693181818181817
286,2.0
288,3.2634882382562407
289,3.3612633400634553
290,3.9828603859250853
292,3.4199986671997866
293,4.097544730012173
294,3.1714614499424627
295,2.8064182194616976
296,4.191777924896098
297,3.087813620071685
298,3.501865671641791
299,3.720508166969147
300,3.660887187570367
301,3.5102669404517455
302,3.742798353909465
303,3.0495158720431426
304,3.1805555555555554
305,2.6981553940749023
306,4.056163465832961
307,3.9675925925925926
308,3.891609482220836
309,3.642094017094017
311,2.7329545454545454
312,2.6081573197378005
313,3.092512376237624
314,3.849988539995416
315,2.898059018462995
316,3.3818097399917457
317,3.1239550609658697
318,4.416792045528881
319,3.7477702461648232
320,3.2573529411764706
321,3.7581632653061225
322,3.6721617418351475
324,3.688
325,2.646451033243486
326,4.0900127226463106
327,2.80792261630585
328,3.163582531458179
329,3.341219939067868
330,2.8178528347406515
331,3.287671232876712
332,2.779035639412998
333,3.3707832841832697
334,3.8154796939376103
335,3.25
336,2.8706070287539935
337,3.7456328681565334
338,2.985235830360682
339,3.5077481840193703
340,3.370406189555126
341,3.5869565217391304
342,3.4829491401390413
343,2.66812865497076
344,3.000595872796839
345,3.6241588435656724
346,3.4247899159663864
347,3.4523936170212766
348,3.680493402180149
349,3.6661283981127837
350,3.4653812949640286
351,3.3025146050292102
352,3.2720639332870047
353,3.515155481101455
354,3.1474654377880182
355,2.4097176625082075
356,4.068189221788855
357,3.642097095987586
358,3.2456575682382134
359,3.283737024221453
360,2.7272317403065824
361,3.3233968804159444
362,3.3591265519494664
363,3.985820895522388
364,3.8334766114111645
365,3.16575952498763
366,2.9967043314500943
367,3.189702224261598
368,3.4085424588086184
369,3.3111015490533564
370,2.9827615393296467
371,3.258616830796777
372,3.259809119830329
373,3.7700052994170643
374,2.447302580140735
375,3.2786259541984735
376,3.289349951488917
377,3.4905770054457568
378,3.1250515889393315
379,2.720259816085243
380,3.50522836196935
381,3.402406886858749
382,3.039970930232558
383,3.2
384,2.977832512315271
385,3.565693430656934
386,2.8241206030150754
387,2.65625
388,3.55506993006993
389,3.5
390,3.4243486973947896
391,3.1588366890380315
392,3.31438127090301
393,1.9399280575539568
394,3.310126582278481
396,2.5125
397,2.2009345794392523
398,3.388888888888889
400,2.5588235294117645
402,2.893939393939394
404,3.3241758241758244
405,2.4537411526794743
407,3.267157813105855
408,3.24
409,3.05
410,3.024225168035848
411,2.8149606299212597
412,3.5541476935260343
413,2.82387690616843
414,2.6193181818181817
415,2.810637663885578
416,2.699626865671642
417,3.518668596237337
418,2.703472222222222
419,2.487559354226021
420,2.758975429389313
421,3.2776073619631902
422,3.228819212808539
423,3.0125687352710133
424,2.723277909738717
425,3.47164667393675
426,3.1132236095346197
427,2.5417133258678613
428,3.821842890288366
429,2.377236273904997
430,2.3105263157894735
431,3.7104020979020977
432,2.719838857869814
433,2.9109483423284503
434,3.0667801539170836
435,2.569680617431135
436,2.6363636363636362
437,2.594559585492228
438,2.7018551236749118
439,2.7246376811594204
440,3.5982285465369537
441,3.696526423330547
442,3.0761961015948023
443,3.3496835443037973
444,2.4170890658942796
445,2.8796250616674888
446,3.8979268292682927
448,3.5492541951522685
449,3.454421768707483
450,3.348417721518987
451,3.048798798798799
452,3.5595623987034037
453,3.0993249758919963
454,3.505486441151803
455,2.6076511605693
456,3.813975448536355
457,3.976875850450334
458,3.14503133393017
459,2.7809215844785773
460,2.4275510204081634
461,3.348404255319149
462,2.6291079812206575
464,2.9284509418048916
465,3.2645569620253165
466,2.930698023517638
467,3.41921664626683
468,3.3082208439742185
469,3.2797029702970297
470,2.1408045977011496
471,3.651588858375834
472,2.8746666666666667
473,2.328392621870883
474,3.7158688152733803
475,3.9016699318966324
477,3.547307132459971
478,2.4161073825503356
479,2.9319908814589666
480,3.689013080239925
481,3.3362724478239767
482,3.4221339779005526
483,3.7635239567233385
484,2.778708133971292
485,2.8051029818628956
486,2.703731343283582
487,2.595952023988006
488,3.385113268608414
489,2.754874651810585
490,3.351319648093842
491,3.3981248953624643
492,3.6578947368421053
493,3.617812720018775
494,3.3701031622951927
495,3.4364801864801864
496,3.3140877598152425
497,3.867442456882734
498,2.814420803782506
499,2.7646370023419204
500,3.3982102634413867
501,3.840890522875817
502,2.316020730058585
503,3.0777027027027026
504,2.9832268370607027
505,2.505649717514124
506,3.5096092248558617
507,3.5290070156502966
508,3.804518623212504
509,3.684152834325086
510,2.771617497456765
511,3.13988603988604
512,2.9215029761904763
513,2.9565916398713825
514,3.4466185029098937
515,3.8918410041841005
516,3.0853457738748626
517,3.1322196322196323
518,2.7017477203647418
519,2.2457418932197837
520,3.079576918817145
521,3.318280977312391
522,3.5354464894342197
523,3.6481865284974093
524,3.513327061774851
525,3.3823529411764706
526,3.1655172413793102
527,4.242336641656378
528,2.7746913580246915
529,3.829604491369197
530,3.0853658536585367
531,3.5061643107662874
532,3.069739235900546
533,2.932
534,3.886142467886337
535,3.769691499835904
536,3.280745341614907
537,3.156728893842296
538,3.6890343698854338
539,3.51405670534753
540,2.721814175541682
541,4.113712129153999
542,2.859100050276521
543,3.2089720008174942
544,2.929404414827155
546,2.0894020130254587
547,2.8410852713178296
548,2.893189368770764
549,3.884005287508262
550,3.080085348506401
551,3.74217294073798
552,3.195811213259096
553,3.7032188465799756
554,3.076923076923077
555,3.81165027674781
556,3.9560029828486205
558,2.850161987041037
559,3.0083333333333333
560,3.0121951219512195
561,3.439655172413793
562,3.764653397391901
563,3.4558823529411766
564,2.35752688172043
565,3.2298464491362764
566,2.768987341772152
567,3.3449367088607596
568,3.5472636815920398
569,2.936490250696379
570,3.4414225941422596
571,3.6214285714285714
572,2.6315789473684212
573,3.4484304932735426
574,3.2967032967032965
575,3.0349390425215583
576,2.462962962962963
577,2.8192252510760403
580,3.0453795379537953
581,3.972497522299306
582,3.332167832167832
583,3.568106312292359
584,3.064516129032258
585,2.6126050420168068
586,3.1796445610021484
587,3.4466198524160916
588,3.70176193292825
589,3.9623015873015874
590,3.7413024336324634
591,2.128205128205128
592,3.390484644061779
593,4.150286831299974
594,3.566805130780116
595,3.6798850321557572
596,3.4423318010865023
597,3.439492086860508
598,3.5718232044198897
599,3.9438401214267644
600,2.97196261682243
601,3.3916666666666666
602,3.992997198879552
605,3.2985764235764234
606,2.5760537568723274
608,4.115325039934169
609,3.021687563537784
610,3.375795467232332
611,2.529773622047244
612,2.7280957943925235
613,3.635572987721692
614,3.1137724550898205
615,3.8620689655172415
616,3.3834355828220857
617,3.5789473684210527
618,2.755813953488372
619,2.594577553593947
620,3.27
621,3.6031976744186047
625,3.25
626,2.884892086330935
627,3.5233482364629904
628,3.76265389876881
629,3.1379310344827585
630,3.350840336134454
631,2.760652093367914
632,3.935267857142857
633,3.3874643874643873
634,2.241469816272966
635,3.640731292517007
636,2.9375
637,2.8447909284195605
638,3.288244766505636
639,2.9359183673469387
640,2.9759334889148192
641,2.4827586206896552
645,3.6473214285714284
647,3.523217899707668
648,3.4139743294457587
649,3.722972972972973
650,3.465528781793842
651,2.482142857142857
652,3.0773809523809526
653,3.2187769908447055
656,2.8733790999237225
657,2.5543478260869565
659,3.7563884156729133
660,2.977777777777778
661,3.283609022556391
662,3.252686521338655
663,3.3625772038180797
664,3.0417910447761196
665,3.963717377466582
666,3.438679245283019
667,2.561241610738255
668,4.087409420289855
670,4.119825708061002
671,3.6541196994095544
673,2.7898093636108774
674,2.985235960980754
675,2.2903225806451615
678,4.070625439212931
679,3.4019607843137254
680,3.548016701461378
681,3.5923076923076924
683,2.6463414634146343
684,2.5185185185185186
685,3.508756567425569
688,2.5872293693128334
690,3.3295454545454546
691,3.0513910355486864
692,2.337991718426501
694,3.0160148347943356
695,3.175946547884187
696,3.1444444444444444
697,2.7851239669421486
698,2.8212121212121213
700,3.2413793103448274
701,3.231707317073171
702,3.7652859960552267
703,2.8788659793814433
704,2.847090999502735
705,3.501098901098901
706,3.1007462686567164
707,3.077146869983949
708,3.3941946466306643
709,3.316729596282312
710,2.7381305637982196
711,2.6617477960904563
712,3.477272727272727
713,3.4194630872483223
714,3.8866805411030176
715,3.5402124430955992
716,2.9544117647058825
718,3.4510785824345147
719,2.948918075142642
720,4.032713567839196
722,3.6054794520547944
723,3.3292682926829267
724,3.08953812910777
725,2.794787297783104
726,3.1174438687392056
728,3.806532663316583
729,3.4178082191780823
731,2.9220489977728286
732,2.7976653696498053
733,3.687172127090963
734,2.676470588235294
735,3.5152529761904763
736,3.221491337560537
737,2.1092708741669934
738,3.0806451612903225
741,3.9907154560349536
742,2.752506836827712
743,2.744932214331827
745,4.096215808596695
746,3.706117021276596
747,2.3508771929824563
748,3.1723197545594
749,2.7083333333333335
750,4.199991259759935
751,3.4375
753,3.286654135338346
754,2.954320987654321
755,3.36875
756,3.181451612903226
757,3.549698795180723
759,3.857702349869452
760,3.6732979664014147
761,2.793617516887957
762,2.411687431138232
764,3.3614173228346456
765,3.039987152722017
766,3.4612382934443287
767,3.529968454258675
768,3.0142857142857142
769,3.5774647887323945
771,3.3832335329341316
773,3.5454545454545454
774,2.6923076923076925
775,3.0164835164835164
778,4.013924221921515
779,2.8530465949820787
780,3.401698933848352
781,3.427529827662395
782,2.8740740740740742
783,3.2523553632493543
784,2.7172619047619047
785,3.284525088230781
786,3.167582557370376
787,3.671875
788,2.82396077774053
789,3.1160714285714284
791,3.596638655462185
795,3.2025862068965516
796,2.9693877551020407
797,3.3811475409836067
798,2.8433751743375173
799,3.358809168588092
800,4.054022390002603
801,3.027981171548117
802,3.4562390272449446
803,3.56120826709062
804,3.0812108559498954
805,3.68963506653862
806,3.1592039800995027
807,3.30168776371308
808,3.2204545454545452
809,2.849184782608696
810,1.8454020435362062
812,2.4871794871794872
813,2.775992438563327
815,2.140625
818,2.6129635400436273
820,2.939189189189189
822,3.1923076923076925
823,3.390374331550802
824,3.797590361445783
825,2.75
827,3.0941176470588236
828,3.1342776203966007
829,2.669287469287469
830,3.0926687636099683
831,3.508510638297872
832,3.4458679593721144
833,2.7125935162094765
834,2.6301369863013697
835,3.187973484848485
836,2.9191544434857635
837,3.4565801253357207
838,3.7425547755796638
839,2.798526053560307
840,2.7298546895640685
841,3.697975253093363
842,2.7664414414414416
845,3.3666666666666667
846,3.5
847,2.918032786885246
848,3.659890360895386
849,2.7774428779776374
850,3.528368794326241
851,3.5033149171270717
852,3.1745252128356256
853,3.3140495867768593
854,3.7265625
855,2.8157894736842106
858,4.32660258119567
860,3.5100755667506296
861,3.451442646023927
862,3.598944591029024
864,3.252688172043011
865,3.324074074074074
866,3.7084161226227645
867,2.3777472527472527
868,3.14
869,3.08993399339934
870,2.258220502901354
872,3.6666666666666665
873,3.0217391304347827
874,3.063953488372093
875,3.4232851985559565
876,2.7252906976744184
877,3.1620111731843576
879,2.8092845659163985
880,2.4938023180940116
881,2.822061191626409
882,2.986796785304248
885,2.6703216374269005
886,3.0567194685743484
887,2.97
891,2.590452261306533
892,3.72049898853675
893,3.635265700483092
894,2.8375
896,3.670093457943925
897,3.6363636363636362
898,4.101242161119151
899,4.019638426090039
900,3.777619589977221
901,3.6107329842931937
902,3.8102970152521345
903,4.11598074608905
904,4.223027931246163
905,4.1152965859240895
906,4.019185591229444
907,3.9017137096774195
908,4.187337202394553
909,4.0223360655737705
910,4.0271116440181185
911,4.032157676348548
912,4.195889466578577
913,4.119897632757517
914,3.8614619513735398
915,3.8677685950413223
916,4.051589242053789
917,3.613100081366965
918,3.7251013970256874
919,3.9201423206167227
920,3.8101644245142
921,3.778236914600551
922,4.189934559052665
923,4.070491328283455
924,3.9965645461159163
925,3.5098039215686274
926,4.161099568483299
927,3.9261083743842367
928,4.058833089549813
929,3.8048245614035086
930,4.149450371807307
931,3.8781744571218257
932,3.816244471250503
933,3.9737506309944473
934,3.4564902852418355
935,3.7385892116182573
936,3.9776974080771548
937,3.6491803278688524
938,3.5890518596123626
939,3.3135593220338984
940,3.846203763789747
941,3.562558356676004
942,4.0527802557240555
943,3.8024172359432473
944,3.8126571668063707
945,4.033152627189325
946,3.937779017857143
947,4.017066420664206
948,3.7304123711340207
949,3.8849470795766368
950,4.139336016096579
951,4.0804084870117
952,3.462491277041172
953,4.025306515351099
954,3.9786048431480463
955,4.003876684511722
956,3.477886977886978
957,3.24618320610687
958,3.130630630630631
959,3.689887640449438
960,3.489130434782609
961,3.402482269503546
962,3.4
963,3.5356536502546687
964,3.4037433155080214
965,3.9620611551528877
966,3.435374149659864
967,2.7783505154639174
968,3.6350733473042482
969,4.044937975190076
970,3.4966517857142856
971,3.9222953634802518
972,3.137323943661972
973,3.812089971883786
974,3.3734177215189876
975,3.073529411764706
976,3.508080808080808
980,3.1446540880503147
981,2.611344537815126
982,3.640527950310559
984,2.689516129032258
986,3.5011590843233846
987,3.1881188118811883
988,3.3294849023090585
989,3.4698795180722892
990,2.7381413359148112
991,3.5698924731182795
992,2.7534965034965033
993,3.498069498069498
994,3.9911211699164344
996,3.0108784335055754
997,3.5258620689655173
998,3.2219222462203025
999,3.2851140456182475
1000,3.090717299578059
1001,2.8181818181818183
1003,3.141434262948207
1004,2.673344947735192
1005,2.5289256198347108
1006,3.246415770609319
1007,2.9601542416452444
1008,3.324561403508772
1009,3.139937106918239
1010,3.0778947368421052
1011,2.757227138643068
1012,3.542919001528273
1013,3.4205244122965643
1014,3.3771349862258955
1015,3.291220556745182
1016,3.1287349014621744
1017,3.509898411044543
1018,3.076980568011958
1019,3.514621871599565
1020,3.2783663704716335
1021,2.848000919117647
1022,3.5294710530559588
1023,3.7431142623397875
1024,3.165905631659056
1025,3.5543802549498236
1026,3.213768115942029
1027,3.297675315906241
1028,3.720297831013273
1029,3.4411135819363667
1030,3.089169381107492
1031,3.348641408342901
1032,3.6190012970168612
1033,3.4666609086197964
1034,3.5240440324449596
1035,3.80745862141211
1036,3.9426714694978093
1037,2.742079207920792
1038,3.2228915662650603
1039,3.064516129032258
1040,3.3493975903614457
1041,4.041847738612587
1042,3.435199042202933
1043,3.0125490196078433
1044,3.326007326007326
1045,3.0283018867924527
1046,3.9609479305740987
1047,3.4177881802223524
1049,3.404229711141678
1050,3.7607746863066014
1051,3.565524193548387
1053,3.0427927927927927
1054,3.4825721153846154
1055,2.765498652291105
1056,3.458386683738796
1057,3.4255346896191967
1058,3.278985507246377
1059,3.539020371479928
1060,3.8163884673748103
1061,3.626586902913508
1062,2.9941176470588236
1063,3.289940828402367
1066,3.9612427930813583
1067,3.3950617283950617
1068,3.64453125
1069,3.9176728869374315
1070,3.1216216216216215
1071,3.338709677419355
1073,3.705001820371356
1076,3.824342105263158
1077,3.8149865755430805
1078,3.6992805755395683
1079,3.823425456713367
1080,3.983316551508628
1081,3.5107142857142857
1082,3.628351539225422
1083,3.4598108747044916
1084,3.8463814097067397
1085,3.646868250539957
1086,4.02230749219563
1087,3.4295302013422817
1088,3.274450709702508
1089,4.094178913456022
1090,3.902013422818792
1091,2.8209059775840597
1092,3.3653115768743844
1093,3.3664874551971327
1094,3.6330703532136654
1095,3.8532838983050848
1096,3.8943370165745854
1097,3.7375193763107504
1098,3.0664335664335662
1099,3.806803594351733
1100,2.8646005716864753
1101,3.419539101758794
1102,2.6149425287356323
1103,3.777045724074318
1104,3.946370136953097
1105,2.3518518518518516
1106,2.75
1111,3.9537487828627067
1112,3.4019607843137254
1113,3.1895509499136443
1114,3.219924812030075
1116,3.357894736842105
1117,3.660344827586207
1119,3.1526315789473682
1120,3.546686330537377
1121,2.83955223880597
1123,3.618181818181818
1124,3.689106836792992
1125,3.6038272971690652
1126,2.679085520745131
1127,3.6768835371948025
1128,3.09662775616083
1129,3.397253907900296
1130,3.21319018404908
1131,4.1024523160762945
1132,4.066227150134852
1133,3.6016949152542375
1134,3.1507936507936507
1135,3.094419134396355
1136,4.137098965409134
1137,3.1962025316455698
1139,3.05
1140,3.5232558139534884
1143,3.4191176470588234
1145,3.5483870967741935
1147,4.123484668409793
1148,4.111200731300747
1149,3.1825396825396823
1150,3.885772122614228
1151,3.6666666666666665
1152,3.4369158878504673
1153,3.2790055248618786
1154,3.304195804195804
1156,3.409090909090909
1157,3.3048780487804876
1160,3.1702127659574466
1161,3.794292508917955
1162,3.7801624129930396
1164,3.3541666666666665
1165,3.0
1167,2.9356913183279745
1168,2.560344827586207
1169,3.8577844311377247
1171,3.698451390880413
1172,4.123029556650247
1173,3.4776245426400223
1175,3.94740383537064
1176,3.8892825509300266
1177,3.856740133264992
1178,4.180317630264097
1179,3.7031616733397765
1180,3.7745901639344264
1181,3.0454545454545454
1183,3.6336347584140403
1184,3.746188340807175
1185,3.871006270528516
1186,3.517317238267148
1187,3.6673306772908365
1188,3.7924046321525884
1189,4.086142901330034
1190,3.5165107319757842
1191,2.8890180127832656
1192,3.968291054739653
1193,4.212801119312191
1194,3.419917538851887
1196,4.118029925187033
1197,4.110901033973412
1198,4.101039230278546
1199,4.007304151021038
1200,4.006308794982828
1201,4.131910338748268
1202,3.8386801099908343
1203,4.267157941047074
1204,4.114418143656716
1206,3.983008247152769
1207,4.136409736308316
1208,4.117092886537331
1209,4.1148666846215995
1210,3.981302020241491
1211,4.0177366702937976
1212,4.18157809636736
1213,4.19191783279512
1214,4.069505282143777
1215,3.7182624457823525
1216,3.83364312267658
1217,4.1400122549019605
1218,4.02609635577517
1219,4.061250713877784
1220,3.796360759493671
1221,4.269509847475196
1222,4.049496467758906
1223,4.006286067600989
1224,4.090610702208076
1225,4.067926689576174
1226,3.8854660347551344
1227,3.9805904420159846
1228,4.036668142245832
1230,4.024664626971052
1231,3.9197120708748616
1232,4.088220675944334
1233,4.108198451794511
1234,4.136978579481398
1235,3.9594658585093288
1236,3.998181818181818
1237,4.080384447356924
1238,3.9498274870615298
1240,3.9020586785009863
1241,3.714551172098342
1242,3.9287855549358617
1243,3.919490610835312
1244,4.01723984715187
1245,3.951398828887443
1246,3.940874746606057
1247,4.021601481736734
1248,4.12552831783601
1249,3.832711152589827
1250,4.075576241134752
1251,4.027598486534609
1252,4.143090463660285
1253,3.8699149162456794
1254,4.112002421673982
1255,3.413743293437887
1256,4.063705132008306
1257,3.8215916503587737
1258,4.035709854331588
1259,3.986986156236757
1260,4.152763734411864
1261,3.770077418151292
1262,4.089593284122159
1263,3.969512616660906
1264,4.000713012477719
1265,3.9038285094670115
1266,3.9879767150862304
1267,4.07504873294347
1268,3.5069565217391303
1269,4.003349573690621
1270,3.957795417324461
1271,3.735216521106259
1272,3.9942350110286746
1273,4.003425677688412
1274,3.9343755155914866
1275,3.5954375836090966
1276,4.075274039128625
1277,3.781187680035453
1278,3.9597530358149307
1279,3.8604173253240592
1280,4.112258233141662
1281,4.032086029026053
1282,3.686888201957754
1283,4.0228010386238235
1284,4.143364592213697
1285,3.736383207750269
1286,3.5616830065359477
1287,3.798210914321676
1288,4.0043758861780665
1289,3.971468144044321
1290,3.5501101321585904
1291,3.981920823209947
1292,3.957721782049617
1293,3.9662287418392843
1295,3.6809960681520315
1296,3.890017031311411
1297,3.64665991902834
1298,3.720845845845846
1299,4.0508178975222515
1300,4.00664235477989
1301,3.843665158371041
1302,3.6181589634500098
1303,4.003821499013807
1304,4.028263618164577
1305,3.920930904885805
1306,3.592623637887678
1307,3.835568716251524
1310,3.5562200956937797
1311,2.5454545454545454
1312,3.4836065573770494
1313,2.7906976744186047
1314,3.2115384615384617
1315,3.3455882352941178
1317,3.1885714285714286
1318,3.314814814814815
1320,3.118308502804056
1321,3.533063225290116
1322,1.7920634920634921
1323,1.6545842217484008
1324,1.817829457364341
1325,1.7086092715231789
1326,2.0262762762762763
1327,2.9546891464699683
1328,1.8886986301369864
1329,2.790931989924433
1330,2.835061262959472
1331,2.90929203539823
1332,2.9917929292929295
1333,3.724983255190891
1334,3.118834080717489
1335,1.9453781512605042
1336,2.304480651731161
1337,3.4680156657963446
1339,3.4482539682539683
1340,3.730010756543564
1341,2.934647302904564
1342,3.02922642329422
1343,3.54201607267645
1344,3.7724352539650674
1345,3.4528555807889645
1346,2.999739718896408
1347,3.3106032738642632
1348,3.8565234528971226
1349,3.1934306569343067
1350,3.5618969968745753
1351,3.019585253456221
1352,3.022235576923077
1353,3.20240101095198
1354,3.843162670123137
1355,3.1007667031763417
1356,3.6627868028805897
1357,3.8472534532605205
1358,3.9727093658660566
1359,2.608947473537048
1360,3.280821917808219
1361,4.06640826873385
1363,3.094832179009057
1364,3.5046728971962615
1365,3.8244897959183675
1366,3.4022164276401563
1367,3.0462482091690544
1368,3.26
1369,3.425438596491228
1370,3.455322532551436
1371,3.099598821025053
1372,3.310637971969059
1373,2.8762413644214164
1374,3.6918457811453016
1375,3.2442962176912
1376,3.474786511251013
1377,3.1408684623746828
1378,3.2722428451682433
1379,2.978860294117647
1380,3.306223925487533
1381,1.9973520607874742
1382,2.7577720207253886
1383,2.251592356687898
1384,3.572519083969466
1385,3.1238590263691686
1386,2.8181818181818183
1387,3.784407781171159
1388,2.6167269439421337
1389,1.9025184541901867
1390,3.256741573033708
1391,2.9767875218551576
1392,3.6237000547345377
1393,3.5995940071138577
1394,3.863355361330207
1395,3.3711361737677525
1396,3.6368790872408514
1397,3.56062874251497
1398,3.137816979051819
1399,3.41776110068793
1400,3.41025641025641
1401,3.520299812617114
1404,3.226241134751773
1405,2.928400954653938
1406,3.619047619047619
1407,3.3006961190227035
1408,3.711878227779288
1409,3.0373489066956405
1410,3.0087609511889863
1411,3.7237675571467914
1412,3.7294520547945207
1413,3.550632911392405
1414,3.403131634819533
1415,3.513937282229965
1416,3.138045112781955
1417,3.103864734299517
1419,3.8585189644792295
1420,3.6451612903225805
1421,3.057142857142857
1422,3.0876854599406527
1423,3.829842931937173
1424,2.90625
1425,3.2097050021376656
1426,2.638888888888889
1427,2.6050469483568075
1428,3.4134328358208954
1429,3.2979581547769095
1430,3.193832599118943
1431,2.5820218724993333
1432,2.8521825396825395
1433,2.1971830985915495
1436,2.986666666666667
1437,3.6639344262295084
1438,2.834706420818622
1440,2.778481012658228
1441,3.539971651311127
1442,3.3496894409937887
1445,2.3299861495844874
1446,4.004809542131589
1447,3.2816691505216093
1449,3.9149190710767066
1450,3.737012987012987
1453,2.454842219804135
1454,3.211494252873563
1455,3.0773480662983426
1456,2.2236628849270663
1457,3.0993579944970957
1458,3.016260162601626
1459,3.345414201183432
1460,2.616213151927438
1461,2.8157722513089007
1463,3.0876288659793816
1464,3.743667763157895
1465,3.5167525773195876
1466,3.8112381759141605
1468,2.58987052551409
1470,3.2049180327868854
1471,3.400990099009901
1472,3.02803738317757
1473,2.8877551020408165
1474,2.535076530612245
1475,3.1195286195286194
1476,3.324123588829471
1477,3.3556085918854417
1479,3.1664521239726704
1480,3.2578354554358473
1482,3.3747680890538034
1483,3.14404432132964
1484,3.6936776491540515
1485,3.2457091968911915
1486,3.4072164948453607
1487,3.137128712871287
1488,3.040126459143969
1489,3.0321969696969697
1490,2.001366120218579
1493,3.4110169491525424
1495,1.4463171036204745
1496,3.3007075471698113
1497,2.2943770672546857
1498,3.191896024464832
1499,2.1006613756613755
1500,3.7203032104637335
1501,2.5630841121495327
1502,3.3292682926829267
1503,2.626326963906582
1507,3.388753056234719
1508,3.2958715596330275
1509,3.439189189189189
1511,3.458823529411765
1513,2.9431036202253913
1515,2.6970069700697006
1516,3.4764344262295084
1517,3.3991078368422833
1518,3.326923076923077
1519,3.2576923076923077
1520,2.7753164556962027
1522,2.5930232558139537
1523,2.852785145888594
1525,2.4493150684931506
1526,2.5238636363636364
1527,3.783691139841063
1528,2.78125
1529,3.4766081871345027
1531,3.2884615384615383
1533,3.7628032345013476
1534,3.668421052631579
1535,3.5153061224489797
1537,3.871166950596252
1538,2.4735099337748343
1539,3.167192429022082
1541,3.1103066439523
1542,3.5699270699270698
1544,3.0149691514109436
1545,3.8452380952380953
1546,3.5733590733590734
1547,3.2009493670886076
1548,3.088888888888889
1549,2.988970588235294
1550,2.7595108695652173
1551,2.5718475073313782
1552,3.2112815836060298
1553,3.1153846153846154
1554,3.5056457304163726
1555,3.473333333333333
1556,1.9612082183379331
1558,2.5833333333333335
1561,2.9166666666666665
1562,2.19333544153688
1563,3.3700440528634363
1564,3.5918367346938775
1565,2.8544776119402986
1566,3.456020450751252
1567,2.835227272727273
1569,3.277824109173616
1570,3.1680555555555556
1571,3.6352459016393444
1572,3.784491440080564
1573,3.331337486851687
1574,3.112781954887218
1575,3.4826589595375723
1577,3.5375
1578,2.793103448275862
1580,3.595333426758223
1581,2.792079207920792
1582,3.0428305400372437
1583,2.704778156996587
1584,3.6996797063374958
1585,3.327272727272727
1586,2.930264202290509
1587,3.2242589703588145
1588,2.690325497287523
1589,3.2730870712401057
1590,3.029749586092715
1591,2.6484306887532694
1592,2.343287827076223
1593,2.9216
1594,3.6619418851878103
1595,1.8017777777777777
1596,3.4328493647912888
1597,3.3375370356301755
1598,2.905705996131528
1599,1.6661466458658347
1600,2.8428184281842817
1601,2.8756944444444446
1602,2.0573122529644268
1603,2.7981400437636763
1604,2.952225841476656
1605,2.606573705179283
1606,2.366982124079916
1608,3.3275365469267975
1609,3.030232558139535
1610,3.866643568328531
1611,3.453926022063595
1612,3.20061099796334
1613,3.1568265682656826
1614,3.1631026073907336
1615,3.495220830586684
1616,3.0361022364217254
1617,4.05365874102428
1619,3.448982785602504
1620,3.3775616533518584
1621,3.2619354838709675
1623,2.561023622047244
1624,3.0018691588785047
1625,3.8685843542317238
1626,2.4742990654205608
1627,3.1434592043155765
1628,2.537037037037037
1629,3.228643216080402
1631,3.4141048824593128
1632,2.4371584699453552
1633,3.6609458428680397
1635,3.7642746913580245
1636,2.561797752808989
1639,3.591567466134991
1640,2.705150976909414
1641,3.6939954436971143
1642,3.080801104972376
1643,3.8560734943858455
1644,2.5012068792115056
1645,3.56697669143084
1646,2.761585993820803
1647,2.758503401360544
1648,3.5316901408450705
1649,3.865397030342156
1650,3.434549356223176
1651,3.049382716049383
1652,3.026315789473684
1653,3.8132716049382718
1654,3.2563559322033897
1655,2.608353510895884
1656,3.2241379310344827
1657,3.4
1658,3.181993259508907
1659,3.061320754716981
1660,3.5567846607669615
1661,3.1180167597765363
1662,2.891732283464567
1663,3.63454226381983
1664,3.4719101123595504
1665,2.8622592512443195
1666,2.659090909090909
1667,2.849367088607595
1668,2.8541033434650456
1669,3.453757225433526
1670,3.5084306095979247
1671,3.140432098765432
1672,3.614128256513026
1673,3.7076888962802816
1674,3.8246825573624417
1675,3.1690647482014387
1676,3.3196386417287087
1677,2.608108108108108
1678,3.6942942942942945
1679,1.9055299539170507
1680,3.50604815702385
1681,2.1013849431818183
1682,3.8921500141893515
1683,3.6897738446411013
1684,3.515909090909091
1685,2.97
1686,3.13265306122449
1687,3.2147794601711652
1688,3.5039734025300033
1689,3.2529749692244563
1690,3.035109040577949
1692,2.54296875
1693,3.5848320325755005
1694,3.693185322232501
1695,3.4909090909090907
1696,3.5730897009966776
1697,2.4074074074074074
1698,2.8360655737704916
1699,3.6149797570850204
1701,3.4752054406347406
1702,2.586069823712409
1703,2.7410926365795723
1704,4.106602400873045
1707,1.904398447606727
1711,3.259673178061608
1713,2.909712950600801
1715,2.599099099099099
1717,2.7675733333333334
1718,2.9910714285714284
1719,3.9736778262979136
1720,2.2246376811594204
1721,3.429426497850353
1722,3.230008166342107
1723,2.7681159420289854
1724,3.0714285714285716
1725,3.51840490797546
1726,2.9764068507514856
1727,3.1728372434017595
1728,3.4784313725490197
1729,3.7006549943317797
1730,3.651848151848152
1731,1.884012539184953
1732,3.9916282520002118
1733,3.267826086956522
1734,3.9463305042436345
1735,3.26369480156512
1739,1.606628242074928
1742,2.3793103448275863
1744,2.462355212355212
1746,2.832730560578662
1747,3.5079235609415056
1748,3.7982566618056475
1749,3.085
1750,2.2289473684210526
1752,2.7733199598796388
1753,3.2993769470404986
1754,3.494829814735028
1755,3.4882869692532945
1756,2.7222222222222223
1757,3.91317671092952
1759,3.757831325301205
1760,1.8340367802230932
1762,2.7832630945213728
1765,2.578125
1767,3.1633466135458166
1768,3.4776119402985075
1769,3.0958540630182423
1770,2.8663793103448274
1771,2.7077464788732395
1772,2.6140776699029127
1773,3.3502994011976046
1777,3.3860366160909243
1779,2.8995983935742973
1780,3.218954248366013
1782,3.0
1783,2.892156862745098
1784,3.773521645472865
1785,3.442466624284806
1788,3.779432624113475
1791,2.915562913907285
1792,3.269654605263158
1793,2.7318840579710146
1794,3.509478672985782
1795,3.1066666666666665
1796,2.627906976744186
1797,3.884504331087584
1798,2.595744680851064
1799,3.519627279936558
1801,3.1242311635058946
1804,2.9393592677345537
1805,3.196319018404908
1806,2.8367683429513604
1807,3.1342857142857143
1809,3.9228550829127613
1810,3.467250922509225
1811,3.154639175257732
1812,3.1016260162601625
1814,3.375984251968504
1816,2.8161290322580643
1817,2.7777777777777777
1819,3.3653846153846154
1820,3.0
1821,3.1524490919097414
1822,1.8865979381443299
1824,3.0595703125
1825,2.732365145228216
1826,1.2343412526997841
1827,3.7195885509838997
1829,3.0664451827242525
1831,2.6013078789157262
1832,2.7222222222222223
1833,3.0465
1834,3.8627115229653506
1835,3.275121671915259
1836,3.303520726859739
1837,2.702572347266881
1839,2.2931309904153356
1840,3.3609391124871
1841,2.9511138613861387
1843,2.5283018867924527
1844,3.8066581306017926
1845,3.6956018518518516
1846,3.517191977077364
1848,3.0275126333520492
1849,2.3421052631578947
1850,2.925925925925926
1853,1.9285714285714286
1854,2.9260089686098656
1855,2.2936781609195402
1856,3.090029761904762
1857,2.9524793388429753
1858,3.174494455316373
1859,3.740936555891239
1860,3.829113924050633
1861,3.1695652173913045
1862,2.1753937007874016
1863,2.2647562018819505
1864,2.4634146341463414
1865,3.4529816513761467
1866,3.030542390731964
1867,2.1414141414141414
1869,2.3457854406130267
1870,3.3247549019607843
1871,3.33125
1872,3.117283950617284
1873,3.7117442869540063
1874,3.1534653465346536
1875,3.3536804308797126
1876,2.9666383479283756
1877,2.711864406779661
1878,2.069364161849711
1879,3.4608208955223883
1880,3.610526315789474
1881,2.891156462585034
1882,2.3960029954132733
1883,3.3294751722919242
1884,3.759897360703812
1885,3.605098293367898
1887,2.6384943181818183
1888,2.979669097027482
1889,3.5693730729701953
1890,2.8525641025641026
1891,2.508130081300813
1892,3.3837188126024405
1893,3.6493212669683257
1894,2.875451535219747
1895,3.203097893432466
1896,3.1
1897,3.5448662640207074
1899,2.970873786407767
1900,3.9981515711645104
1901,3.210526315789474
1902,3.2459016393442623
1904,3.537560975609756
1905,2.66
1906,3.1333333333333333
1907,3.7531138790035588
1908,2.725
1909,3.331124072110286
1910,3.419254658385093
1911,2.65574377977766
1912,3.6496438356164385
1913,3.7352267521759046
1914,3.8027711255559358
1915,2.8043478260869565
1916,3.6605868358445677
1917,3.0139591306724984
1918,3.140931267653856
1919,3.103107344632768
1920,2.844746624926629
1921,3.733516027238
1922,3.2614107883817427
1923,3.515456148789482
1924,2.599160945842868
1925,3.6901913875598087
1926,3.045045045045045
1927,3.9319793681495807
1928,2.997422680412371
1929,3.6933256616800922
1930,2.865
1931,3.8949619771863118
1932,3.3156342182890857
1933,3.4392712550607287
1934,3.8978644382544103
1935,3.8093721565059147
1936,3.7570588235294116
1937,3.548
1938,3.837828246983676
1939,4.07579086115993
1940,3.7350374064837903
1941,3.742138364779874
1942,3.8879310344827585
1943,3.1803005008347247
1944,3.9180825242718447
1945,4.108312858312859
1946,3.8953715775749673
1947,3.706915578443995
1948,3.738573407202216
1949,4.098580121703854
1950,4.028092485549133
1951,3.638182498130142
1952,3.95872801082544
1953,3.909963436928702
1954,3.7392723004694837
1955,3.7349114281235303
1956,3.8755755755755756
1957,3.6910554345194866
1958,3.6307924781732708
1959,3.633800573431029
1960,3.8253186558516803
1961,3.9121919194682278
1962,3.6729075910649738
1963,3.903686982693755
1964,3.757806549885758
1965,3.568600867678959
1966,3.7896825396825395
1967,3.6386665493886885
1968,3.8290226311862723
1969,2.5005219206680587
1970,2.8154454241410765
1971,2.4839366515837105
1972,2.2814606741573034
1973,2.343222803955788
1974,2.9244938902060915
1975,2.545700135074291
1976,2.2551194539249146
1977,2.3554878048780488
1978,2.071022727272727
1979,2.273109243697479
1980,2.0849923430321593
1981,1.8541806020066889
1982,3.569939577039275
1983,2.8800438596491227
1984,2.0939929328621907
1985,2.4540856031128406
1986,2.251275510204082
1987,2.4953333333333334
1988,2.1271186440677967
1989,1.5816326530612246
1990,1.4676470588235293
1991,2.865184757505774
1992,2.36651728553137
1993,2.11048839071257
1994,3.496898412954161
1995,2.5098265895953755
1996,2.0628458498023714
1997,3.7509642447618057
1998,1.9323886639676113
1999,2.7187276626161543
2000,3.6940680188844204
2001,3.3302575361974838
2002,3.221226535292619
2003,3.29704009975717
2004,2.7869113457348753
2005,3.6477483825507653
2006,3.27783654381472
2007,2.798876404494382
2008,2.5841121495327104
2009,3.4945514691574235
2010,3.9724746819008048
2011,3.5815590890715536
2012,3.355195638229634
2013,3.306559790610175
2014,3.067019400352734
2015,3.359860958653494
2016,2.628371089536138
2017,2.955422794117647
2018,3.478169358786099
2019,4.2508177570093455
2020,3.852755905511811
2021,3.296597823292484
2022,3.630323165206886
2023,3.449432368821819
2024,3.274120317820658
2025,3.5046474358974358
2026,2.6634683724235964
2027,2.500829875518672
2028,4.057476453646766
2029,3.4573283858998143
2030,2.8
2031,2.6031468531468533
2032,2.8622047244094486
2033,3.2004643962848296
2034,2.8372427983539095
2035,3.1506849315068495
2036,2.3827534039334344
2037,3.3326446280991737
2038,2.9052312357846852
2039,2.6780821917808217
2040,2.875
2041,2.684065934065934
2042,2.7110358180058083
2043,3.281429745275267
2044,2.491830065359477
2045,3.3721719457013575
2046,3.4191176470588234
2047,2.9691011235955056
2048,3.4960564549605646
2049,3.2995495495495497
2050,2.518699910952805
2051,2.6004950495049504
2052,3.1336116910229643
2053,2.162963626590217
2054,2.722430139720559
2055,2.7532467532467533
2056,3.3768115942028984
2057,3.3615751789976134
2058,3.593308615819209
2059,3.2965050732807217
2060,3.0496600650310377
2061,3.050314465408805
2062,3.121794871794872
2063,2.8579545454545454
2064,3.853061716489875
2065,3.6906761412575366
2066,4.038436268068331
2067,3.9183917758062243
2068,3.9829198861325743
2069,3.8074324324324325
2070,3.9442379182156135
2071,3.7869565217391306
2072,3.136991192573197
2073,3.4673748103186646
2074,3.4776119402985075
2075,3.745814307458143
2076,3.852743389882317
2077,3.480461811722913
2078,3.636629698089957
2079,3.2679738562091503
2080,3.563180191366591
2081,3.5250223648897543
2082,2.916866643812136
2083,3.606034295637074
2084,3.1950413223140495
2085,3.428956918209733
2086,3.08008658008658
2087,3.5446312418693084
2088,2.5695630336514315
2089,3.3121617319325054
2090,3.4542871900826446
2091,2.885061919504644
2093,2.968652734548688
2094,3.055261893320519
2095,2.799175500588928
2096,3.5541426032874277
2097,3.3851706036745406
2098,2.8238188976377954
2099,3.5402370555208984
2100,3.1947690791326386
2101,3.0993975903614457
2102,3.4460659898477157
2103,3.0019011406844105
2104,3.26875
2105,3.3229577892499242
2106,3.347838785046729
2107,2.5685997171145685
2108,3.5947080524106347
2109,3.6077547841566533
2110,3.2741354466858787
2111,3.2244125846276384
2112,3.398445778876722
2113,2.191666666666667
2114,3.5941066853016537
2115,3.6986627677750032
2116,3.2572145545796736
2117,3.638346043851287
2118,3.6345586566825503
2119,2.3859649122807016
2120,2.942105263157895
2121,2.772592278319898
2122,2.6759785353535355
2123,3.0725781961737018
2124,3.2398037273791305
2125,3.630262805041566
2126,2.822133007505673
2127,2.588888888888889
2128,3.268796992481203
2129,3.4753086419753085
2130,3.8008057296329456
2131,3.996991576413959
2132,4.028741584671155
2133,3.2437719136372025
2134,3.294576182366042
2135,3.002009646302251
2136,2.8188819167142043
2137,3.513610831052859
2138,3.688676381299332
2139,3.7121733149931226
2140,3.5719604193200745
2141,3.3810133060388945
2142,3.0567970204841712
2143,3.2935349322210636
2144,3.6111350327247673
2145,3.367815482502651
2146,3.1695387062566276
2147,2.605225988700565
2148,2.986754966887417
2149,2.3348993288590605
2150,3.643518956225773
2151,3.212097611630322
2152,2.0474330357142856
2153,2.103399433427762
2154,2.695111847555924
2155,3.4029339853300735
2157,3.2934782608695654
2158,2.870614035087719
2159,3.389620253164557
2160,3.778057953671254
2161,3.517735183961225
2162,2.4949879711307137
2163,2.501487357461577
2164,2.1403162055335967
2165,3.198960302457467
2166,3.5009041591320074
2167,3.3666285920403993
2168,3.0368782161234993
2169,2.7345876701361087
2170,2.7829768270944744
2171,3.6409448818897636
2172,3.3682432432432434
2173,3.5220500595947555
2174,3.5000190650499503
2175,3.4307692307692306
2176,3.9072847682119205
2177,3.220647773279352
2178,3.58982683982684
2179,3.0565217391304347
2180,3.32122905027933
2181,3.5145833333333334
2182,3.637154554759468
2183,3.841947315771924
2184,3.614888628370457
2185,3.5059808612440193
2186,4.099420289855073
2187,3.5
2188,2.804541768045418
2189,3.447867298578199
2190,2.88515406162465
2191,3.0045454545454544
2192,3.1265822784810124
2193,3.46388985105646
2194,3.868974847179076
2195,3.0839971035481537
2196,2.218586387434555
2197,3.4771428571428573
2198,3.46
2199,3.0927835051546393
2200,2.7346153846153847
2201,3.2275862068965515
2202,3.83984375
2203,4.09149529452771
2204,3.6782608695652175
2205,3.332262210796915
2206,3.8723706651506538
2207,2.9491150442477876
2208,4.044908062234795
2209,3.32648401826484
2210,3.6641791044776117
2211,3.372413793103448
2212,3.7349397590361444
2213,2.1333333333333333
2214,2.9166666666666665
2215,2.8221153846153846
2216,2.7954545454545454
2218,2.307017543859649
2219,3.140127388535032
2220,2.7142857142857144
2221,3.4521072796934864
2222,2.272727272727273
2223,2.814814814814815
2224,2.276315789473684
2225,2.5408163265306123
2226,3.0476190476190474
2227,3.5272727272727273
2231,3.7183362624487404
2232,3.591616386154335
2233,2.891304347826087
2235,2.6630434782608696
2236,3.443472090823084
2237,3.6531728665207877
2238,3.847417840375587
2239,3.667563930013459
2240,3.412280701754386
2241,2.7529644268774702
2242,2.5135135135135136
2243,3.6842464713917136
2244,2.0721153846153846
2245,3.354344277163069
2247,3.091858946451894
2248,3.816666666666667
2249,3.1274259448416752
2250,3.214114832535885
2252,3.0618040089086858
2253,2.7435267857142858
2255,2.6237816764132553
2256,2.1761006289308176
2257,2.8028169014084505
2258,2.0576923076923075
2259,2.649047931713723
2260,2.50177304964539
2261,3.3102336825141014
2262,3.0917449938700448
2263,3.1258023106546853
2264,2.723374827109267
2265,2.1314180929095357
2266,2.8527881040892193
2267,3.0292153589315527
2268,3.8271604938271606
2269,2.860666158148996
2270,3.242857142857143
2271,3.195392491467577
2272,3.4766401590457257
2273,3.4707290251633354
2275,3.3921686746987953
2276,3.4873737373737375
2278,3.578506038926071
2279,2.6855766241840224
2280,3.3194014447884417
2281,3.130630630630631
2282,3.3916938110749184
2283,3.2367957746478875
2284,3.698992443324937
2285,3.74
2286,2.5133079847908744
2287,3.4755813953488373
2288,3.92263517873274
2289,3.9220808723307585
2290,3.513157894736842
2291,3.7195130109037393
2292,2.9
2293,3.311111111111111
2294,3.210627400768246
2295,3.4285714285714284
2296,2.7041912019397296
2297,3.33451536643026
2298,2.2908163265306123
2300,3.839203197202448
2301,3.6110101744186047
2302,3.5986968187044845
2303,3.890501319261214
2304,3.409090909090909
2305,3.6157205240174672
2306,2.5049909255898366
2307,2.597674418604651
2308,2.8076923076923075
2309,3.2872340425531914
2310,3.5963912630579298
2311,3.3933958418263352
2312,3.721079258010118
2313,3.8965377489578508
2314,2.895776566757493
2315,2.2106824925816024
2316,3.1240119923684926
2318,3.8227479526842583
2320,3.1031204290589955
2321,3.5616918103448274
2322,2.9033816425120773
2323,3.6714801444043323
2324,4.163542469554494
2325,3.0638399237732252
2327,2.8907004830917873
2328,2.802813425468904
2329,4.134989648033126
2330,4.058659217877095
2331,3.3539412673879445
2332,2.959349593495935
2333,3.804428044280443
2334,3.124240750966317
2335,2.9376682664169493
2336,3.8389791183294664
2337,3.374468085106383
2338,2.1372315035799523
2339,2.5594405594405596
2340,3.361957226182761
2341,3.216510903426791
2342,3.585714285714286
2343,3.0
2344,3.5029100529100528
2345,3.507518796992481
2346,3.2781881804043547
2347,3.426056338028169
2348,3.5470324748040314
2349,3.7236102435977516
2350,2.6751592356687897
2351,4.096764529658478
2352,3.7127549703072553
2353,3.5666978761149166
2354,2.7013103037522335
2355,3.5593319194061506
2356,2.972390317700454
2357,4.080797101449275
2358,3.5277777777777777
2359,3.782382102453286
2360,4.077489593339737
2361,3.293593130779392
2362,2.7121559633027523
2363,3.2110030191211
2364,2.6761501210653753
2365,2.7486992715920917
2366,3.4753840782122905
2367,2.8126430205949657
2368,1.793548387096774
2369,2.9328825857519787
2370,3.4011571841851493
2371,3.4331863979848865
2372,2.892405063291139
2373,2.4809257375381484
2374,2.8936915887850465
2375,2.90622914349277
2376,3.1827220503756077
2377,2.9237223493516398
2378,3.000129550459904
2379,2.494606003752345
2380,2.2953634802518605
2381,2.168793679732604
2382,2.0348425893172974
2383,1.8999221183800623
2384,2.9114544084400906
2385,2.5387067395264116
2386,1.631184407796102
2387,2.863279790810609
2388,3.4072164948453607
2389,2.808855291576674
2390,3.6645291315500184
2391,3.7003769660730534
2392,2.3978313253012047
2393,3.193371212121212
2394,3.453109789075176
2395,3.8444321124676284
2396,3.7791422731839126
2397,3.327485380116959
2398,3.715207914151576
2399,2.7523870146403566
2400,2.8387909319899243
2401,3.7239103744628608
2402,2.8916553493285044
2403,3.6043980208905992
2404,2.5113272066680916
2405,3.1492517370390165
2406,3.4716652402494192
2407,3.282075833014171
2408,2.5159372026641296
2409,3.2212043648120705
2410,2.997976001156571
2411,2.9262786860656966
2412,2.307314410480349
2413,3.53573137661509
2414,3.3707308743169397
2415,2.9390243902439024
2416,3.067638388470357
2417,2.9688524590163934
2418,3.0006896551724136
2419,3.1725
2420,3.3593989203126258
2421,2.688728024819028
2422,2.26168430335097
2423,3.6232204221894944
2424,3.215279935375629
2425,3.5887345679012346
2426,3.25
2427,3.4437869822485205
2428,2.8822339133953867
2429,2.770594653573377
2430,3.093719806763285
2431,3.1869600747139857
2432,3.3333891493636973
2433,3.335905583295506
2434,3.510344827586207
2435,2.953038674033149
2436,3.408327501749475
2437,3.5437430786267994
2439,3.5572711959573273
2440,3.218599033816425
2441,3.0771028037383177
2442,3.659310344827586
2443,3.5353982300884956
2444,3.4505494505494507
2445,2.857390300230947
2446,2.6796759941089836
2447,3.0807540799099606
2448,2.4010922330097086
2449,1.6477272727272727
2450,2.142940218655501
2451,2.7411764705882353
2452,1.9424778761061947
2453,3.095108695652174
2454,3.315839243498818
2455,3.4574943278502555
2456,2.33300876338851
2457,3.328767123287671
2458,2.511006289308176
2459,3.3484135107471853
2460,2.4476439790575917
2461,2.085294117647059
2462,1.792929292929293
2463,3.389008331093792
2464,2.5775401069518717
2465,2.3254237288135595
2466,3.4011627906976742
2467,3.8673285198555956
2468,2.7488343176872863
2469,3.1722412109375
2470,3.1311354327536427
2471,2.610514198004605
2472,2.9310344827586206
2473,2.4043574593796158
2474,3.4396060134784863
2475,3.1372980910425845
2476,3.291736577181208
2477,2.4457142857142857
2478,3.1304268736357024
2479,2.4236311239193085
2480,3.0
2481,3.631469979296066
2482,3.2974358974358973
2483,3.5043572984749454
2485,3.012979465323518
2486,2.473333333333333
2488,3.779341111873713
2490,3.414378959493185
2491,2.721590909090909
2492,2.7878965922444183
2493,3.7313167259786475
2494,3.6493506493506493
2495,3.784047919293821
2496,3.2262523383911867
2497,2.915444348576359
2498,2.366916588566073
2499,3.462686567164179
2500,2.7388059701492535
2501,3.851922877578522
2502,3.9881657795185967
2503,3.602272727272727
2504,2.924900057110223
2505,2.9894809280377506
2506,3.1587197909862836
2507,2.6037181996086107
2509,2.9405405405405407
2510,2.475
2511,3.8536585365853657
2512,3.6295454545454544
2513,3.0541954383762295
2514,2.1495762711864406
2515,1.925189393939394
2516,1.7950643776824033
2517,3.1091973244147155
2518,3.330071174377224
2519,3.302007299270073
2520,3.063593932322054
2521,2.590851334180432
2522,2.5047683923705724
2523,2.658582089552239
2524,3.0231301340250756
2525,2.3539719626168223
2526,2.4303215926493107
2527,3.421159420289855
2528,3.4315362595419847
2529,3.608361102696153
2530,2.904123711340206
2531,2.79040404040404
2532,2.8442340791738383
2533,3.034766267324407
2534,2.1578947368421053
2535,2.6826196473551636
2536,2.070080862533693
2537,2.026898734177215
2538,3.5652173913043477
2539,3.257169444209458
2540,2.9834324553950724
2541,3.302344347235199
2542,4.030218465954393
2543,2.7666666666666666
2544,3.2226277372262775
2545,3.24025974025974
2546,3.0026408450704225
2548,2.2464139344262297
2549,2.2110621904237755
2550,3.609438775510204
2551,3.5190217391304346
2552,2.3378378378378377
2553,3.4046296296296297
2554,3.188029020556227
2555,1.7251340083382967
2557,3.6764018691588785
2558,2.7268637532133675
2559,2.572354211663067
2560,3.2625594923320995
2561,3.110738255033557
2562,3.316849816849817
2563,3.65
2565,3.742430795847751
2566,2.313782991202346
2567,3.0275140267587397
2568,2.152363184079602
2569,2.8253968253968256
2570,3.6113074204946995
2571,4.160630884770588
2572,3.560852433542372
2573,3.340974212034384
2574,2.626974483596598
2575,3.934633812457221
2576,2.75
2577,3.1945525291828796
2578,3.0285714285714285
2579,3.7470698546647916
2580,3.666546540362438
2581,3.0649723303955727
2582,3.0924170616113744
2583,3.6145533141210375
2584,2.240740740740741
2585,3.830975954738331
2586,2.699468085106383
2587,2.990359333917616
2589,2.757372654155496
2590,3.169683257918552
2591,3.075
2593,3.573728813559322
2594,3.887402799377916
2596,3.6282186022070415
2597,2.5355140186915888
2598,3.0057378930456737
2599,3.7538128355295264
2600,3.367275581561296
2602,2.65
2604,3.2666666666666666
2605,3.171242310164356
2606,2.7855589386689865
2607,3.780313837375178
2608,2.9732142857142856
2609,3.926782273603083
2610,3.827250608272506
2611,3.84855403348554
2612,3.918790968681719
2613,3.06718192627824
2614,2.261574074074074
2615,2.9427549194991056
2616,2.7303231151615575
2617,3.2264562009290088
2618,3.8298090040927693
2620,3.5478927203065136
2621,3.5927152317880795
2622,3.2907300115874856
2623,2.4508196721311477
2624,3.9373007438894794
2625,2.940771349862259
2626,3.544927536231884
2627,3.5084745762711864
2628,3.078164194734663
2629,2.7179621848739495
2630,3.519047619047619
2631,1.670731707317073
2632,3.746153846153846
2633,3.3195945945945944
2634,3.080423940149626
2635,3.0275
2636,2.546875
2637,2.664141414141414
2638,2.683333333333333
2639,3.161184210526316
2640,3.383731642551347
2641,3.1011109019017136
2642,2.4805269186712486
2643,2.0733087330873308
2644,3.665029112081514
2646,2.859922178988327
2647,3.105769230769231
2648,3.7959575429087624
2649,3.2560706401766004
2650,2.779816513761468
2651,3.0420258620689653
2652,3.2
2653,2.7830188679245285
2654,3.5617283950617282
2655,1.7691176470588235
2656,2.7928571428571427
2657,3.352969064833472
2658,2.8636363636363638
2659,3.216666666666667
2660,3.634689178818112
2661,3.2298187808896213
2662,3.534563758389262
2663,2.9941634241245136
2664,3.752055774043618
2665,3.108447488584475
2666,2.783464566929134
2667,2.591796875
2668,2.5600871731008716
2669,3.524621212121212
2670,3.880084151472651
2671,3.4768276234151605
2672,3.3669454476335297
2673,3.464622641509434
2674,2.839108910891089
2675,3.25
2676,3.1461368653421635
2677,3.954661558109834
2678,2.997549019607843
2679,2.725806451612903
2681,3.3421052631578947
2682,3.7835550181378474
2683,3.1944034163883894
2684,2.727272727272727
2686,3.8697261804973455
2687,3.4880752435337588
2688,3.089316118047673
2690,3.7386435331230286
2691,3.7575896964121434
2692,3.96045599517283
2693,3.6298568507157465
2694,3.115723903118471
2695,3.0
2696,3.8280680437424057
2697,3.6158536585365852
2698,2.4516129032258065
2699,2.7692496021544866
2700,3.6155445097153187
2701,2.3381951086213966
2702,3.0838457238680825
2704,3.5366449511400653
2705,3.3892857142857142
2706,3.282205465941268
2707,3.4485926274879284
2708,3.709470304975923
2709,3.083559782608696
2710,2.9146574119175193
2711,3.515850144092219
2712,3.3105157806535703
2713,2.5366004962779156
2714,3.217889908256881
2715,2.3175182481751824
2716,3.7576577715947894
2717,3.0467674148260753
2718,3.1931158418578933
2719,2.490073787772312
2720,2.13371197535618
2721,3.5839017735334244
2722,2.7065648854961832
2723,3.0385143754293003
2724,2.8830791575889614
2725,3.5749336870026527
2726,4.0176211453744495
2727,3.3046092184368736
2728,3.8216684892985473
2729,3.7856796116504854
2730,3.891001267427123
2731,4.093837209302325
2732,3.935359589041096
2733,2.4518950437317786
2734,3.2929957250904307
2735,2.904638058084092
2736,3.4468852459016395
2737,2.4813432835820897
2738,3.3675675675675674
2739,3.730256557259567
2740,2.4945054945054945
2741,2.8641456582633054
2742,2.7222222222222223
2743,3.297029702970297
2744,3.5018939393939394
2745,3.7908577479703496
2746,3.3066580716456397
2747,3.226525821596244
2748,2.2309197651663406
2749,3.133169934640523
2750,3.7155839133797373
2751,2.9943661971830986
2752,2.9120458891013383
2753,3.1975806451612905
2754,2.0
2755,2.546153846153846
2756,2.940816326530612
2757,3.667892156862745
2758,2.9363636363636365
2759,3.272784019975031
2760,3.185185185185185
2761,3.8694332751688036
2762,4.008065983884578
2763,3.502709573827524
2764,3.5660550458715594
2765,3.228787878787879
2767,3.016722408026756
2768,2.902439024390244
2769,3.133128834355828
2770,3.0607931005326794
2771,3.011544804837823
2772,3.1724356268467706
2773,2.9797979797979797
2774,3.3144458281444584
2775,3.2180851063829787
2776,3.5496688741721854
2777,2.2676767676767677
2778,2.5350877192982457
2779,3.534659314690823
2780,3.210185185185185
2781,3.1713286713286712
2782,3.38909541511772
2783,3.0595238095238093
2784,3.387380191693291
2785,3.172727272727273
2786,2.582579185520362
2787,2.9789755351681957
2788,3.978617248752673
2789,2.915210355987055
2790,2.665171898355755
2791,3.797656878134691
2792,3.094435231251152
2793,2.6557177615571774
2794,2.9921641791044777
2795,3.7510452753553936
2796,2.9293375394321766
2797,3.613050165641268
2798,2.1470731707317072
2799,1.8740657698056802
2800,3.183195592286501
2801,3.398239823982398
2802,3.014659449706811
2803,3.376408891671885
2804,3.9646299212598426
2805,2.857079646017699
2806,2.481952211489578
2807,1.8876404494382022
2808,2.62117202268431
2809,2.5664451827242525
2810,3.980637422892392
2812,3.010958904109589
2813,3.2724137931034485
2814,2.594488188976378
2815,2.601574803149606
2816,1.8600961538461538
2817,1.703125
2818,1.6278118609406953
2819,3.942676649508657
2820,3.5919220055710306
2821,2.9594594594594597
2822,2.991705069124424
2823,2.734042553191489
2824,3.543918918918919
2825,2.9375
2826,3.13589364844904
2827,2.5028935185185186
2828,1.996316758747698
2829,2.7894150417827297
2830,3.5
2832,2.9761904761904763
2833,3.302139037433155
2834,3.274193548387097
2836,3.2443262411347518
2837,3.3378378378378377
2838,2.7096774193548385
2839,3.724066390041494
2840,3.0309311224489797
2841,3.501126126126126
2842,3.1846652267818576
2843,4.024660291897333
2844,3.064648117839607
2845,2.355769230769231
2846,3.251559841179807
2847,3.7868525896414345
2848,3.7384453781512605
2849,2.896135265700483
2850,2.725
2851,2.513846153846154
2852,3.7651839178785287
2853,2.952542372881356
2854,2.2976190476190474
2855,2.4065040650406506
2856,2.7854442344045367
2857,3.575092936802974
2858,4.101649452090069
2859,4.113165680473373
2860,3.114059405940594
2861,3.133641404805915
2862,2.6213178294573645
2863,3.8086507293354943
2864,3.105911330049261
2865,2.986754966887417
2866,3.605592105263158
2867,3.3775
2868,2.4634387351778657
2870,3.5753701211305517
2871,3.772337588112021
2872,3.557248925361469
2873,2.9699570815450644
2874,3.3558823529411765
2875,3.088673285198556
2876,2.8088012139605465
2877,3.0842377260981912
2878,2.2871900826446283
2879,3.3685291700903863
2880,3.3223388305847075
2881,3.2174798818376287
2882,2.8038599640933572
2883,3.42940876656473
2885,3.2648054145516077
2886,2.35
2887,1.6821428571428572
2888,2.8229166666666665
2889,3.3018234165067177
2890,3.5736349143084896
2891,3.3766101694915256
2892,2.518324607329843
2893,2.9851301115241635
2894,2.8346839546191247
2895,2.8448275862068964
2896,2.9681818181818183
2897,3.5405982905982905
2898,2.8126550868486353
2899,3.319034852546917
2900,2.7037218413320274
2901,3.186888888888889
2902,2.590909090909091
2903,2.132284382284382
2904,3.571875
2905,4.098410087719298
2906,2.4365468409586057
2907,2.532119914346895
2908,3.775644931952062
2910,2.8455882352941178
2911,3.1863636363636365
2912,3.611419508326725
2913,3.1984126984126986
2915,3.483518646069074
2916,3.6305465074194716
2917,3.9134682484298673
2918,3.9112446550329367
2919,3.904769736842105
2920,4.137743190661479
2921,3.813488372093023
2922,3.634940995382247
2923,3.3819444444444446
2924,3.8084185680566485
2925,3.9882537196554426
2926,3.3192846423211604
2927,3.9568773234200743
2928,3.3182608695652176
2929,3.5038095238095237
2930,3.673469387755102
2931,4.02442996742671
2932,3.946685210941122
2933,3.7266666666666666
2934,3.357142857142857
2935,4.064562825709323
2936,4.015466816647919
2937,4.030671859785784
2938,3.8996913580246915
2939,3.48019801980198
2940,3.888508371385084
2941,3.5369127516778525
2942,2.995819397993311
2943,3.6724436741767765
2944,3.8133709547391454
2945,2.799342105263158
2946,3.711413748378729
2947,3.729857667289238
2948,3.6883997496348844
2949,3.6651537033216424
2950,2.5917960088691796
2951,3.942234447735929
2952,3.693099014144878
2953,2.7368926445169963
2954,2.3620689655172415
2955,1.6818181818181819
2956,3.144523326572008
2957,3.109375
2959,4.23601911677706
2961,2.870033508855912
2962,3.2976190476190474
2963,3.2222222222222223
2964,3.198757763975155
2965,2.0280777537796975
2966,3.93115075048945
2967,3.700100300902708
2968,3.5726163534389452
2969,3.8450134770889486
2970,3.963235294117647
2971,3.7617770968977404
2972,3.878712871287129
2973,4.00284148569109
2974,1.7941595441595442
2975,3.1695156695156697
2976,3.1857075693464973
2977,2.7175324675324677
2978,2.912028725314183
2979,2.3125
2981,3.375
2982,2.331111111111111
2983,3.7976718403547673
2984,3.738095238095238
2985,3.378312813021703
2986,2.5098894253231583
2987,3.543433357118714
2988,3.6052287581699347
2989,3.4375479662317727
2990,3.2240730284208543
2991,3.488242770892914
2992,2.3464912280701755
2993,3.599912126537786
2994,3.225609756097561
2995,2.5945945945945947
2996,3.393103448275862
2997,3.9345334215751158
2998,3.244047619047619
2999,3.2745098039215685
3000,4.166026555470207
3001,2.0406976744186047
3002,3.8442622950819674
3003,3.504424778761062
3004,2.539158231220032
3005,3.322649333183907
3006,3.8962443438914027
3007,3.9047815333882934
3008,3.747272727272727
3010,3.5829787234042554
3011,3.6828
3012,3.462962962962963
3013,2.923469387755102
3014,2.8141263940520447
3015,3.3265479219677694
3016,3.243840144230769
3017,2.810133630289532
3018,3.5297144754316068
3019,3.844329654848556
3020,3.615269633206853
3021,2.6636363636363636
3022,4.070619691726958
3023,3.230769230769231
3024,2.3672680412371134
3025,2.856060606060606
3026,2.14
3028,3.6302439024390245
3029,3.0677777777777777
3030,4.167050691244239
3031,2.2819905213270144
3032,3.4204660587639313
3033,3.429145224049203
3034,3.690871369294606
3035,4.03311499272198
3036,3.305534779356769
3037,3.9561619324535897
3038,4.020075282308658
3039,3.7365076934854167
3040,3.173407917383821
3041,1.809477756286267
3042,1.6206496519721578
3043,1.728744939271255
3044,3.734435328185328
3045,3.240863787375415
3046,3.4406015037593987
3047,3.566666666666667
3048,2.5081967213114753
3049,3.0849802371541504
3050,2.665492957746479
3051,3.034231609613984
3052,3.6233020096762187
3053,3.076153597934818
3054,2.349767441860465
3055,3.451367781155015
3056,2.936619718309859
3057,2.9344262295081966
3058,2.227272727272727
3060,3.7551993067590987
3061,3.798399586990191
3062,3.8925709001233044
3063,2.6412157153447
3064,2.224070450097847
3065,3.182926829268293
3066,3.6677032430031096
3067,3.8896593307205305
3068,3.860091743119266
3069,3.664092664092664
3070,3.361742877663395
3071,3.7334135441732554
3072,3.630592924763328
3073,3.3526315789473684
3074,3.766310461192351
3075,3.8248571428571427
3076,3.5764546684709067
3077,4.052034428794992
3078,3.521997621878716
3079,3.7615291262135924
3081,3.5250978015317647
3082,3.204092204092204
3083,3.9830935251798563
3085,2.8125
3086,3.5310077519379846
3087,3.4608092812676854
3088,3.9853884533143265
3089,4.108164481525626
3090,4.056497175141243
3091,4.036020583190394
3092,3.5789473684210527
3093,3.821937321937322
3094,3.787807737397421
3095,3.9743011722272317
3096,3.9047287899860916
3097,3.987937559129612
3098,3.7866631707743403
3099,3.2341561040693794
3100,3.6810067310506294
3101,3.4343270684813136
3102,3.5694614443084456
3103,3.096629213483146
3104,3.796434966628683
3105,3.773704579660288
3106,3.2831858407079646
3107,3.2985291071058627
3108,3.600956254121785
3109,3.1197368421052634
3110,3.3181818181818183
3111,3.748913043478261
3112,3.4637305699481864
3113,2.6930811946570614
3114,3.80913175822583
3115,3.2153532608695654
3116,2.676470588235294
3117,3.2987012987012987
3118,3.446078431372549
3119,3.017857142857143
3120,2.944713870029098
3121,3.4623893805309733
3122,3.2198795180722892
3124,3.1740506329113924
3125,3.590096798212956
3126,3.2048192771084336
3127,2.973926380368098
3128,3.2507739938080493
3129,3.668421052631579
3130,2.4569589702333063
3132,3.4714285714285715
3133,3.63265306122449
3134,4.116347569955817
3135,3.8374760994263863
3136,2.8191489361702127
3137,3.2552447552447554
3138,3.2357512953367875
3139,2.9022556390977443
3140,3.4935897435897436
3141,2.9783653846153846
3142,3.4163197335553703
3143,3.480769230769231
3144,3.088967971530249
3145,3.3079096045197742
3146,2.6226255804136764
3147,4.042695647954975
3148,3.6778605517401934
3150,3.5813648293963256
3152,3.974639855942377
3153,3.5951828206616367
3154,3.309090909090909
3155,3.4082142857142856
3156,3.177990092002831
3157,2.859603487064117
3158,3.5946601941747574
3159,3.501816443594646
3160,3.875038397739141
3161,3.3660714285714284
3162,2.407766990291262
3163,3.667259786476868
3165,2.547979797979798
3166,1.7741935483870968
3167,3.539430894308943
3168,3.692032686414709
3169,3.5457463884430176
3171,3.77803738317757
3172,3.3860759493670884
3173,3.204157677976074
3174,3.5240655144694535
3175,3.602825957745718
3176,3.519930029823354
3177,2.865199034981906
3178,3.7235684796266377
3179,3.5051399200456883
3180,2.4457831325301207
3181,3.628356254092993
3182,3.8877649325626202
3183,3.4708520179372195
3184,2.911764705882353
3185,3.3448046181172293
3186,3.6091927911555355
3188,3.662121212121212
3189,3.473992502343018
3190,2.348421926910299
3192,3.6366459627329193
3194,3.4945454545454546
3196,4.071535244922342
3197,3.13
3198,3.960116554361683
3199,3.3807339449541285
3200,3.857245337159254
3201,3.888208269525268
3202,3.442105263157895
3203,3.5927962606543855
3204,3.5319620253164556
3205,3.457865168539326
3206,3.0029411764705882
3207,3.1595744680851063
3208,2.8034265103697025
3210,3.636603524644237
3211,3.44988344988345
3212,2.875
3213,3.5230801510700798
3214,3.3496659242761693
3215,3.220779220779221
3216,2.962962962962963
3217,3.514450867052023
3218,3.201923076923077
3219,3.234080188679245
3220,3.1097560975609757
3221,3.6296992481203008
3222,3.6769662921348316
3223,3.6151960784313726
3224,4.047912713472486
3225,2.6793529971455756
3229,3.395348837209302
3230,3.6404109589041096
3231,2.861111111111111
3232,3.7516339869281046
3235,3.109403254972875
3236,2.8333333333333335
3238,2.359259259259259
3239,2.2899543378995433
3240,3.1291866028708135
3241,3.6112565445026177
3243,2.6184895833333335
3244,3.621072088724584
3245,3.7830188679245285
3246,3.791879513827726
3247,3.0254158004158005
3248,2.6308504566210047
3249,3.1198630136986303
3250,3.431435567799204
3251,3.3556019485038275
3252,3.7862980568759905
3253,3.460106691406703
3254,2.9555421140178435
3255,3.517036108717788
3256,3.6110968624433615
3257,2.8261333668215496
3258,2.9980649322726296
3259,3.2786302926967887
3260,3.7571253447747472
3261,3.42749836708034
3262,3.6261530113944653
3263,3.1308228123639528
3264,2.913978494623656
3265,3.940894089408941
3266,3.7177083333333334
3267,3.6023868156847887
3268,1.8352561144439317
3269,3.0815397350993377
3270,3.3696531791907516
3271,3.675865294667914
3272,3.322746521476104
3273,2.449002979601192
3274,3.066361916771753
3275,3.8604633612557544
3276,2.93202416918429
3280,2.9609375
3281,3.6438172043010755
3283,3.4383561643835616
3284,3.5970149253731343
3285,3.106007684247293
3286,2.260760760760761
3287,2.9201898188093183
3289,3.760722347629797
3292,3.682857142857143
3293,2.642857142857143
3294,2.525252525252525
3295,3.668141592920354
3296,3.7895005096839958
3298,3.5028730628591327
3299,2.336278586278586
3300,3.467957221024706
3301,3.350384148807117
3302,3.415492957746479
3303,3.516304347826087
3304,3.6772616136919316
3305,2.9836065573770494
3306,3.8860759493670884
3307,4.100658055081648
3308,3.157038242473556
3309,3.6216216216216215
3310,3.926005361930295
3311,3.6655290102389078
3313,2.282608695652174
3314,3.0384615384615383
3316,2.6599091226843763
3317,3.6975591151792524
3318,3.271689497716895
3319,3.175675675675676
3320,3.5207423580786026
3322,2.3411764705882354
3323,3.170103092783505
3324,2.7079459002535926
3325,2.352766798418972
3326,2.762200956937799
3327,3.5886150234741785
3328,3.725727716506961
3329,3.84375
3330,3.7581818181818183
3331,2.3665158371040724
3333,3.3260869565217392
3334,3.981314044605184
3335,2.388888888888889
3336,3.076923076923077
3338,3.9565217391304346
3339,3.6836340206185567
3340,2.5495356037151704
3341,3.842355175688509
3342,3.781639344262295
3343,2.393162393162393
3344,2.8055555555555554
3345,3.2542372881355934
3346,2.63953488372093
3347,3.914446002805049
3348,3.0
3349,3.2850467289719627
3350,3.862050739957717
3351,2.8531468531468533
3352,2.638888888888889
3354,2.6896941568487445
3355,3.2595829195630586
3357,3.740608228980322
3358,3.605484387510008
3359,3.997594793435201
3360,3.839985286003311
3361,3.6658285440613025
3362,3.9571584590945195
3363,3.746396633350868
3364,3.875867386276022
3365,3.9217744666440906
3367,3.432126696832579
3368,3.7704194260485653
3369,3.0172413793103448
3370,3.297994269340974
3371,3.6146616541353382
3372,3.4342105263157894
3373,2.925
3374,3.2379032258064515
3375,3.210970464135021
3377,3.3181818181818183
3378,3.2777777777777777
3379,3.7299546142208775
3380,3.0789473684210527
3384,3.8015340364333654
3385,2.6255259467040672
3386,3.6570464767616193
3387,2.7332242225859247
3388,2.7113380575239683
3389,2.467391304347826
3390,1.5637450199203187
3391,2.2215608465608465
3392,2.2452667814113596
3393,2.397119341563786
3394,2.669324221716021
3395,2.6468531468531467
3396,3.6205254911413762
3397,3.601623017336776
3398,3.4421487603305785
3399,3.0675453047775947
3400,2.7891832229580573
3401,2.226537216828479
3402,3.452205882352941
3403,2.564159292035398
3404,3.334014532243415
3405,3.836892052194543
3406,3.6794055201698512
3407,2.6296296296296298
3408,3.58566862247132
3409,3.121748178980229
3412,3.4769965277777777
3413,3.0161290322580645
3414,3.2611940298507465
3415,4.036979969183359
3417,3.592137592137592
3418,3.596880241529688
3420,3.6329022988505746
3421,3.772800617370563
3422,3.401268115942029
3423,2.92125
3424,3.854925187032419
3425,3.2842205323193916
3426,3.1787198669991685
3427,3.2788697788697787
3428,3.096368715083799
3429,4.0880612600069615
3430,3.221558988764045
3431,2.4880546075085324
3432,2.342541436464088
3433,2.0254491017964074
3434,1.9981412639405205
3435,4.186036235086169
3436,2.8098751418842225
3437,1.7027777777777777
3438,2.8830798479087454
3439,2.5700665859564165
3440,2.2216961712638947
3441,3.2041869802122167
3442,2.4627659574468086
3443,2.3680555555555554
3444,3.229043683589138
3445,3.1600877192982457
3446,3.5325342465753424
3447,3.704314720812183
3448,3.6745317360513603
3450,3.3400668507484377
3451,3.838495575221239
3452,3.018705946141334
3453,2.5810419681620838
3454,2.7580299785867237
3455,3.0689655172413794
3456,3.888655462184874
3457,3.1421800947867298
3458,2.685185185185185
3459,2.7579908675799087
3461,3.4983398732266826
3462,4.085410674336849
3463,1.896341463414634
3465,2.7556818181818183
3466,3.4527402700555996
3467,3.947486033519553
3468,4.0676351741389265
3469,4.056566970091027
3470,4.040510127531883
3471,3.772016703249639
3472,3.200854700854701
3473,3.529166666666667
3474,3.050595238095238
3475,3.8587420042643923
3476,3.6783783783783783
3477,3.3930232558139535
3478,3.2535180299032542
3479,3.564138576779026
3480,3.4102902374670183
3481,3.799268189707745
3483,3.3778204512722034
3484,2.7716974555594285
3485,2.564516129032258
3486,2.4338235294117645
3487,3.658307210031348
3488,2.1358024691358026
3489,3.2420595939751147
3490,3.0
3491,2.70704845814978
3492,3.2413793103448274
3493,2.9939024390243905
3494,3.6382457702582367
3495,3.15625
3496,3.2369477911646585
3497,3.0949074074074074
3498,3.8766693922049607
3499,3.775097992160627
3500,2.6411764705882352
3501,3.4675785207700103
3502,3.399206349206349
3503,3.8827260458839405
3504,4.007875633474867
3505,3.7521823472356934
3506,3.251315789473684
3507,3.887883008356546
3508,3.9165868836764
3509,2.852808988764045
3510,3.550515074189585
3511,2.454397394136808
3512,3.5541310541310542
3513,3.2969160104986877
3515,3.152190051967335
3516,3.65315739868049
3518,2.9344569288389515
3519,3.308501314636284
3520,2.3366666666666664
3521,3.8876435210497537
3522,3.522727272727273
3523,2.892857142857143
3524,3.304870804870805
3525,3.069051959890611
3526,3.5664115646258505
3527,3.670742009668184
3528,3.102894736842105
3529,3.357632933104631
3530,3.5090909090909093
3531,3.0839160839160837
3533,3.4647058823529413
3534,3.0899126562767596
3535,3.6863437954687175
3536,3.399385245901639
3538,3.561172161172161
3539,3.747422680412371
3540,2.961783439490446
3543,3.8667596348884383
3544,2.8221544715447155
3545,3.8656810715188272
3546,3.786184210526316
3547,3.68052738336714
3548,3.8901464713715046
3549,3.7292323869610935
3550,3.376513317191283
3551,3.842890173410405
3552,3.6636162424448795
3553,2.8033240997229916
3554,3.4089116719242902
3555,3.3497534246575342
3556,3.646406864497676
3557,2.9684986595174263
3559,3.7445328031809146
3560,3.282608695652174
3562,2.686046511627907
3563,2.2678916827853
3564,1.8689690198070086
3565,3.293701799485861
3566,3.2802983219390924
3567,3.4252577319587627
3569,3.5647911338448424
3570,3.0319148936170213
3571,3.1669150521609537
3572,1.6945812807881773
3573,1.488888888888889
3574,1.367741935483871
3575,3.3596491228070176
3576,3.5501073729420187
3577,2.4984615384615383
3578,3.9697196661673444
3579,2.501466275659824
3580,2.9975
3581,3.685032139577594
3584,2.846089850249584
3585,3.276595744680851
3586,3.411764705882353
3587,3.154488517745303
3588,3.3299595141700404
3589,2.515151515151515
3590,2.8630573248407645
3591,3.2658788774002954
3592,3.5492424242424243
3593,1.5912449205762838
3594,3.29500947567909
3595,2.2714285714285714
3596,2.5604534005037785
3597,2.5756880733944953
3598,3.395262768319763
3599,3.5505804311774463
3600,2.7309278350515465
3601,2.880952380952381
3602,2.717821782178218
3603,2.611111111111111
3604,3.6033333333333335
3605,2.979591836734694
3606,3.848498635122839
3608,3.2467613873798578
3609,3.574324324324324
3610,2.601769911504425
3611,2.9559585492227978
3612,3.44311377245509
3613,3.605820105820106
3614,3.1105449712007087
3615,3.053789731051345
3616,2.627556818181818
3617,3.1193065625580965
3618,3.3143687707641196
3619,3.1
3620,3.063706563706564
3621,3.7503617945007237
3622,3.5064599483204133
3623,2.9835969537199767
3624,3.253999507752892
3625,3.4121621621621623
3626,2.862012987012987
3627,3.475596529284165
3628,3.367142857142857
3629,4.0345
3630,2.6666666666666665
3631,3.0
3632,3.7446601941747573
3633,3.4280166435506243
3634,3.988974113135187
3635,3.531110714922446
3636,2.959016393442623
3637,3.8682539682539683
3638,3.1585467243099434
3639,3.464959301171332
3640,3.2447552447552446
3641,3.303738317757009
3642,2.9166666666666665
3643,3.3006430868167205
3644,3.1323529411764706
3645,3.96671826625387
3646,2.3668623946898135
3648,2.857142857142857
3649,3.0656660412757972
3650,3.1015625
3651,2.627906976744186
3652,3.108
3653,3.792892156862745
3654,3.8079639551875304
3655,3.5525114155251143
3656,3.25
3657,3.3333333333333335
3658,3.6356107660455486
3659,3.3756906077348066
3662,2.197260273972603
3663,1.9809160305343512
3664,1.846613545816733
3665,1.8969072164948453
3666,1.962809917355372
3667,1.9319727891156462
3668,3.608720596672404
3669,2.5886917960088693
3670,3.384259259259259
3671,3.854865424430642
3672,2.877005347593583
3673,2.3690036900369003
3674,2.6029411764705883
3675,3.780215053763441
3676,3.6594264926171625
3677,4.09254327563249
3678,3.65272373540856
3679,3.8772102161100195
3680,3.7418918918918918
3681,4.001188312596113
3682,3.585714285714286
3683,3.985956308515381
3684,3.3256743256743255
3685,3.56359918200409
3686,3.2464032639038005
3687,3.372950819672131
3688,2.7353251318101934
3689,2.0566218809980805
3690,2.0755148741418763
3691,2.5296442687747036
3692,2.4864197530864196
3693,2.8808200138985405
3694,2.327354260089686
3695,2.088709677419355
3696,3.067415730337079
3697,2.9022696011004125
3698,3.2521026761332603
3699,3.4088564058469477
3700,3.5292321116928447
3701,3.1509018036072143
3702,3.5150791756186837
3703,3.652402581879034
3704,3.132420710219572
3705,2.733924154987634
3706,3.574025974025974
3707,3.0137349397590363
3708,2.993456276026175
3709,2.4130982367758187
3710,2.263219741480611
3711,3.1636904761904763
3712,3.231631382316314
3713,3.769585253456221
3714,3.075107296137339
3715,2.4009146341463414
3716,2.3181818181818183
3717,3.1036991704066366
3718,3.3439716312056738
3719,2.9956772334293946
3720,3.6175182481751826
3722,2.2142857142857144
3723,3.554973821989529
3724,3.6714601769911503
3725,3.122146118721461
3726,3.53584229390681
3727,3.5850622406639006
3728,3.77696335078534
3729,3.2837837837837838
3730,4.0282340862423
3731,3.4551971326164876
3732,3.068762278978389
3733,3.7987051206592115
3734,3.602981029810298
3735,3.9085797206602577
3736,3.9460167714884697
3737,3.793388429752066
3738,3.4209445585215605
3739,3.920277296360485
3740,3.5162342167337313
3741,3.9866153846153844
3742,3.831973898858075
3743,2.7041095890410958
3744,2.9571324334184603
3745,3.2796350466638806
3746,3.7831753554502368
3747,3.6241573033707866
3748,3.5142857142857142
3749,3.287671232876712
3751,3.4710538406917006
3752,2.9969327476522265
3753,3.460519651539708
3754,2.1901776384535006
3755,3.0863188770165513
3756,3.0900735294117645
3757,2.9935064935064934
3758,2.8580786026200875
3759,3.2014388489208634
3760,3.378678678678679
3761,3.6424418604651163
3763,3.43031310612358
3764,2.70787037037037
3765,3.081081081081081
3766,2.5231638418079094
3767,2.158252427184466
3768,2.1414634146341465
3769,3.3907203907203907
3770,3.334385964912281
3771,3.446142649199418
3772,2.7457627118644066
3773,2.8122629582806575
3774,2.123342175066313
3775,3.1303030303030304
3776,3.0985221674876846
3777,2.7772727272727273
3778,3.185185185185185
3780,2.589655172413793
3781,2.661654135338346
3782,2.698224852071006
3783,3.7826825127334467
3784,3.0921052631578947
3785,2.7364622117708537
3786,3.438821752265861
3787,3.8241758241758244
3788,3.8343328335832085
3789,3.9919463087248324
3790,3.3259493670886076
3791,3.1321814254859612
3792,3.3236301369863015
3793,3.5342086016939156
3794,3.2519509476031216
3795,3.4785714285714286
3796,3.1300578034682083
3797,2.281144781144781
3798,3.213752408477842
3799,2.1265533028122956
3800,2.902439024390244
3801,4.002050020500205
3802,2.5455362492510485
3803,3.169811320754717
3804,2.2650602409638556
3805,3.0617647058823527
3806,3.191588785046729
3807,3.1584158415841586
3808,3.8795379537953796
3809,3.421238189253984
3810,2.9363143631436315
3811,4.014917695473251
3812,3.5174741858617953
3813,3.513212795549374
3814,3.94603825136612
3816,3.8089080459770117
3817,3.1444444444444444
3818,2.69
3819,4.06864064602961
3820,1.841628959276018
3821,2.2000224618149145
3822,3.8210884353741497
3823,3.592289719626168
3824,2.4276765375854215
3825,2.7134857676154924
3826,2.558734939759036
3827,3.086748732802317
3829,2.938775510204082
3830,2.831168831168831
3831,3.6571347678369195
3832,3.4693140794223827
3833,2.3736559139784945
3834,2.8151986183074267
3835,2.6893434823977165
3836,3.7806912991656736
3837,2.8485130111524164
3838,2.574829931972789
3839,2.539525691699605
3840,2.686046511627907
3841,2.7795640326975475
3843,3.0135363790186127
3844,3.5545476536042573
3845,3.2801724137931036
3846,3.0071868583162216
3847,2.6522727272727273
3848,2.8728813559322033
3849,3.6878612716763004
3850,2.7719298245614037
3851,3.692222222222222
3852,3.472502522704339
3854,3.672268907563025
3855,3.6458852867830425
3857,2.605232558139535
3858,3.018776824034335
3859,3.6375266524520256
3860,3.0144927536231885
3861,3.156708310700706
3862,3.1354838709677417
3863,3.0328011744196717
3864,2.5273809523809523
3865,3.277623026926648
3866,2.7567567567567566
3867,2.7263157894736842
3868,3.6152618135376757
3869,3.2479217980295565
3870,3.476595744680851
3871,3.7546904315196996
3872,3.7517123287671232
3873,3.56777316735823
3874,3.1422413793103448
3875,3.3208955223880596
3877,2.115800865800866
3878,2.8987341772151898
3879,2.910017472335469
3880,3.46875
3881,3.6232876712328768
3882,3.0470918009810792
3883,2.7063492063492065
3885,3.2274774774774775
3887,3.1379310344827585
3888,3.138888888888889
3889,2.456076618229855
3891,1.8714285714285714
3892,2.9545454545454546
3893,3.156904541241891
3894,3.552941176470588
3895,2.508232711306257
3896,3.2818719741796665
3897,3.822344393503769
3898,2.7816205533596836
3899,2.7045454545454546
3900,2.8841463414634148
3901,2.8473871733966747
3902,2.9791666666666665
3905,3.212418300653595
3906,3.1835664335664338
3908,2.1794582392776523
3909,2.785318559556787
3910,3.847006441834028
3911,3.810231494712775
3912,2.479381443298969
3914,3.4047029702970297
3915,3.4872389791183296
3916,3.7828097592090577
3917,3.372715894868586
3918,3.014236902050114
3919,2.4994882292732856
3920,3.595115681233933
3921,2.560693641618497
3922,2.469924812030075
3923,2.565891472868217
3924,2.84375
3925,3.857142857142857
3926,3.277165354330709
3927,3.4918635170603674
3928,3.427743086529884
3929,3.876598465473146
3930,3.2686950146627565
3931,1.9593908629441625
3932,3.5651819663226507
3933,2.1676646706586826
3934,2.8846153846153846
3936,3.4908536585365852
3937,2.890921409214092
3938,2.484375
3939,1.9747474747474747
3940,1.7403100775193798
3941,1.9673913043478262
3942,1.763157894736842
3943,3.144919168591224
3944,2.6166666666666667
3945,2.064332247557003
3946,2.3778939507094847
3947,3.5475391498881432
3948,3.3925293651093402
3949,3.989178343530031
3950,3.518494484101233
3951,3.688284518828452
3952,3.6115643845335224
3953,2.2565703022339028
3954,2.919642857142857
3955,2.50767366720517
3956,2.381203007518797
3957,2.9886363636363638
3958,2.013333333333333
3959,3.682651016318351
3960,2.940677966101695
3961,2.2495784148397977
3962,1.60828025477707
3963,3.327956989247312
3964,3.4837443946188342
3965,3.6475409836065573
3966,3.703958691910499
3967,3.7777972949235905
3968,2.911727214786488
3969,3.3958904109589043
3970,3.348051948051948
3971,3.175141242937853
3972,3.7342676559494365
3973,1.9982857142857142
3974,2.419178082191781
3975,2.3107142857142855
3977,2.74533055338372
3978,3.1898936170212764
3979,2.4559492231906024
3980,3.6497058823529414
3981,2.781858407079646
3982,3.412442396313364
3983,4.025188536953243
3984,3.495076769025367
3985,3.5885650224215246
3986,3.0
3987,2.9365959498553518
3988,2.902275437201908
3989,3.9492307692307693
3990,2.601966873706004
3991,2.3846153846153846
3992,3.6608725289706885
3993,3.5222910216718266
3994,3.5086159105608425
3996,3.8389712168709034
3997,2.074841358715939
3998,3.164831383344804
3999,2.8460295475530932
4000,3.484625668449198
4001,2.7447368421052634
4002,3.6010863942058977
4003,2.8740499457111834
4005,3.2900036616623947
4006,3.242619117217188
4007,3.723941368078176
4008,3.4379479827974606
4009,3.509229098805646
4010,3.1055786076532965
4011,4.071056857380754
4012,2.766612641815235
4013,2.021276595744681
4014,3.6677614957049016
4015,2.526335926539982
4016,3.647043875995257
4017,3.56020618556701
4018,3.094314381270903
4019,3.667746443089431
4020,3.3692093885114267
4021,3.7080717488789237
4022,3.6850778649548266
4023,3.3702140488393124
4024,3.40343347639485
4025,3.0763237008405424
4026,3.0833333333333335
4027,3.8745041295441243
4028,3.6058673469387754
4029,3.5051675540244283
4030,2.575786769428388
4031,2.901639344262295
4032,2.977777777777778
4033,3.669027845627748
4034,3.7869178563070443
4035,3.2387640449438204
4036,3.4177793394237526
4037,3.9310268840899076
4038,3.1875
4039,3.2004204625087596
4040,2.755231037489102
4041,3.51645681466755
4042,3.3079096045197742
4043,3.524886877828054
4044,2.0785714285714287
4045,3.285326086956522
4046,3.7783783783783784
4047,3.7923866090712743
4048,3.140845070422535
4049,3.3366336633663365
4050,2.15
4051,1.5547945205479452
4052,3.10167714884696
4053,2.7007978723404253
4054,3.1696367374914325
4055,3.46328029375765
4056,3.328879753340185
4058,3.1379310344827585
4061,3.5246686303387333
4062,3.2947635135135136
4063,2.7945682451253484
4064,3.321285140562249
4065,3.2345890410958904
4066,3.370065789473684
4067,3.227979274611399
4068,2.800925925925926
4069,2.780204241948154
4070,2.973684210526316
4072,3.3870967741935485
4073,2.70873786407767
4074,3.422680412371134
4077,3.581351689612015
4078,3.170289855072464
4079,3.296315789473684
4080,3.1044520547945207
4081,2.4693486590038316
4082,3.4385113268608416
4083,3.2083333333333335
4084,3.1291586831562443
4085,3.5712130562984297
4086,3.5442591404746633
4087,2.6507936507936507
4088,2.9680851063829787
4089,2.7736185383244205
4090,3.421774193548387
4091,3.2873289708506843
4092,2.7268518518518516
4093,3.069672131147541
4094,2.282828282828283
4095,3.8039889958734525
4096,2.0727272727272728
4097,3.0090909090909093
4098,3.67056856187291
4099,2.4322033898305087
4100,2.133771929824561
4101,3.1666666666666665
4102,3.6771317829457364
4103,3.8111871607269294
4104,2.2103305785123966
4105,3.6990941566726208
4106,3.0060975609756095
4107,3.259259259259259
4108,3.2777777777777777
4109,2.565175097276265
4110,3.221757322175732
4111,3.289156626506024
4112,2.784090909090909
4113,3.5
4114,3.2448979591836733
4115,2.9693877551020407
4116,3.5955357142857145
4117,3.893617021276596
4118,2.81651376146789
4119,3.7777777777777777
4120,2.3771929824561404
4121,3.282921531360304
4122,3.1365384615384615
4123,2.0946643717728053
4124,1.9079815303430079
4125,1.4989754098360655
4126,3.027624309392265
4127,2.3753462603878117
4128,3.577514154758695
4129,3.008241758241758
4130,2.399793388429752
4131,2.6037151702786376
4132,2.6815519765739384
4133,2.396
4134,2.462962962962963
4135,3.1711079943899017
4136,3.6790123456790123
4137,2.5555555555555554
4138,2.0476190476190474
4139,3.340659340659341
4140,3.2135416666666665
4141,2.8853846153846154
4142,2.320353982300885
4143,2.2146371463714636
4144,4.0588992974238876
4146,2.9095315024232633
4147,3.338150289017341
4148,3.243929725698185
4149,2.8434215295396883
4151,3.5643015521064303
4152,3.3815789473684212
4153,2.754985754985755
4154,2.95010395010395
4155,3.0871665133394663
4156,2.359154929577465
4157,3.155844155844156
4158,2.2824786324786324
4159,2.769188596491228
4160,3.6710875331564985
4161,3.0232438899333447
4162,2.3252032520325203
4163,2.1375
4164,2.9761092150170647
4165,3.308988764044944
4166,3.5700729927007298
4167,2.969293756397134
4168,2.9865269461077846
4169,3.2252906976744184
4171,3.4027777777777777
4173,3.190909090909091
4174,3.6927631578947366
4175,3.530357142857143
4176,3.4682539682539684
4177,3.055
4178,3.7682701202590194
4179,3.88646288209607
4180,2.55
4181,3.1923076923076925
4182,2.6785714285714284
4183,3.814199395770393
4184,3.727922077922078
4185,3.3588709677419355
4186,3.5843621399176953
4187,3.923890063424947
4188,3.5096385542168673
4189,3.2482142857142855
4190,3.8669871794871793
4191,3.5833333333333335
4192,2.9709302325581395
4193,2.9081632653061225
4194,3.8980891719745223
4195,3.45368782161235
4196,2.6726190476190474
4197,3.6096491228070176
4198,2.749315068493151
4199,2.5892857142857144
4200,2.438125
4201,3.09
4202,2.609375
4203,2.6703225806451614
4204,2.2323529411764707
4205,3.2175
4206,3.1068548387096775
4207,2.7061855670103094
4208,3.343137254901961
4209,2.773026315789474
4210,3.587088915956151
4211,3.7610748002904866
4212,3.550415183867141
4213,2.488913525498891
4214,3.1807432432432434
4215,2.2718646864686467
4216,3.752465483234714
4217,3.807584269662921
4218,3.6374521072796937
4219,3.092896174863388
4220,3.516265912305516
4221,2.8465732087227416
4222,2.3984375
4223,3.7177101200686105
4224,2.6443193449334697
4225,3.711105552776388
4226,4.143713274272673
4227,3.1114130434782608
4228,3.01661282879557
4229,2.433913043478261
4231,3.1094674556213016
4232,2.7050449205252245
4233,2.464375
4234,2.985911602209945
4235,3.993436829483781
4236,3.462328767123288
4237,3.7480106100795756
4238,3.2762043088840476
4239,3.7324404502224935
4240,2.790291262135922
4241,1.8699878493317132
4242,3.1016949152542375
4243,3.473684210526316
4244,3.2083333333333335
4245,3.442528735632184
4246,3.3799264856034306
4247,2.691520046149409
4248,2.5523755008586146
4249,2.297752808988764
4250,2.9171270718232045
4251,3.610557768924303
4252,3.3644578313253013
4253,3.0833333333333335
4254,2.246188340807175
4255,2.1876126126126128
4256,3.0703971119133575
4259,3.369565217391304
4261,3.6884057971014492
4262,3.939965994899235
4263,3.8724279835390947
4265,2.334921715452689
4266,2.635514018691589
4267,2.8435314685314683
4268,2.0609756097560976
4270,2.989036170062751
4271,3.75968992248062
4272,3.6094674556213016
4273,3.5814249363867683
4274,3.450284090909091
4275,2.904081632653061
4276,3.565959952885748
4277,3.2434052757793763
4278,3.71218487394958
4279,3.420138888888889
4280,3.537866315442871
4281,2.8012048192771086
4282,3.32172131147541
4283,3.737012987012987
4284,2.980225988700565
4285,3.1900990099009903
4286,3.2172131147540983
4287,3.0683229813664594
4288,3.045
4289,3.417682926829268
4290,2.84005376344086
4291,3.3281056541477505
4292,3.659647779479326
4293,2.957865168539326
4294,3.512562814070352
4295,2.656716417910448
4296,3.2163034705407587
4297,3.7616707616707616
4298,4.025151777970511
4299,3.361871817046219
4300,3.5
4301,3.375
4302,3.1184210526315788
4303,3.2948717948717947
4304,3.6662292213473315
4305,2.711354961832061
4306,3.7485947137316544
4307,2.8951612903225805
4308,3.5104563262153063
4310,2.854730198363157
4312,3.9
4313,3.0597014925373136
4314,3.3181818181818183
4316,2.872990353697749
4317,2.762674825174825
4318,3.238255033557047
4319,3.1486486486486487
4320,2.8821138211382116
4321,3.2946901635567842
4322,3.745583038869258
4323,3.5673469387755103
4324,3.184931506849315
4325,4.015
4326,3.8461617195496416
4327,3.8988557417245606
4328,2.9135802469135803
4329,3.8602449888641424
4330,3.7219387755102042
4331,3.0524193548387095
4332,3.3843457943925235
4333,2.945861049519586
4334,3.948768472906404
4335,3.1096491228070176
4336,3.5467980295566504
4337,3.7075289575289574
4338,3.8843085106382977
4339,3.608811748998665
4340,2.1916409861325117
4341,2.551282051282051
4342,3.523706896551724
4343,2.9209947787853805
4344,3.088333518868975
4345,3.4406307977736548
4346,2.2580645161290325
4347,3.7490196078431373
4348,3.3974358974358974
4349,3.6724137931034484
4350,3.723684210526316
4351,3.3916790214974055
4352,3.1322314049586777
4353,3.1632390745501286
4354,3.0072815533980584
4355,2.873180873180873
4356,3.686318131256952
4357,3.6389167502507522
4358,2.486111111111111
4359,3.682823129251701
4360,3.326996197718631
4361,3.620584473088655
4362,2.9107142857142856
4363,3.1232876712328768
4366,3.3681568478878576
4367,2.7778196748784985
4368,2.373174207338796
4369,2.9677320456809992
4370,3.290427927927928
4371,2.934567901234568
4372,3.121405750798722
4373,2.5494505494505493
4376,3.607594936708861
4377,3.0714285714285716
4378,3.6090675791274593
4379,1.9482758620689655
4380,3.7989821882951653
4381,3.741706161137441
4382,3.022727272727273
4383,3.470108695652174
4384,3.599290780141844
4386,2.550544794188862
4387,3.278144135657089
4388,2.4270548496059194
4389,3.4007782101167314
4390,2.5717391304347825
4391,3.6049723756906076
4392,3.3977732793522266
4393,3.634259259259259
4394,2.6475694444444446
4395,3.827272727272727
4396,2.9105180533751964
4397,2.28943661971831
4398,1.8494623655913978
4399,3.566371681415929
4400,2.8513513513513513
4401,3.4558823529411766
4402,2.408536585365854
4403,3.3653846153846154
4404,3.7990654205607477
4405,3.7921760391198043
4406,3.9496186270574065
4407,3.721978021978022
4408,3.1179775280898876
4409,3.0954022988505745
4410,3.525398406374502
4411,3.4802631578947367
4412,1.9751552795031055
4413,2.1944444444444446
4414,3.2466216216216215
4415,3.003717472118959
4416,3.446236559139785
4417,2.977653631284916
4418,2.8963414634146343
4419,3.8468950749464668
4420,3.3141025641025643
4421,2.7142857142857144
4422,3.97
4423,3.7320261437908497
4424,3.8696
4425,1.6856540084388185
4426,3.8550295857988166
4427,4.0332809224318655
4428,3.588972431077694
4429,3.5578034682080926
4430,2.625
4431,3.307017543859649
4432,4.025811823480433
4433,3.7285223367697595
4434,3.323943661971831
4435,3.316666666666667
4436,3.3431818181818183
4437,3.6934084995663485
4438,3.66198224852071
4439,3.7017326732673266
4440,3.57427258805513
4441,3.261455525606469
4442,3.1595744680851063
4443,3.367322834645669
4444,3.666860465116279
4445,2.450413223140496
4446,3.074195026927925
4447,3.196131779736204
4448,3.4642094017094016
4450,3.445089285714286
4451,3.4716981132075473
4452,3.2018072289156625
4454,3.7762762762762763
4458,3.828638497652582
4459,3.4270833333333335
4460,2.5714285714285716
4461,2.1184210526315788
4462,2.5212464589235126
4463,2.7705479452054793
4464,3.416492693110647
4465,3.704261954261954
4466,2.8315018315018317
4467,3.6019310681984846
4468,3.4907834101382487
4469,3.233009708737864
4470,3.6926605504587156
4471,1.9821802935010482
4472,2.5051020408163267
4473,3.275623268698061
4474,3.1875776397515527
4475,3.475113122171946
4476,3.010514018691589
4477,2.4464285714285716
4478,3.333056478405316
4479,3.5964912280701755
4480,2.8831985624438454
4482,2.7419354838709675
4483,2.1055753262158956
4484,3.6859205776173285
4485,2.3843648208469057
4486,3.332317073170732
4487,2.8353951890034366
4488,3.3295362082994306
4489,3.5385329619312906
4490,2.7151515151515153
4491,3.0428571428571427
4492,2.7931201550387597
4493,2.3429844097995547
4494,2.054711246200608
4495,3.627435064935065
4496,3.2075617283950617
4497,2.646938775510204
4498,3.156611570247934
4499,3.691467122767009
4500,3.740184757505774
4501,2.8448275862068964
4502,2.1232798165137616
4503,2.9411764705882355
4504,2.491228070175439
4505,2.845959595959596
4506,3.3962333825701623
4508,3.502153846153846
4509,3.308224755700326
4510,2.6794871794871793
4511,2.641552511415525
4512,2.1545454545454548
4513,3.085526315789474
4514,1.8416149068322982
4515,3.7804123711340205
4516,2.290880503144654
4517,3.3526912181303117
4518,2.93348623853211
4519,3.383432695324757
4520,2.7182539682539684
4521,3.0966981132075473
4522,3.258241758241758
4523,3.634301270417423
4524,2.9354395604395602
4525,2.8132911392405062
4526,2.5135964912280704
4527,2.3502824858757063
4528,2.9765625
4529,3.6666666666666665
4530,3.0723684210526314
4531,2.861652377240842
4532,2.863106796116505
4533,3.489167616875713
4534,3.2384868421052633
4535,3.7261806130903063
4537,3.711023622047244
4538,3.4098360655737703
4539,2.108695652173913
4540,2.4562043795620436
4541,3.2254098360655736
4542,2.669491525423729
4543,3.2651296829971184
4544,2.598292809105018
4545,3.247188627201358
4546,3.91955756661639
4547,3.205
4548,2.6875
4550,2.7
4551,1.8804347826086956
4552,3.5279394644935973
4553,3.680476730987514
4555,3.7945492662473796
4556,2.9262295081967213
4557,3.453345900094251
4558,2.8693181818181817
4559,2.590144230769231
4560,2.51875
4561,2.9524590163934428
4562,3.4877149877149876
4563,2.6022964509394573
4564,3.2534136546184738
4565,2.3904411764705884
4566,2.069182389937107
4567,1.9624413145539905
4568,2.9703504043126685
4569,2.4454022988505746
4570,3.287009063444109
4571,3.3949259676162438
4572,3.1261808367071526
4573,3.101449275362319
4574,3.027542372881356
4575,3.207317073170732
4576,2.0353535353535355
4577,3.3702497285559176
4578,3.2317554240631163
4579,2.6824324324324325
4580,2.3330945558739256
4581,3.2205882352941178
4582,2.532608695652174
4583,3.036697247706422
4584,2.772277227722772
4585,3.214936247723133
4586,3.471631205673759
4587,2.73517559009787
4588,2.3733333333333335
4589,3.1826086956521737
4590,3.5431654676258995
4591,3.2243491577335375
4592,2.2439024390243905
4593,2.808383233532934
4594,2.8194444444444446
4595,3.381868131868132
4596,2.8777777777777778
4597,2.8104395604395602
4598,1.9359756097560976
4599,3.032258064516129
4600,3.022972972972973
4601,3.335526315789474
4602,2.7618213660245186
4603,2.585313174946004
4605,3.564922480620155
4606,2.992424242424242
4607,3.1804123711340204
4608,3.06875
4610,2.806896551724138
4611,2.7427745664739884
4612,3.761182108626198
4613,2.660576923076923
4614,2.9695
4615,3.3692946058091287
4616,3.7222222222222223
4617,3.2604562737642584
4618,2.696291560102302
4619,2.8215767634854774
4620,2.8282967032967035
4621,2.680846374256116
4622,2.729106628242075
4623,3.492968250585979
4624,3.3304655870445345
4625,2.7743142144638404
4626,3.5182648401826486
4627,3.220379146919431
4628,3.308
4629,2.5243243243243243
4630,2.0216450216450217
4631,2.76271186440678
4632,3.248
4633,3.188888888888889
4634,3.130350194552529
4635,2.3755506607929515
4636,2.443467336683417
4637,2.260956175298805
4638,2.737993996998499
4639,2.8425720620842574
4640,3.5755102040816324
4641,3.7481591448931115
4642,3.7993640699523055
4643,2.7590581086213444
4644,3.7552710843373496
4645,3.640997830802603
4646,3.6137387387387387
4649,3.4311570782159015
4650,2.661764705882353
4651,2.3466666666666667
4652,2.028225806451613
4653,2.913793103448276
4654,2.9058282208588957
4655,3.6556122448979593
4658,3.7099236641221376
4659,3.223809523809524
4661,3.4732824427480917
4662,3.2358407079646017
4663,2.4978070175438596
4664,3.6289424860853434
4665,2.523017902813299
4666,2.575916230366492
4668,3.3253968253968256
4669,2.242424242424242
4670,3.180962343096234
4671,3.3527397260273974
4672,3.3203125
4673,2.836936936936937
4674,3.015463917525773
4675,2.8250478011472278
4676,2.378241262683202
4677,2.922331544424568
4678,3.4790564373897706
4679,3.3581837106427272
4680,3.1459227467811157
4681,3.1830462020360217
4682,2.8281637717121586
4683,2.8609406952965237
4684,2.4761904761904763
4685,2.4918367346938775
4686,2.035248041775457
4687,3.6036036036036037
4688,3.6620521172638436
4689,3.0664335664335662
4690,3.1709726443768997
4691,2.264957264957265
4692,2.9447300771208225
4693,3.1904761904761907
4694,3.2131147540983607
4695,3.5327868852459017
4696,2.9269911504424777
4697,2.9686192468619246
4698,3.2796610169491527
4699,2.957627118644068
4700,3.258946755891766
4701,3.2781745255331636
4702,3.263157894736842
4703,3.7032663316582917
4704,3.5271317829457365
4705,3.763238289205703
4706,3.0670103092783507
4707,2.9262295081967213
4708,3.7152777777777777
4709,3.185847589424572
4710,3.6907032181168056
4711,3.7641509433962264
4712,3.655263157894737
4713,3.484158415841584
4714,2.8228699551569507
4715,2.8257575757575757
4716,3.3954802259887007
4717,3.064189189189189
4718,2.884269336816137
4719,2.873150684931507
4720,3.7117888563049855
4721,2.8459244532803183
4722,3.3883248730964466
4723,3.4847112117780292
4724,3.515151515151515
4725,3.353015873015873
4727,2.8606885508406728
4728,3.13058736608792
4729,3.468152866242038
4731,3.4838709677419355
4732,2.6262866191607284
4733,3.2340286831812257
4734,3.268018754770472
4735,2.349801249290176
4736,2.4724770642201834
4737,3.5396825396825395
4738,3.6155115511551155
4740,2.958041958041958
4741,3.831304347826087
4743,3.43631669535284
4744,2.7595744680851064
4745,3.0430528375733856
4746,2.6839080459770117
4748,2.335655737704918
4749,1.9426705370101596
4750,1.8285163776493256
4751,3.056122448979592
4752,2.949561403508772
4753,2.7125
4754,3.7316937869822486
4755,3.366883116883117
4756,2.5970238095238094
4757,2.9620098039215685
4758,2.395424836601307
4761,3.5255474452554743
4763,3.4307692307692306
4764,3.1714285714285713
4765,3.5849220103986137
4766,3.143884892086331
4767,3.071264367816092
4768,3.6155555555555554
4769,3.8353413654618476
4770,2.8389423076923075
4771,3.0952380952380953
4772,3.656934306569343
4773,2.9919786096256686
4774,3.2179310344827585
4775,1.151015228426396
4776,3.741380462381398
4777,3.3392857142857144
4778,3.897590361445783
4779,3.554263565891473
4780,3.3517241379310345
4781,1.6951219512195121
4782,3.1754032258064515
4783,3.9397506925207755
4784,3.6005747126436782
4785,3.7613240418118465
4786,3.2222222222222223
4787,3.4624413145539905
4788,3.8458029197080292
4789,3.451492537313433
4790,2.8972602739726026
4791,3.2988505747126435
4792,2.853846153846154
4793,3.5095238095238095
4794,3.4352941176470586
4795,3.7577247191011236
4796,3.4140625
4797,3.0078125
4798,3.7560975609756095
4799,3.514242115971516
4800,3.146276595744681
4801,3.8303108808290154
4802,3.631476683937824
4803,3.509532888465205
4804,3.377049180327869
4805,3.379032258064516
4806,4.003802281368821
4807,2.3532934131736525
4808,3.0952702702702704
4809,3.669622205088666
4810,3.2336448598130842
4811,3.516831683168317
4812,2.8218053927315356
4813,3.4733502538071064
4814,3.122991967871486
4815,3.3091032608695654
4816,3.2371905203230504
4817,3.2936507936507935
4818,2.480392156862745
4819,3.2661290322580645
4821,3.1841609050911375
4822,2.4448160535117056
4823,3.371056852610943
4824,3.619047619047619
4825,3.5697674418604652
4826,3.526086956521739
4827,2.4414893617021276
4828,3.3129032258064517
4829,3.1479591836734695
4830,3.5240963855421685
4831,2.1192307692307693
4832,2.9776119402985075
4833,3.5510089686098656
4834,2.8644214162348876
4835,3.6706349206349205
4836,3.422110552763819
4837,2.9755747126436782
4838,3.0797872340425534
4839,2.1201923076923075
4840,3.664451827242525
4841,3.3333333333333335
4842,3.399665551839465
4844,3.3245896363051175
4845,2.096320346320346
4846,3.715223097112861
4847,3.2893401015228427
4848,3.854287556415216
4849,3.5288220551378444
4850,3.202090592334495
4851,3.4166666666666665
4852,2.052123552123552
4853,2.801980198019802
4854,2.5489130434782608
4855,3.765443654062149
4856,3.5822784810126582
4857,3.895849854612741
4858,3.4423076923076925
4859,2.6285714285714286
4860,2.4918032786885247
4861,3.3333333333333335
4862,3.003361344537815
4863,3.702247191011236
4864,3.1961538461538463
4865,3.312188454735488
4866,3.4180974477958235
4867,2.9946438136047133
4868,2.9135338345864663
4869,3.375
4870,2.4970238095238093
4871,3.3996138996139
4872,3.308712121212121
4873,3.851063829787234
4874,3.535416666666667
4876,2.72276581865623
4877,3.2232142857142856
4878,3.9423732511522624
4879,2.8689320388349513
4880,3.704585229261463
4881,3.7557428677287885
4883,3.358974358974359
4884,3.370967741935484
4885,2.788906009244992
4886,3.8405276521954543
4887,2.9828668584880984
4888,3.6152927120669056
4889,3.385235191637631
4890,2.8114733383876676
4892,3.1320754716981134
4893,3.0917721518987342
4894,2.632867132867133
4895,2.513986013986014
4896,3.6951587455365793
4897,2.7213740458015265
4898,2.9391691394658754
4899,2.37666433076384
4900,3.1439588688946016
4901,3.6268152866242036
4902,3.723905723905724
4903,3.6804753820033955
4907,3.3784722222222223
4908,3.3925619834710745
4909,2.7390029325513194
4911,3.0415117719950433
4912,3.557492931196984
4913,2.675925925925926
4914,3.940376569037657
4915,2.8957169459962757
4916,3.5670926517571884
4917,3.116279069767442
4918,3.6666666666666665
4919,3.337912087912088
4920,3.9433497536945814
4921,3.6075498575498575
4922,3.267123287671233
4923,3.4285714285714284
4924,3.0727272727272728
4925,2.9741935483870967
4926,3.1933333333333334
4927,3.6688102893890675
4928,3.962430939226519
4929,2.759149940968123
4930,3.6899038461538463
4931,2.675925925925926
4932,3.450793650793651
4933,3.185185185185185
4934,2.6859756097560976
4935,3.573529411764706
4936,3.2701668984700976
4937,2.8493150684931505
4938,3.6411764705882352
4939,3.3713662790697674
4940,2.952830188679245
4941,3.084049665711557
4942,2.690909090909091
4943,2.6019417475728157
4944,2.140625
4945,3.4574468085106385
4946,2.75
4947,3.238489871086556
4948,2.7375
4949,2.366396761133603
4950,2.755859375
4951,3.257575757575758
4952,2.4444444444444446
4953,2.8592233009708736
4954,3.5361003026372675
4955,2.675
4956,3.6982097186700766
4957,3.2320574162679425
4958,3.2484798877455567
4959,2.9085714285714284
4960,3.1776315789473686
4961,3.1735395189003435
4962,2.5037037037037035
4963,3.816946150212565
4964,3.5660377358490565
4965,3.2916666666666665
4966,3.591093117408907
4967,3.9390509360034827
4969,3.8578125
4970,3.8699832775919734
4971,3.1171284634760705
4972,2.9844559585492227
4973,4.08682156987038
4974,2.6645077720207255
4975,3.401331719128329
4976,3.5277463193657983
4977,3.4923954372623576
4978,3.792488860598345
4979,3.7874677619638932
4980,3.023879040667362
4981,3.354771784232365
4982,2.603448275862069
4983,2.948051948051948
4984,3.2857142857142856
4985,1.9
4986,2.3035714285714284
4987,2.5
4988,2.8852459016393444
4989,2.8800834202294054
4990,2.8326509723643807
4991,2.7577962577962576
4992,3.180164939733559
4993,4.099330748061046
4994,3.193661971830986
4995,3.965835910073699
4996,3.656739811912226
4997,2.9308510638297873
4998,3.7512820512820513
4999,3.920152091254753
5000,3.5941176470588236
5001,3.5826771653543306
5002,3.09375
5003,2.768041237113402
5004,3.741095890410959
5005,3.5789473684210527
5007,3.64214463840399
5008,4.079093947270702
5009,3.1813744631003513
5010,3.688033215788875
5011,3.2064343163538873
5012,2.8918305597579423
5013,3.6055604925733147
5014,3.5647175421209116
5015,3.466737707413609
5016,3.3516923076923075
5017,3.9559471365638768
5018,3.0964912280701755
5019,2.8846153846153846
5021,3.6856573705179283
5022,3.936111111111111
5023,3.5513833992094863
5024,3.3579545454545454
5025,3.0849483204134365
5026,3.4502446982055464
5027,2.7979139504563233
5028,3.2755681818181817
5029,2.987012987012987
5031,3.1951219512195124
5032,2.4705882352941178
5033,3.2327044025157234
5034,3.7641325536062378
5035,3.313380281690141
5036,3.049808429118774
5037,3.4152542372881354
5038,3.558712121212121
5039,3.30355472404116
5040,2.8828320802005014
5041,3.161764705882353
5042,3.248427672955975
5043,2.6136363636363638
5044,2.8869565217391306
5045,2.0470588235294116
5046,3.1575342465753424
5047,2.814384577360356
5048,2.3231327800829877
5049,3.4862150452934224
5051,3.565416285452882
5053,2.2539964476021312
5054,3.4369973190348526
5055,3.4583528310715956
5056,3.8855685131195337
5057,2.8636363636363638
5058,3.4391025641025643
5059,3.9182027649769586
5060,3.86473778143877
5061,3.022222222222222
5062,3.8084795321637426
5063,3.292626728110599
5064,3.7957755203171457
5065,3.104352385946513
5066,3.4473007712082264
5068,3.351063829787234
5069,3.440944881889764
5071,3.621761658031088
5072,3.573845327604726
5073,3.5657370517928286
5074,3.452448210922787
5075,3.517857142857143
5076,3.0684007707129095
5077,3.1308724832214767
5078,3.0783783783783782
5079,3.4873417721518987
5080,2.7756622516556293
5081,3.0787801778907244
5082,3.232142857142857
5083,3.511764705882353
5084,2.5163934426229506
5085,3.4425675675675675
5086,3.210227272727273
5087,3.4875
5088,3.46
5089,2.3636363636363638
5090,3.2989130434782608
5091,3.567901234567901
5092,2.719140625
5093,2.6095173041894353
5094,1.8603603603603605
5095,3.456896551724138
5096,2.456004756242568
5097,3.55
5098,3.5258620689655173
5099,3.3654708520179373
5100,2.6376146788990824
5101,3.619496855345912
5102,2.773170731707317
5103,3.6754889455782314
5104,3.5073529411764706
5105,3.6929703652653343
5106,1.914516129032258
5107,3.1441032798325192
5108,3.407458563535912
5109,2.7324786324786325
5110,3.600846389339096
5111,2.927889207258835
5112,3.5401785714285716
5113,3.0495049504950495
5114,3.856
5115,2.911111111111111
5116,3.24375
5117,2.9408396946564888
5118,3.4324324324324325
5119,3.836206896551724
5120,3.9461060948081266
5121,3.9465290806754223
5122,3.5472350230414746
5123,3.3923076923076922
5124,3.316326530612245
5125,3.2732919254658386
5126,2.3526315789473684
5127,2.983315954118874
5128,2.6709788702026738
5130,3.025
5131,3.3046357615894038
5134,3.203030303030303
5135,3.8086228287841193
5136,2.302941176470588
5137,3.8626373626373627
5139,3.409695817490494
5140,2.1284046692607004
5141,2.5060240963855422
5142,3.654850746268657
5143,3.185185185185185
5144,3.1206896551724137
5145,3.758695652173913
5146,3.670818505338078
5147,4.0838250607427975
5148,3.105769230769231
5150,3.0217391304347827
5151,2.772689075630252
5152,3.5759468170829978
5153,3.1904761904761907
5154,2.2142857142857144
5155,3.270642201834862
5156,3.0306122448979593
5157,3.206140350877193
5158,3.5721153846153846
5159,3.144041769041769
5160,2.227272727272727
5161,2.620967741935484
5162,2.7533333333333334
5163,3.2890625
5164,2.4013761467889907
5165,3.2938144329896906
5166,3.161290322580645
5167,3.4928057553956835
5168,3.4678030303030303
5169,3.79875
5170,2.642857142857143
5171,2.896189591078067
5172,2.646713615023474
5173,3.135593220338983
5174,3.280952380952381
5175,3.2928571428571427
5177,3.823529411764706
5178,3.2142857142857144
5179,3.377005347593583
5180,3.390909090909091
5181,2.9903846153846154
5182,2.7241379310344827
5183,2.2096774193548385
5184,2.8484251968503935
5185,2.6449275362318843
5186,2.9193548387096775
5187,3.667091836734694
5188,2.745614035087719
5189,2.607594936708861
5190,3.566666666666667
5192,2.869047619047619
5193,2.903225806451613
5194,3.9527027027027026
5195,1.9365079365079365
5196,3.460227272727273
5197,2.896276595744681
5198,3.773905996758509
5199,3.475378787878788
5200,2.8660714285714284
5201,1.9534883720930232
5202,3.7151162790697674
5203,3.049382716049383
5204,3.328358208955224
5205,2.9242957746478875
5206,2.403225806451613
5207,2.8518518518518516
5208,3.4793103448275864
5210,2.35
5211,2.3617021276595747
5212,2.3633879781420766
5213,2.3136363636363635
5214,3.16966966966967
5215,2.5375
5216,3.106382978723404
5217,2.5549450549450547
5218,3.5291256257064427
5219,3.1889628516212154
5220,2.7367962855484618
5221,3.3037974683544302
5222,3.4355863662622763
5224,3.8562091503267975
5225,3.8728139904610495
5226,3.1142086330935252
5227,3.312
5228,3.241573033707865
5229,3.15625
5230,3.3333333333333335
5231,3.4433198380566803
5232,3.297752808988764
5233,3.467741935483871
5234,3.191666666666667
5235,3.0
5236,3.6447368421052633
5237,3.4421965317919074
5238,3.680392156862745
5239,3.3518518518518516
5240,3.30635838150289
5241,3.3835820895522386
5242,2.9347826086956523
5243,3.3601190476190474
5244,3.7193877551020407
5245,3.335714285714286
5246,2.411808669656203
5247,3.24795193883124
5248,1.8678304239401495
5249,3.089108910891089
5250,3.346298619824341
5251,3.1965811965811968
5252,3.2241379310344827
5253,2.6923076923076925
5254,3.1298039215686275
5255,2.5401234567901234
5256,2.982456140350877
5258,3.5867768595041323
5259,2.9901960784313726
5262,3.0873015873015874
5263,3.2346938775510203
5264,2.6674233825198637
5265,3.154063890012131
5266,3.2443426961345425
5267,3.486009094088842
5268,3.1458333333333335
5269,3.6275409836065573
5272,3.5
5273,2.9705882352941178
5275,2.803030303030303
5276,3.136627906976744
5277,2.5546875
5278,2.176470588235294
5279,3.717877094972067
5281,2.310344827586207
5282,3.1870404411764706
5283,3.1781996325780772
5284,2.886
5286,2.7065217391304346
5287,3.4925373134328357
5288,3.8991803278688524
5289,3.7828947368421053
5290,3.2796052631578947
5291,4.106243949661181
5292,3.685217391304348
5293,3.253000923361034
5294,3.646393643031785
5295,2.6294117647058823
5296,2.74559585492228
5297,3.2796442687747036
5298,3.2702127659574467
5299,3.383253559155621
5300,3.623762376237624
5301,3.082474226804124
5302,2.8732394366197185
5303,2.873844731977819
5304,3.9557291666666665
5305,2.396935933147632
5306,2.069620253164557
5307,2.906417112299465
5308,2.875249003984064
5309,2.395771292435974
5310,2.3464285714285715
5311,3.18796992481203
5312,3.015873015873016
5313,2.5845456462154752
5314,3.392857142857143
5315,2.5112359550561796
5316,3.406
5317,2.65625
5318,3.125
5319,3.9496976360637714
5321,2.7988505747126435
5322,2.7142857142857144
5323,2.1048005409060178
5324,2.9332509270704574
5325,3.7377706495589416
5327,3.05
5328,3.267123287671233
5329,3.568032786885246
5331,2.301282051282051
5332,3.127659574468085
5333,3.799582463465553
5334,2.7644404332129966
5335,3.1325
5336,2.9
5337,2.8676923076923075
5338,2.769230769230769
5339,3.81437125748503
5340,3.4115646258503403
5341,3.740987983978638
5342,2.3805970149253732
5343,2.467065868263473
5344,2.7011494252873565
5345,3.290909090909091
5346,2.4623059866962307
5347,2.4607843137254903
5348,3.0124137931034483
5349,3.4799557087852633
5350,3.017857142857143
5351,3.2058823529411766
5352,3.547528517110266
5353,3.2758620689655173
5354,3.492217898832685
5355,2.9954545454545456
5356,1.548913043478261
5357,3.3502415458937196
5358,3.674129353233831
5359,3.4462025316455698
5360,2.9361702127659575
5361,3.1908256880733945
5362,2.524390243902439
5363,2.858704793944491
5364,3.3535767511177346
5365,3.11
5366,2.467479674796748
5367,3.695078031212485
5368,3.9220183486238533
5369,2.238372093023256
5370,1.6521739130434783
5371,2.6515151515151514
5372,3.353582554517134
5373,3.933720930232558
5374,1.8106060606060606
5375,3.347058823529412
5376,2.7866666666666666
5377,3.6281158769368966
5378,3.0308783165599267
5379,3.7066350710900475
5380,3.6065675340768277
5381,3.4158878504672896
5382,2.7698519515477793
5383,3.492914979757085
5384,3.4525862068965516
5385,3.9852320675105486
5386,2.9622641509433962
5387,2.8134040501446482
5388,3.493945252874733
5389,3.227246376811594
5390,3.2648148148148146
5391,3.5986038394415356
5392,3.3459119496855347
5393,2.9875
5394,3.3484848484848486
5395,3.4324324324324325
5396,3.0272727272727273
5397,3.2896341463414633
5398,3.8782894736842106
5399,3.1141975308641974
5400,3.2255261633519985
5401,2.9246009906439188
5404,3.7882960413080893
5406,3.3136363636363635
5407,2.8974358974358974
5408,2.8
5409,2.8484848484848486
5410,3.467641843971631
5411,2.9743589743589745
5412,2.576923076923077
5413,2.765957446808511
5414,2.8451526032315977
5415,2.9416413373860184
5416,3.4160839160839163
5417,3.816951566951567
5418,3.906185726038667
5419,2.4045792654579263
5420,2.9098428453267164
5421,3.595111111111111
5422,3.268939393939394
5423,3.2065972222222223
5424,2.332258064516129
5425,3.5070754716981134
5426,3.317204301075269
5427,2.731707317073171
5428,2.485333333333333
5429,3.0142857142857142
5430,3.3777777777777778
5431,3.07183908045977
5432,2.1470588235294117
5433,2.9326424870466323
5434,3.7578828828828827
5435,3.652317880794702
5436,3.4193548387096775
5437,3.2288135593220337
5438,2.684818481848185
5439,2.8168316831683167
5440,3.6084710743801653
5442,2.290909090909091
5443,1.9509803921568627
5444,3.5574432818812802
5445,3.695773741772653
5446,3.830777460770328
5447,3.4930966469428006
5448,2.5093283582089554
5449,2.8356940509915014
5450,3.483357452966715
5451,3.073502722323049
5452,2.008406572411158
5453,3.4623015873015874
5454,2.504914004914005
5455,2.9368421052631577
5456,2.168888888888889
5457,3.1419753086419755
5458,2.3823529411764706
5459,3.041946829419675
5460,2.795722713864307
5461,3.557823129251701
5462,2.3494505494505495
5463,3.020757930593996
5464,3.6732902798476568
5465,3.5308370044052864
5466,3.3282828282828283
5467,2.894230769230769
5468,3.1640625
5469,2.6184210526315788
5470,3.8091503267973854
5471,2.064814814814815
5472,3.4783889980353635
5473,3.6704545454545454
5474,2.452054794520548
5475,4.01690294438386
5476,2.0958980044345896
5477,3.6591478696741855
5478,2.4833005893909625
5479,3.2484412470023982
5480,2.5170627666057284
5481,2.964260929909785
5482,2.033333333333333
5483,3.6265060240963853
5484,3.4444444444444446
5485,3.275992438563327
5486,3.0827814569536423
5487,2.388888888888889
5488,3.40625
5489,3.727234753550543
5490,2.7954545454545454
5491,3.2790697674418605
5492,2.5365853658536586
5493,3.315856777493606
5494,3.5923076923076924
5495,2.778947368421053
5496,3.7406015037593985
5497,3.3122529644268774
5498,4.076308139534884
5499,3.2
5500,3.6048483045806066
5501,1.8795518207282913
5502,3.258519879719345
5503,3.3447204968944098
5504,2.4620307167235493
5505,3.3220192970365265
5506,3.0650630914826498
5507,2.79023102310231
5508,3.6016483516483517
5509,2.9172185430463577
5510,2.4069767441860463
5511,2.212121212121212
5512,2.9453125
5513,2.382142857142857
5514,2.8333333333333335
5515,3.8355817875210794
5516,3.7126288659793816
5517,3.1235955056179776
5518,3.4017857142857144
5519,2.5258620689655173
5520,3.081081081081081
5521,2.824324324324324
5522,3.16036866359447
5523,2.028322440087146
5524,2.9175698802053622
5525,3.8490437158469946
5526,3.526984126984127
5527,3.329285714285714
5528,3.3173958025421224
5529,2.5034423407917386
5530,2.8345607574960545
5531,2.9239864864864864
5532,2.7534246575342465
5534,2.7261904761904763
5535,2.8392857142857144
5537,3.0125
5538,2.3958333333333335
5539,2.1802884615384617
5540,3.290314769975787
5541,3.290531177829099
5542,2.5481927710843375
5543,2.060747663551402
5544,3.565843621399177
5545,1.8571428571428572
5546,2.0592783505154637
5548,3.0177845528455283
5549,2.9925373134328357
5550,2.6267123287671232
5551,2.47
5552,3.026923076923077
5553,3.126814688300598
5554,2.5344827586206895
5555,3.062883435582822
5556,1.8637602179836512
5557,2.365979381443299
5559,2.7580645161290325
5560,3.5919811320754715
5561,3.202127659574468
5563,2.9943100995732577
5564,2.348809523809524
5567,2.6048387096774195
5568,3.2173350582147475
5569,3.0208333333333335
5570,3.728021978021978
5572,3.112966601178782
5573,2.4093904448105437
5574,3.3855942828485457
5575,3.2733333333333334
5576,2.5576923076923075
5577,3.533322549336784
5580,2.559322033898305
5581,2.7804878048780486
5582,2.614406779661017
5583,2.601449275362319
5584,2.2052364864864864
5585,2.175302245250432
5587,1.9049586776859504
5588,3.004071661237785
5589,3.1396011396011394
5590,3.175438596491228
5591,2.3989637305699483
5592,2.2767857142857144
5593,3.36734693877551
5595,2.671232876712329
5596,2.4049429657794676
5597,2.0762711864406778
5598,2.1963562753036436
5599,3.6271186440677967
5600,3.4651741293532337
5601,3.535185185185185
5602,3.762295081967213
5603,3.896530359355638
5604,3.7957486136783736
5605,3.762135922330097
5606,3.4002890173410405
5607,3.81781914893617
5608,3.846643109540636
5609,2.0187265917602994
5610,2.6853107344632767
5611,3.1121281464530894
5612,2.958515283842795
5613,3.4421296296296298
5614,3.457943925233645
5615,3.107638888888889
5617,3.7120423108218064
5618,4.226035335689046
5619,3.684729064039409
5620,3.1827701513551565
5621,2.5734939759036144
5622,3.587719298245614
5624,2.453488372093023
5625,3.376160990712074
5627,3.511904761904762
5628,3.424357754519505
5629,2.936144578313253
5630,3.5646570319240727
5632,3.7533875338753386
5633,3.5683690280065896
5634,3.121212121212121
5635,3.296208530805687
5636,3.040752351097179
5637,3.7628968253968256
5638,2.9802631578947367
5639,2.370860927152318
5640,3.2359154929577465
5641,3.4276315789473686
5642,3.7169117647058822
5643,3.7213822894168467
5644,3.801498127340824
5645,3.018292682926829
5646,3.5773026315789473
5647,1.4696356275303644
5649,3.459763948497854
5650,3.567974971558589
5651,3.1024844720496896
5652,2.3583333333333334
5653,3.531328320802005
5655,2.7243243243243245
5657,3.019662921348315
5658,2.6037735849056602
5659,3.3157894736842106
5660,3.722560975609756
5661,2.586206896551724
5662,3.509433962264151
5663,3.0534090909090907
5664,3.0869565217391304
5665,2.881342062193126
5666,3.2916915720263002
5667,3.189636752136752
5668,3.486322188449848
5669,3.6866269267822736
5670,3.551502145922747
5671,3.338235294117647
5672,1.5358306188925082
5673,3.5767770262252285
5675,1.764240506329114
5677,2.5958702064896757
5678,2.986166007905138
5679,3.3408845738942827
5680,3.2248641304347827
5681,3.3181818181818183
5682,3.533333333333333
5684,3.2663230240549828
5685,3.541564792176039
5686,3.3551263001485885
5687,3.389705882352941
5688,3.5620689655172413
5689,2.9204204204204203
5690,4.101209329110279
5691,2.0834512022630833
5692,3.420289855072464
5693,3.279377880184332
5694,2.1992337164750957
5695,2.796875
5696,3.076241134751773
5697,2.652173913043478
5698,3.435483870967742
5699,3.2901785714285716
5700,1.493421052631579
5701,1.7280701754385965
5703,2.4050632911392404
5704,2.3333333333333335
5705,2.454991816693944
5706,2.4926470588235294
5707,3.583994708994709
5708,2.5609756097560976
5709,3.049019607843137
5710,2.8509615384615383
5711,3.28125
5712,3.590869183494293
5713,2.388888888888889
5714,2.835714285714286
5715,2.9792746113989637
5716,2.3448275862068964
5717,2.527972027972028
5718,2.3372093023255816
5719,2.4545454545454546
5721,3.768796992481203
5722,3.6769662921348316
5723,3.094488188976378
5724,1.7222222222222223
5725,3.4
5726,3.232620320855615
5727,2.625
5728,3.1666666666666665
5729,2.1077348066298343
5730,2.532608695652174
5731,3.0354609929078014
5732,3.680995475113122
5733,3.066326530612245
5734,1.5744186046511628
5735,1.9654654654654655
5736,1.4951690821256038
5738,1.365625
5741,3.404166666666667
5742,3.032051282051282
5743,3.223004694835681
5744,3.1857142857142855
5745,3.461267605633803
5746,2.4521739130434783
5747,3.8310313075506444
5748,3.4782608695652173
5749,3.1607142857142856
5751,3.423076923076923
5752,3.7690875232774674
5753,2.6266666666666665
5754,2.3875
5755,2.483739837398374
5756,2.2962962962962963
5758,1.9807692307692308
5759,3.3866666666666667
5760,2.878260869565217
5761,2.4027777777777777
5762,3.2533333333333334
5763,3.619496855345912
5764,3.0144927536231885
5765,3.316195372750643
5766,2.2083333333333335
5767,3.7787610619469025
5768,2.562176165803109
5769,3.5589743589743588
5770,3.363157894736842
5771,2.80718954248366
5772,3.8689974726200504
5773,2.674
5774,2.25531914893617
5775,2.375
5776,2.9305555555555554
5777,3.2169811320754715
5778,2.953781512605042
5779,1.771889400921659
5780,3.605022831050228
5781,2.650537634408602
5782,4.052488960256925
5783,3.4427083333333335
5784,2.6516714816343376
5785,2.922339489885664
5786,3.4842105263157896
5787,2.641372141372141
5788,3.6510416666666665
5789,2.5258620689655173
5791,3.7343710770775798
5792,3.5482822655524604
5793,2.6029411764705883
5794,3.705357142857143
5795,3.4464285714285716
5796,2.877232142857143
5797,3.447817836812144
5798,3.1491228070175437
5799,3.6054945054945056
5800,3.369565217391304
5801,3.5490693739424706
5802,3.519125683060109
5803,2.763056092843327
5804,2.665709362435382
5806,3.1271186440677967
5808,2.90625
5809,3.138095238095238
5810,3.3376887340301975
5812,3.677626303127506
5813,2.628787878787879
5815,2.3028455284552845
5816,3.6514643271835894
5817,3.471311475409836
5818,3.389705882352941
5819,3.2363636363636363
5820,3.8568627450980393
5821,3.599099099099099
5822,2.8697916666666665
5824,2.7222222222222223
5825,3.9528112449799195
5826,3.584233261339093
5827,2.5510204081632653
5828,3.303030303030303
5829,3.0764462809917354
5830,3.447136563876652
5832,2.2411764705882353
5833,3.3182145428365732
5834,3.183098591549296
5836,3.3810975609756095
5838,3.2083333333333335
5839,3.902439024390244
5840,3.86139896373057
5841,2.138752052545156
5842,2.9593023255813953
5843,3.0318892900120336
5844,2.8780487804878048
5846,3.4407894736842106
5847,3.6481481481481484
5848,3.037037037037037
5850,3.2976190476190474
5851,2.554054054054054
5852,2.418848167539267
5853,3.3499716392512764
5854,2.940677966101695
5855,2.685810810810811
5856,3.4927536231884058
5857,2.0
5858,3.2238805970149254
5859,3.386986301369863
5860,2.793103448275862
5861,3.1
5862,2.7155172413793105
5863,2.4788732394366195
5864,2.037037037037037
5865,2.7037037037037037
5867,3.6689698492462313
5868,3.360215053763441
5869,3.407514450867052
5870,2.65
5872,3.0861811926605505
5873,3.4345794392523366
5874,2.7774774774774773
5875,3.4361702127659575
5876,3.7144632206759445
5878,3.9593363695510737
5879,2.465605749486653
5880,2.0089285714285716
5881,3.1670650095602295
5882,3.538712306438468
5883,2.4638364779874213
5884,2.3461538461538463
5885,3.337078651685393
5887,2.3253968253968256
5888,3.8710777626193726
5889,3.6650943396226414
5890,3.8299881936245574
5891,2.755081300813008
5892,2.90625
5893,3.7157987643424537
5896,3.6363636363636362
5898,2.9568627450980394
5899,3.8076923076923075
5900,2.8471400394477318
5901,2.7877358490566038
5902,3.8483836589698046
5903,3.7305361137167186
5906,3.054054054054054
5907,3.522727272727273
5908,2.71
5909,3.528125
5910,2.8
5911,3.5303030303030303
5912,3.9661016949152543
5913,2.9050632911392404
5914,3.7870722433460076
5915,3.243006993006993
5916,3.4917355371900825
5917,3.13265306122449
5918,2.4886363636363638
5919,2.92
5920,3.1578947368421053
5921,2.265625
5922,3.106060606060606
5923,3.0201149425287355
5924,3.074074074074074
5925,2.4078947368421053
5926,2.642857142857143
5927,2.7157534246575343
5928,3.1517857142857144
5929,3.072463768115942
5930,3.182795698924731
5931,3.1186440677966103
5932,4.038297872340426
5933,3.4186746987951806
5935,3.0063291139240507
5936,3.592814371257485
5937,3.7832512315270934
5938,3.605603448275862
5939,2.157142857142857
5940,3.388996138996139
5941,3.047125668449198
5942,2.512990320937341
5943,2.6897491821155946
5944,3.146083753392788
5945,3.4475409836065576
5946,3.0642857142857145
5947,3.464
5949,3.544930875576037
5951,3.2522388059701495
5952,4.080869081384776
5953,3.1435643564356437
5954,3.803880963337935
5955,3.6104405552202774
5956,3.5618673462164647
5957,3.2363744075829386
5958,2.7843822843822843
5959,3.503001500750375
5960,3.1948356807511735
5961,2.740053050397878
5962,2.121505376344086
5963,3.6774193548387095
5964,2.880952380952381
5965,3.7678899082568806
5966,3.289473684210526
5968,3.2887700534759357
5969,2.4556103575832307
5970,3.31103552532124
5971,4.163490364025696
5972,3.064516129032258
5974,3.603846153846154
5975,3.3040201005025125
5977,3.5
5978,3.1451612903225805
5979,2.2847222222222223
5980,3.474418604651163
5981,3.188470066518847
5982,2.8552631578947367
5983,3.2264957264957266
5984,3.080246913580247
5985,3.024193548387097
5986,3.6666666666666665
5987,2.948051948051948
5988,2.8451612903225807
5989,3.9614619529636905
5990,2.619298245614035
5991,3.519332827899924
5992,3.675660792951542
5993,3.319915254237288
5994,3.5480225988700567
5995,4.059478304700298
5996,2.7203389830508473
5997,3.341463414634146
5998,2.1710526315789473
5999,2.64349376114082
6000,2.5161290322580645
6001,3.865068253412671
6002,3.3830049261083746
6003,3.5765027322404372
6004,3.2222222222222223
6005,3.2467994310099573
6006,2.6774563820018367
6008,3.6484375
6009,3.017857142857143
6010,2.7314814814814814
6011,2.8214285714285716
6012,2.821616871704745
6013,1.935111111111111
6014,2.702247191011236
6016,4.1835973391157335
6017,3.13
6019,2.901639344262295
6020,3.4631147540983607
6021,3.6715686274509802
6022,3.425855513307985
6023,3.886029411764706
6024,2.783582089552239
6025,2.9507692307692306
6026,3.2241379310344827
6027,3.7183600713012477
6028,2.3333333333333335
6029,2.7666666666666666
6030,2.75625
6031,3.7231503579952268
6032,3.7572463768115942
6033,2.8875
6034,2.4423076923076925
6035,3.6912442396313363
6036,3.1544117647058822
6037,2.8531746031746033
6038,3.1013513513513513
6039,2.7634615384615384
6040,2.4668275030156814
6041,3.632841328413284
6042,3.4863945578231292
6043,2.966666666666667
6044,2.3823529411764706
6045,3.2
6046,3.325
6047,3.548076923076923
6049,2.8872549019607843
6050,2.8875
6051,3.71656050955414
6054,3.4150943396226414
6055,2.661290322580645
6056,3.6122448979591835
6057,2.2303149606299213
6058,2.929792600896861
6059,3.388541666666667
6060,2.699523052464229
6062,3.6559139784946235
6063,3.3707865168539324
6064,3.595
6065,3.46
6066,3.4115853658536586
6067,3.1666666666666665
6068,3.1
6070,3.1226415094339623
6072,3.4702380952380953
6073,3.657142857142857
6075,3.6041666666666665
6076,3.169230769230769
6077,3.602760736196319
6078,2.9604409857328147
6080,2.1052631578947367
6081,3.139784946236559
6082,3.658974358974359
6083,3.2686567164179103
6084,3.0203252032520327
6086,3.0697674418604652
6087,3.2264150943396226
6088,2.5568181818181817
6089,2.5775862068965516
6090,3.1666666666666665
6091,3.3908045977011496
6092,2.760752688172043
6093,3.6492182188987083
6094,3.1534296028880866
6095,2.952830188679245
6096,3.0080645161290325
6097,2.515625
6098,3.75
6099,1.978494623655914
6100,3.3047285464098075
6101,3.7707275803722506
6102,3.169724770642202
6103,2.6206896551724137
6104,3.9215076071922543
6105,3.4794117647058824
6107,3.7080745341614905
6108,3.448717948717949
6109,2.9365671641791047
6110,2.6785714285714284
6111,2.803921568627451
6113,3.0588235294117645
6114,3.2093023255813953
6115,2.960122699386503
6116,2.7045454545454546
6117,2.519230769230769
6118,3.7888349514563107
6119,3.688202247191011
6120,2.850828729281768
6121,3.186991869918699
6122,3.8060413354531
6123,4.020044543429844
6124,3.303225806451613
6125,3.682108626198083
6126,3.8175355450236967
6127,3.612403100775194
6128,2.6202531645569622
6129,2.478723404255319
6130,2.641304347826087
6131,2.673469387755102
6132,2.9433333333333334
6133,3.2708333333333335
6134,3.2443181818181817
6135,3.202247191011236
6136,3.6588235294117646
6137,2.426470588235294
6139,3.1865671641791047
6140,3.560090702947846
6142,1.9090909090909092
6143,2.777078085642317
6144,3.8
6145,2.5853658536585367
6147,3.6507936507936507
6148,3.393258426966292
6149,2.7586206896551726
6150,2.71875
6151,3.664772727272727
6152,1.9952380952380953
6153,2.208978328173375
6154,2.788961038961039
6155,3.1953233329131474
6156,3.106234361968307
6157,2.490406253701291
6158,2.3668280871670704
6159,3.529471544715447
6160,3.5617283950617282
6161,3.263157894736842
6162,3.145047169811321
6163,3.651685393258427
6166,2.4037982565379825
6168,2.7595419847328246
6169,3.0080645161290325
6170,3.615347018572825
6171,3.4655172413793105
6172,2.5272727272727273
6173,3.549107142857143
6174,2.25
6176,3.0955414012738856
6177,2.9680851063829787
6178,3.843205574912892
6179,3.3134328358208953
6180,3.0428571428571427
6181,3.466463414634146
6182,3.59375
6183,3.699570815450644
6184,3.3638392857142856
6185,3.167293233082707
6186,2.9140811455847255
6187,3.6878721403948607
6188,3.5940829026474
6191,3.5
6192,3.656398104265403
6193,3.4537275064267354
6194,3.097826086956522
6195,3.7483660130718954
6196,2.8506988564167726
6197,3.3999266862170088
6198,3.411764705882353
6200,3.3857142857142857
6201,3.5907590759075907
6202,3.5
6203,2.6606425702811247
6204,2.3062730627306274
6205,2.784090909090909
6206,3.473684210526316
6207,2.8333333333333335
6208,1.9871794871794872
6211,3.6266233766233764
6212,2.744107744107744
6213,3.2170398009950247
6214,3.61231884057971
6215,3.36566091954023
6216,3.8738317757009346
6217,3.307017543859649
6218,3.456896551724138
6219,2.9285714285714284
6220,2.82225656877898
6221,2.9516129032258065
6222,3.1794582392776523
6223,3.404883011190234
6225,3.1923076923076925
6226,3.6993865030674846
6228,3.761904761904762
6229,3.5982758620689657
6230,3.659154929577465
6231,3.4160305343511452
6232,3.4059139784946235
6233,2.808641975308642
6234,3.4043062200956937
6235,3.9305427782888684
6236,3.4930555555555554
6237,3.659340659340659
6238,2.9871794871794872
6239,3.422705314009662
6241,3.579497907949791
6242,3.5994520547945204
6243,3.0675675675675675
6244,3.8580729166666665
6245,3.2233009708737863
6246,2.9423076923076925
6247,3.6172566371681416
6248,3.2430555555555554
6249,2.332
6250,2.7068835098335855
6251,2.632758620689655
6252,2.737948084054388
6254,3.8507556675062973
6255,2.7866666666666666
6256,3.2954545454545454
6257,3.0775193798449614
6258,3.4901960784313726
6259,3.1367924528301887
6260,3.118811881188119
6261,3.204081632653061
6262,3.352272727272727
6263,3.197101449275362
6264,2.6556697612732094
6265,2.7300469483568075
6266,3.130076838638858
6267,2.9030612244897958
6268,3.6951219512195124
6269,3.894871794871795
6270,3.890927624872579
6271,3.905857740585774
6272,3.439655172413793
6273,3.960099750623441
6274,2.3846153846153846
6276,3.21875
6277,3.2327586206896552
6279,3.3623949579831933
6280,2.864784546805349
6281,3.359212918404449
6283,3.902455507997297
6285,3.2777777777777777
6286,3.827725437415882
6287,2.9470443349753697
6288,3.513089005235602
6289,3.2338709677419355
6290,2.954865556978233
6291,3.846494213750851
6292,3.4285714285714284
6293,2.885496183206107
6294,2.820585664335664
6295,2.368131868131868
6296,3.659496327387198
6297,3.5172516359309935
6298,2.406301824212272
6299,3.9012056262558605
6300,3.7691326530612246
6301,3.700529450694904
6302,2.1818181818181817
6303,3.651262302096705
6304,2.8978260869565218
6305,3.5914850481500253
6306,3.8173076923076925
6307,3.43
6308,2.8071161048689137
6310,2.911764705882353
6311,3.4413793103448276
6312,3.1804123711340204
6313,2.609375
6314,3.1244897959183673
6315,2.9187082405345213
6316,2.589540412044374
6318,2.930817610062893
6319,2.813311688311688
6320,2.522727272727273
6321,2.6194029850746268
6322,3.4363778298204526
6323,3.612336756688221
6325,1.8900862068965518
6326,3.0615384615384613
6327,3.638225255972696
6328,3.1363636363636362
6329,3.4978813559322033
6330,2.8502994011976046
6331,3.951424287856072
6332,2.762575452716298
6333,3.5698666771542062
6334,3.375
6335,3.626631853785901
6336,3.1875
6337,3.501545595054096
6338,2.695383789586688
6339,3.6953781512605044
6341,3.3781512605042017
6342,3.4051724137931036
6344,3.5526802218114604
6345,3.2155635062611805
6346,2.773076923076923
6347,3.0245098039215685
6348,2.212918660287081
6349,2.616822429906542
6350,4.084597582926202
6351,2.996551724137931
6352,1.8346774193548387
6353,1.8636363636363635
6354,2.9909090909090907
6355,2.9523809523809526
6356,3.5299539170506913
6357,3.647313691507799
6358,3.5309278350515463
6365,3.3778095361829283
6366,3.1311475409836067
6367,3.1682926829268294
6368,3.6362007168458783
6369,2.621212121212121
6370,3.7901694915254236
6371,1.519721577726218
6373,3.227707698999565
6374,2.903107861060329
6375,3.8558951965065504
6376,3.5217391304347827
6377,3.820723547502286
6378,3.546891102713844
6379,2.8250698324022347
6380,3.927628584433318
6382,3.7029411764705884
6383,2.6372953736654803
6384,3.0673076923076925
6385,3.832373271889401
6386,3.196261682242991
6387,3.371153846153846
6388,3.4642857142857144
6390,3.2564102564102564
6391,3.2903225806451615
6392,3.292207792207792
6394,3.4610894941634243
6395,3.1875
6396,2.803225806451613
6398,3.2664233576642334
6400,3.8094059405940595
6401,3.3545454545454545
6402,3.21875
6403,3.5852713178294575
6404,3.5
6405,3.522421524663677
6406,2.8777777777777778
6407,3.255434782608696
6408,3.645
6409,3.5513698630136985
6410,2.8608870967741935
6411,3.2127659574468086
6412,3.738970588235294
6413,3.096045197740113
6414,2.986842105263158
6415,3.7142857142857144
6416,3.6868421052631577
6417,2.939655172413793
6419,3.488372093023256
6421,2.9651162790697674
6422,3.6703821656050954
6423,2.6614906832298137
6424,2.925855513307985
6425,2.7595238095238095
6426,3.4869565217391303
6427,3.3636363636363638
6428,3.51144578313253
6429,3.6736842105263157
6430,3.5223880597014925
6431,2.9634146341463414
6432,3.0483870967741935
6433,4.023972602739726
6434,3.2830188679245285
6435,3.1153846153846154
6436,3.5976602238046795
6437,3.4195402298850577
6438,3.169811320754717
6439,3.2982456140350878
6440,3.833217451764297
6441,3.558968058968059
6442,3.6912065439672803
6443,3.371794871794872
6445,3.296875
6446,3.4148936170212765
6447,3.0294117647058822
6448,3.723489932885906
6449,3.441666666666667
6450,3.648471615720524
6451,3.418918918918919
6452,3.7764084507042255
6453,3.3363636363636364
6454,3.559071729957806
6455,3.342948717948718
6456,3.480392156862745
6457,3.6431159420289854
6458,3.5115606936416186
6459,3.5301204819277108
6460,3.828038674033149
6461,3.8612670408981558
6462,3.217948717948718
6463,3.6517857142857144
6464,2.481532147742818
6465,3.1818181818181817
6466,3.5475161987041037
6467,3.8084415584415585
6468,2.8203125
6469,3.0727272727272728
6470,3.2960893854748603
6471,3.294642857142857
6472,3.1794871794871793
6473,2.8292682926829267
6474,2.7115384615384617
6475,2.7112299465240643
6476,3.304979253112033
6477,3.659090909090909
6478,3.3986486486486487
6479,2.977272727272727
6480,3.335593220338983
6481,3.2322274881516586
6482,1.7737783595113439
6483,1.0112474437627812
6484,2.6312095032397407
6485,2.334224598930481
6486,3.168269230769231
6487,3.240740740740741
6488,3.0
6492,3.205357142857143
6493,2.66079295154185
6495,3.4123711340206184
6497,3.217948717948718
6498,3.2222222222222223
6499,3.406779661016949
6500,2.6973684210526314
6502,3.7725077455804628
6503,2.5136735887686457
6505,3.0584415584415585
6506,3.584870848708487
6508,3.4326923076923075
6509,3.9568403908794787
6510,2.9010416666666665
6511,3.619047619047619
6512,2.861111111111111
6513,3.133720930232558
6515,3.4525862068965516
6516,3.557491289198606
6517,2.8155452436194897
6518,2.8732394366197185
6519,3.0736607142857144
6520,3.1083333333333334
6521,2.6171875
6522,3.465909090909091
6523,2.790931989924433
6524,3.5933734939759034
6525,3.0021459227467813
6526,3.5652173913043477
6527,3.5271317829457365
6528,3.4609929078014185
6530,3.838139534883721
6531,3.367231638418079
6533,3.7184923439340403
6534,2.6114517188526385
6535,2.418353007307476
6536,3.331168831168831
6537,3.0470521541950113
6538,3.390625
6539,3.7835377840685696
6540,3.2244897959183674
6541,2.7927674835624625
6542,3.840659340659341
6544,3.2555555555555555
6545,3.5637393767705383
6546,3.2162162162162162
6547,3.148014440433213
6548,3.1564098333608315
6549,2.8651515151515152
6550,2.9572346554398403
6551,2.6507936507936507
6552,3.7423961424332344
6553,3.2758620689655173
6554,2.8773584905660377
6555,3.1842105263157894
6556,3.2903225806451615
6557,2.2642857142857142
6558,2.5337001375515817
6559,3.0282685512367493
6560,2.315315315315315
6561,3.703305785123967
6562,3.3214285714285716
6563,2.4615384615384617
6564,2.746692538366555
6565,3.574911279123592
6566,2.059775840597758
6567,3.4606060606060605
6568,3.191588785046729
6569,2.51
6570,3.310810810810811
6571,3.7091633466135456
6572,2.9306930693069306
6573,3.4680232558139537
6574,2.1811023622047245
6575,2.4244186046511627
6576,3.388888888888889
6577,1.8988439306358382
6578,3.223529411764706
6579,3.8505050505050504
6581,3.479651162790698
6582,3.1373355263157894
6583,3.3009708737864076
6584,3.2425249169435215
6585,2.9746835443037973
6586,2.8989614885331028
6587,1.2144495412844036
6588,3.318840579710145
6591,3.799099836333879
6592,3.2582089552238807
6593,3.060735887096774
6595,2.968994140625
6596,2.6026970954356847
6598,3.7813333333333334
6599,3.717391304347826
6600,2.975806451612903
6601,2.938202247191011
6602,3.293617021276596
6603,3.28125
6604,3.5866666666666664
6605,3.3658536585365852
6609,3.760450160771704
6610,3.3653846153846154
6611,4.000766871165644
6612,3.8883720930232557
6613,3.1746031746031744
6614,3.1965909090909093
6615,2.533200795228628
6616,2.8689024390243905
6617,3.6150114155251143
6618,3.595842332613391
6619,3.0820537428023034
6620,3.77931108258451
6623,2.851063829787234
6624,2.389173372348208
6625,2.872053872053872
6626,2.852272727272727
6628,2.161676646706587
6629,3.269857433808554
6630,3.636842105263158
6631,2.3346456692913384
6632,2.8333333333333335
6635,2.9444444444444446
6636,3.587881591119334
6637,3.105769230769231
6638,3.2595281306715065
6639,3.9299729364005414
6641,3.5510204081632653
6642,2.762396694214876
6643,4.0676510989010985
6644,3.8137254901960786
6645,3.461938663745893
6646,3.034749034749035
6647,3.0875
6648,3.2818181818181817
6649,3.6494252873563218
6650,4.012028869286287
6651,2.5
6652,3.1977272727272728
6653,2.829383886255924
6655,2.9302325581395348
6656,2.4833333333333334
6657,2.953846153846154
6658,2.8738372093023257
6659,3.3837690631808277
6660,3.9588815789473686
6662,3.684310618066561
6663,3.6023765996343693
6664,3.266136433159988
6665,3.0180722891566263
6666,3.8883431565160445
6667,3.815051020408163
6668,3.8854166666666665
6669,4.117604961832061
6670,2.738095238095238
6671,3.7181069958847734
6672,3.808764940239044
6673,3.1875
6676,3.7676767676767677
6678,3.1635416666666667
6679,3.6666666666666665
6680,3.2473684210526317
6681,3.3088235294117645
6682,3.5520833333333335
6683,3.577639751552795
6684,3.4560117302052786
6685,1.9758064516129032
6686,2.6492768595041323
6687,2.3962418300653594
6688,3.549019607843137
6689,2.869747899159664
6690,3.2453703703703702
6692,3.5365853658536586
6695,2.572181670721817
6696,3.121794871794872
6699,3.136842105263158
6700,3.1129032258064515
6701,3.481981981981982
6702,2.6154618473895583
6703,2.6473429951690823
6704,3.3515625
6705,3.293398533007335
6706,3.3333333333333335
6707,2.828186412128018
6708,3.642537104452534
6709,3.1709002235318025
6710,3.510899182561308
6711,3.796925178103429
6713,3.898848684210526
6714,3.2982456140350878
6717,3.6956521739130435
6718,2.9813084112149535
6719,2.3255813953488373
6720,2.6666666666666665
6721,3.7085222121486856
6722,3.6556291390728477
6723,3.4742489270386265
6724,3.8985091743119265
6725,2.3742774566473988
6727,3.559183673469388
6729,3.043103448275862
6730,2.832167832167832
6731,3.5701754385964914
6732,3.372549019607843
6733,3.3666666666666667
6734,2.80546875
6735,3.1768953068592056
6736,3.142857142857143
6737,2.3225806451612905
6739,2.6744186046511627
6740,2.1325301204819276
6741,2.9831932773109244
6742,2.5918367346938775
6743,3.54149377593361
6744,2.5323232323232325
6745,2.4140625
6746,2.425925925925926
6747,3.2192307692307693
6748,3.4765395894428153
6749,3.512987012987013
6750,3.0766369047619047
6751,2.413186813186813
6752,2.8703703703703702
6753,3.7438134517766497
6754,3.3691932925447543
6755,3.4517911585365852
6756,3.3555555555555556
6757,2.861290322580645
6759,3.0080645161290325
6760,3.5981308411214954
6761,3.6204819277108435
6762,3.4966216216216215
6763,2.8157894736842106
6764,3.354213273676361
6765,3.4213709677419355
6768,3.513483146067416
6769,3.216463414634146
6770,3.712998712998713
6771,2.3055555555555554
6772,3.8483870967741933
6773,3.828958976621085
6774,3.7196152725153016
6775,3.736559139784946
6776,3.852329038652131
6777,3.971058644325971
6779,3.522099447513812
6780,3.8488372093023258
6781,3.0344827586206895
6782,3.276056338028169
6783,3.991789109766638
6784,3.5039525691699605
6785,3.5423255813953487
6786,3.774663677130045
6787,4.028515928515929
6788,2.4702970297029703
6789,3.654166666666667
6790,3.4296977660972403
6791,3.936351259360109
6792,3.296774193548387
6793,2.5460684997588037
6794,2.0645431684828166
6795,2.748031496062992
6796,3.7687397034596377
6797,3.2373113854595337
6798,3.249354005167959
6800,2.548629531388152
6801,3.6241610738255035
6802,2.787581699346405
6803,3.3846153846153846
6804,2.891304347826087
6805,3.206703910614525
6807,3.8603771981989636
6808,3.8045511221945136
6809,3.199288256227758
6810,3.1052461139896375
6811,3.160028449502134
6812,2.8994197292069632
6813,3.2393162393162394
6814,2.5036496350364965
6815,3.264
6816,3.4962962962962965
6817,3.1699029126213594
6818,4.1725516322451695
6819,2.75
6820,3.471305031446541
6821,2.704225352112676
6822,3.2758620689655173
6823,3.1639344262295084
6824,2.9
6825,2.9186046511627906
6826,2.9628099173553717
6827,1.62987012987013
6828,3.765625
6829,2.622047244094488
6830,3.4307692307692306
6832,3.3497777777777777
6834,2.701923076923077
6835,2.3492063492063493
6836,2.4
6837,3.5703703703703704
6839,2.987704918032787
6840,3.6020408163265305
6841,3.0576923076923075
6842,3.5043103448275863
6843,3.0365853658536586
6844,3.141843971631206
6845,2.8375
6846,2.590909090909091
6848,2.5275229357798166
6849,3.553113553113553
6850,3.0603015075376883
6851,3.371268656716418
6852,3.9059449866903284
6854,3.4684684684684686
6855,3.265957446808511
6856,3.662273476112026
6857,3.778125
6858,3.851551956815115
6859,3.774869109947644
6860,2.736111111111111
6861,3.176470588235294
6862,3.2356746765249538
6863,3.404849412965799
6864,3.7837837837837838
6866,2.9210526315789473
6867,3.879816308243728
6868,3.3077571669477233
6869,3.809090909090909
6870,3.8183824013699534
6871,2.759433962264151
6872,1.3472949389179756
6873,3.2039529015979813
6874,3.85640687203287
6875,3.1547619047619047
6876,3.1641791044776117
6877,3.0454545454545454
6879,3.5986733001658373
6880,2.7854771784232364
6881,3.5584372948128693
6882,3.297900262467192
6883,3.1072727272727274
6884,3.351685393258427
6885,2.614991482112436
6886,3.1237942122186495
6887,3.4660297239915074
6888,2.4525065963060686
6889,3.2989130434782608
6890,3.5257323832145686
6891,3.25
6892,2.768041237113402
6893,3.62374395236323
6894,2.7916666666666665
6895,3.2884615384615383
6896,4.061111111111111
6897,3.456140350877193
6898,3.5692934782608696
6899,1.7444444444444445
6900,3.2452380952380953
6902,3.9232268121590024
6903,2.2767857142857144
6905,2.6777777777777776
6906,2.611111111111111
6907,2.9615384615384617
6908,2.577777777777778
6909,3.3115141955835963
6910,3.132275132275132
6911,3.27
6912,3.3095238095238093
6913,2.83
6914,3.357142857142857
6916,2.6857142857142855
6918,4.026584867075664
6919,3.138888888888889
6920,3.938210227272727
6921,3.588888888888889
6923,3.2525252525252526
6924,3.433734939759036
6925,3.27027027027027
6926,3.462962962962963
6927,3.0559701492537314
6928,2.9714285714285715
6930,3.3703703703703702
6932,3.6567933032839663
6934,3.2419493257049448
6935,3.9134275618374557
6936,3.3573343712160524
6938,3.5833333333333335
6939,3.802469135802469
6940,3.25
6942,3.701663311791503
6944,3.376637554585153
6945,3.857142857142857
6946,2.7344559585492227
6947,3.655723988581553
6948,3.2664835164835164
6949,3.175373134328358
6950,3.1595873786407767
6951,1.9940068493150684
6952,2.8745854687971057
6953,3.6817869808946346
6954,3.829002808988764
6956,3.3472222222222223
6957,3.337299735573184
6958,2.407023144453312
6959,2.849814126394052
6960,3.4
6961,3.568014705882353
6963,3.723157894736842
6964,3.4338235294117645
6965,3.593220338983051
6966,3.0724917309812567
6967,3.7283737024221453
6968,2.5942028985507246
6969,3.3376623376623376
6970,3.858995137763371
6971,3.765625
6972,3.567073170731707
6973,2.780269058295964
6974,3.4063429137760157
6975,3.771560574948665
6976,3.25089605734767
6977,3.1414373088685017
6978,3.6540511727078893
6979,3.6768881733021077
6980,3.515151515151515
6981,3.9642857142857144
6982,3.9154411764705883
6983,3.704697986577181
6984,3.7953667953667956
6985,4.024251069900143
6986,3.700980392156863
6987,3.8855291576673867
6988,3.4424778761061945
6989,3.5196793002915454
6990,3.5936863543788187
6991,3.0034423407917386
6992,3.005235602094241
6993,3.9290561381863047
6994,2.952145214521452
6995,1.9361702127659575
6996,2.1407307171853858
6997,3.1588235294117646
6998,3.3283132530120483
6999,3.140819964349376
7000,2.8494141971054443
7001,3.6739659367396595
7002,3.56198347107438
7003,3.4896907216494846
7004,2.8729111697449428
7005,2.3915304606240713
7006,2.7941176470588234
7007,3.340780809031044
7008,3.4592413236481034
7009,3.370734908136483
7010,3.6052631578947367
7011,3.5170454545454546
7012,3.0962732919254656
7013,3.9870826709062004
7014,2.7024291497975708
7015,2.962222222222222
7016,2.5110410094637223
7017,2.869365609348915
7018,3.652173913043478
7019,3.0389972144846795
7020,3.6625
7021,2.746875
7022,3.789222021194107
7023,3.9084728033472804
7024,3.2164261931187568
7025,3.7067510548523206
7026,3.070458404074703
7027,3.664435946462715
7028,3.5731414868105515
7029,3.212962962962963
7030,3.435251798561151
7031,2.627840909090909
7032,2.891304347826087
7033,3.111548556430446
7034,3.8091497227356745
7035,3.0677966101694913
7036,2.8503886010362693
7037,3.5718954248366015
7038,3.4
7039,3.349872773536896
7040,3.574660633484163
7041,2.7382978723404254
7042,3.7646103896103895
7043,3.9423575129533677
7044,3.684200310559006
7045,3.4314606741573033
7046,3.221475142624287
7047,3.1577777777777776
7048,3.2859174964438123
7049,3.4541284403669725
7050,3.699300699300699
7051,3.14453125
7052,3.034090909090909
7053,3.3968253968253967
7054,3.5098039215686274
7055,3.8125
7056,3.716876971608833
7057,3.196551724137931
7058,3.6791808873720138
7059,3.521108179419525
7060,3.428443649373882
7061,3.736754966887417
7062,3.7388489208633096
7063,3.965605095541401
7064,3.9104308390022675
7065,2.998134328358209
7066,3.483695652173913
7067,3.8105726872246697
7068,3.836705202312139
7069,3.666256157635468
7070,3.8573369565217392
7071,3.9893009985734667
7072,3.845301757066463
7073,3.8239178283198827
7074,3.7598784194528876
7075,3.903066812705367
7076,3.7306345733041577
7077,3.5328947368421053
7078,3.658576051779935
7079,3.741164241164241
7080,3.619047619047619
7081,3.255952380952381
7082,3.623229461756374
7083,3.4943181818181817
7084,3.841035856573705
7085,3.6056338028169015
7086,3.8501362397820165
7087,3.6578947368421053
7088,3.9035532994923856
7089,3.8807218309859155
7090,3.8936053471667997
7091,3.9454291044776117
7092,3.521978021978022
7093,3.480851063829787
7094,3.2133333333333334
7095,3.2605042016806722
7096,3.987987987987988
7097,3.1944444444444446
7099,4.10926803580832
7100,2.7857142857142856
7101,3.0178165276724793
7102,2.906779661016949
7103,2.5238095238095237
7104,2.822274881516588
7106,3.5813953488372094
7107,3.4950331125827816
7108,3.302919708029197
7109,3.1890243902439024
7110,3.364406779661017
7111,3.480916030534351
7112,3.4176470588235293
7113,3.15625
7114,3.6885521885521886
7115,3.7433414043583535
7116,3.965546218487395
7117,2.1354166666666665
7118,3.539473684210526
7119,3.1420454545454546
7120,1.4242424242424243
7121,3.86122618061309
7122,3.895380434782609
7123,3.656101048617731
7124,3.6307420494699647
7125,3.512987012987013
7126,3.7058823529411766
7127,2.6
7128,3.449367088607595
7129,3.5961538461538463
7130,3.403225806451613
7131,3.2033898305084745
7132,3.9889597644749752
7133,1.8409090909090908
7134,3.325
7135,3.901591895803184
7136,3.8510324483775813
7137,3.458532695374801
7138,3.293103448275862
7139,3.866212734633787
7141,3.728723404255319
7142,2.6568047337278107
7143,3.66975738650012
7147,3.7996478098173014
7148,2.5921052631578947
7149,3.4680558493759257
7150,2.68979057591623
7151,3.4891710231516058
7152,2.96875
7153,4.11018116325882
7154,3.2161270040867653
7155,3.484941610325753
7156,4.079845651528643
7157,2.780082987551867
7158,3.686606846128282
7160,3.606150978564772
7161,2.8379383634431457
7162,3.517998335414066
7163,3.2594891382191453
7164,3.3488372093023258
7165,3.1457564575645756
7166,2.716666666666667
7167,3.233173076923077
7168,3.076530612244898
7169,3.157819225251076
7170,2.1982758620689653
7171,3.4355742296918765
7172,3.6049382716049383
7173,2.960129085987924
7174,2.3037974683544302
7175,2.1203271028037385
7176,3.6344086021505375
7177,3.614864864864865
7178,3.203166226912929
7179,3.294238683127572
7180,3.4895833333333335
7181,3.473076923076923
7182,2.760869565217391
7183,2.9927536231884058
7184,3.2903225806451615
7185,2.966292134831461
7186,2.7901234567901234
7187,2.135135135135135
7188,2.6574074074074074
7189,1.7528735632183907
7190,3.4885496183206106
7192,3.1666666666666665
7193,2.7010309278350517
7194,3.4157894736842107
7195,3.4195402298850577
7196,3.314814814814815
7197,3.056451612903226
7198,2.5562770562770565
7199,3.5363984674329503
7200,3.388888888888889
7201,3.1988636363636362
7202,2.8426724137931036
7203,3.0636363636363635
7204,2.4672131147540983
7205,3.5444444444444443
7206,3.8924455825864275
7207,2.9403669724770642
7208,3.4364548494983276
7209,3.750663129973475
7210,3.8538205980066444
7211,3.660919540229885
7212,3.588150289017341
7213,2.7916666666666665
7214,3.015625
7215,3.996771589991929
7216,3.702054794520548
7217,3.769461077844311
7218,3.8811410459587954
7219,3.5588235294117645
7220,2.777227722772277
7221,3.414473684210526
7222,2.6943620178041545
7223,3.718681318681319
7224,3.0
7225,3.564648117839607
7226,2.9408602150537635
7227,3.7066666666666666
7228,2.422246220302376
7229,2.7906976744186047
7230,2.90625
7231,2.9285714285714284
7232,3.4716981132075473
7234,3.993451211525868
7235,3.472045743329098
7236,3.373198847262248
7237,2.983695652173913
7238,3.904040404040404
7239,2.990740740740741
7240,2.7549019607843137
7241,3.9244444444444446
7243,3.5411184210526314
7244,1.5116279069767442
7245,2.4310344827586206
7247,3.305957683741648
7248,2.902173913043478
7249,3.163157894736842
7250,3.4408783783783785
7251,3.1166666666666667
7252,2.4934210526315788
7253,3.357142857142857
7254,3.7065176995261546
7255,2.839781746031746
7256,4.026639344262295
7257,2.562642369020501
7258,2.8583916083916083
7259,2.234584450402145
7260,3.557184750733138
7261,2.682051282051282
7262,2.6675675675675676
7263,3.7428621169916436
7264,3.4444444444444446
7265,3.674355495251018
7266,3.4203980099502487
7269,2.734375
7270,2.788732394366197
7272,3.2746113989637307
7274,3.144230769230769
7275,3.0779220779220777
7276,2.5638297872340425
7278,2.7906976744186047
7279,3.1346153846153846
7280,2.5060975609756095
7281,2.268292682926829
7282,0.8548387096774194
7283,2.9266666666666667
7284,2.903030303030303
7285,3.4338514680483594
7286,3.6139896373056994
7287,3.152542372881356
7288,3.4836065573770494
7289,2.2611940298507465
7290,3.1125
7292,1.7985611510791366
7293,3.2804005252790547
7294,2.5477001703577513
7295,3.3333333333333335
7297,3.6452513966480447
7299,3.6566265060240966
7300,3.576775431861804
7301,3.8360655737704916
7302,3.744343891402715
7303,3.68974358974359
7304,3.6153846153846154
7305,3.228169014084507
7306,3.703252032520325
7307,3.293510324483776
7308,2.531413612565445
7309,3.5089285714285716
7310,2.6263736263736264
7311,3.8030035335689045
7312,3.1641791044776117
7313,2.355769230769231
7314,3.1
7315,2.418181818181818
7316,2.555074257425743
7317,3.3094029244516654
7318,3.135221806520577
7319,2.5515297906602252
7320,2.96513470681458
7321,2.57673860911271
7323,3.878696566222845
7324,3.3128980891719744
7325,2.9293216253443526
7326,3.1686046511627906
7327,4.093201754385965
7328,3.7168367346938775
7329,3.027027027027027
7330,2.8703703703703702
7331,3.235955056179775
7332,2.628205128205128
7333,3.8083941605839415
7334,3.6778115501519757
7335,3.8097014925373136
7336,3.3854166666666665
7337,2.8275862068965516
7338,3.727906976744186
7340,2.9558823529411766
7341,3.337962962962963
7342,2.62
7343,3.125
7345,2.187037037037037
7346,3.3110211706102115
7347,3.2195409064155385
7348,3.382867132867133
7349,3.705223880597015
7351,3.642857142857143
7352,3.557951482479784
7353,2.23546511627907
7354,3.132860040567951
7355,3.2883597883597884
7357,3.337719298245614
7358,3.09
7359,2.30625
7360,3.585481869571212
7361,4.069709669057288
7362,3.1135298057602143
7364,3.42680412371134
7365,3.6984126984126986
7366,3.0498366013071894
7367,3.005448318804483
7369,2.342123525329632
7371,3.863900581278813
7372,3.033923303834808
7373,3.3063814358230603
7374,2.6347457627118644
7375,3.236111111111111
7376,3.0346502590673574
7377,3.5402750491159134
7378,2.2663934426229506
7379,2.948529411764706
7380,3.253592561284869
7381,2.813658201784489
7382,3.7419354838709675
7383,3.2099056603773586
7384,3.56875
7385,2.595505617977528
7386,3.621976647206005
7387,3.795927116827438
7388,3.3564356435643563
7389,2.7186147186147185
7390,2.89
7391,2.7413793103448274
7392,2.9361702127659575
7393,2.41025641025641
7394,3.368131868131868
7395,3.3317120622568095
7396,4.083638583638583
7397,3.107142857142857
7398,3.378787878787879
7399,2.6320754716981134
7402,2.460674157303371
7403,2.0945945945945947
7405,3.133663366336634
7406,3.236842105263158
7407,2.9722222222222223
7408,3.0661764705882355
7410,3.010152284263959
7411,2.1973684210526314
7413,2.411764705882353
7414,3.4444444444444446
7415,3.5504201680672267
7416,3.4403292181069958
7417,3.0153061224489797
7418,3.185483870967742
7419,3.8452432199741713
7420,3.0091743119266057
7422,3.5625
7423,3.732142857142857
7437,3.1447368421052633
7438,3.826472648042954
7439,3.0588785046728972
7440,3.667525773195876
7442,3.161111111111111
7444,3.1387360699675555
7445,3.8121200235340265
7446,2.36046511627907
7448,2.371523178807947
7449,2.4345549738219896
7450,3.083092485549133
7451,3.6054721339878717
7453,2.451948051948052
7454,2.85706826785015
7455,3.3524590163934427
7456,3.612676056338028
7457,2.7243589743589745
7458,3.384422971491228
7459,3.6914634146341463
7460,3.545847750865052
7461,3.3295454545454546
7474,3.516949152542373
7475,3.404109589041096
7477,2.5303030303030303
7478,3.9367945823927766
7479,3.446969696969697
7480,3.4069767441860463
7481,3.5
7482,3.760190577024881
7484,3.8477272727272727
7485,3.8579545454545454
7486,3.9007407407407406
7487,3.3162162162162163
7488,3.5833333333333335
7489,3.840080971659919
7490,3.5084745762711864
7491,3.2527472527472527
7492,3.3522267206477734
7493,3.8122171945701355
7505,3.957692307692308
7521,2.8205128205128207
7523,2.7916666666666665
7541,3.0279329608938546
7560,3.9327354260089686
7561,3.3963414634146343
7562,3.3277439024390243
7563,3.380434782608696
7564,3.8632478632478633
7565,2.411764705882353
7566,4.030769230769231
7569,3.5936947554507954
7570,3.3104631217838767
7571,3.3026315789473686
7572,3.8707025411061284
7573,3.266388174807198
7574,3.734265734265734
7577,3.771493212669683
7578,3.768595041322314
7579,3.6591614906832297
7580,3.6384615384615384
7581,3.408695652173913
7582,3.2285714285714286
7583,3.52
7584,3.839544513457557
7585,3.6022099447513813
7586,3.623809523809524
7587,4.004569190600522
7613,3.279310344827586
7614,3.451570680628272
7615,3.697802197802198
7616,3.395147313691508
7617,3.431893687707641
7618,3.5991379310344827
7619,3.8587470449172576
7620,3.7905405405405403
7621,3.6142857142857143
7624,3.428769017980636
7625,3.0655737704918034
7626,2.824858757062147
7636,2.873801916932907
7637,3.4026548672566372
7638,3.2027027027027026
7645,3.240740740740741
7646,3.244485294117647
7647,3.741975308641975
7650,3.311688311688312
7657,2.9403973509933774
7669,3.9947352121399815
7675,3.3191489361702127
7697,3.0945945945945947
7698,3.649019607843137
7700,4.013626040878123
7701,2.0729327170005134
7702,3.588932806324111
7704,2.5787878787878786
7705,3.736842105263158
7706,3.9203655352480418
7707,2.847916666666667
7708,3.3622350674373798
7713,3.4750415973377704
7714,3.544817927170868
7716,3.3049450549450547
7719,3.090909090909091
7720,3.5970266040688577
7723,2.3412698412698414
7724,2.331460674157303
7725,2.0395095367847413
7727,2.5619047619047617
7728,3.72
7730,3.372549019607843
7742,3.226890756302521
7743,3.4079159935379644
7745,3.654696132596685
7748,3.8767201834862384
7749,3.660671462829736
7753,3.619565217391304
7756,3.673352435530086
7757,3.503960396039604
7758,3.3518518518518516
7759,3.9348534201954397
7761,3.4757281553398056
7763,3.580769230769231
7764,2.7590909090909093
7766,4.047917855105533
7767,4.012924071082391
7768,2.3
7769,2.9886363636363638
7770,3.435344827586207
7771,3.7457943925233645
7772,2.984375
7773,3.6890243902439024
7774,3.3983050847457625
7775,3.3658536585365852
7781,2.990546218487395
7782,3.0515350877192984
7784,2.7982456140350878
7785,3.622448979591837
7786,3.9337899543378994
7787,3.571969696969697
7789,3.362962962962963
7790,3.3062200956937797
7791,3.3175355450236967
7792,3.6259259259259258
7802,3.7060467479674797
7809,3.1932515337423313
7813,3.032258064516129
7814,3.557471264367816
7815,3.7211538461538463
7817,3.0077793493635077
7818,3.39010989010989
7820,3.9494712103407754
7821,3.6484375
7822,3.227272727272727
7826,3.621917808219178
7827,3.575566750629723
7831,3.8278508771929824
7832,3.886617100371747
7833,3.819178082191781
7834,3.8917910447761193
7835,3.6948051948051948
7836,3.912903225806452
7837,2.9574468085106385
7839,3.4402985074626864
7840,3.6203703703703702
7842,3.549373040752351
7844,3.7151162790697674
7845,2.7934631432545203
7846,2.5242616033755274
7847,3.1910569105691056
7878,2.8840579710144927
7879,3.3536036036036037
7880,3.2888888888888888
7881,3.01010101010101
7882,3.1095890410958904
7883,3.4714714714714714
7884,3.6507936507936507
7885,3.109375
7886,2.8636363636363638
7887,2.4310344827586206
7888,3.5933734939759034
7889,3.5332512315270934
7890,3.2016129032258065
7891,3.443298969072165
7892,3.100806451612903
7893,2.9915254237288136
7894,3.5950639853747717
7895,3.6662763466042154
7896,3.5519713261648747
7897,3.5285714285714285
7898,3.378205128205128
7899,3.6335078534031413
7900,3.0390625
7901,3.1865671641791047
7912,3.282608695652174
7913,3.0701754385964914
7914,3.5454545454545454
7915,3.621794871794872
7916,3.128205128205128
7917,2.881818181818182
7918,3.415422885572139
7919,3.813953488372093
7920,3.7596153846153846
7921,2.198529411764706
7922,3.1228070175438596
7923,3.5090361445783134
7924,3.889344262295082
7925,3.949197860962567
7926,4.163224781572676
7928,3.3854166666666665
7930,3.077751196172249
7932,3.8123924268502583
7933,3.550179211469534
7934,3.7708830548926016
7935,3.563953488372093
7936,3.8982758620689655
7937,3.9434306569343067
7938,4.0120481927710845
7939,3.9755434782608696
7940,3.7662835249042144
7941,3.9201244813278007
7942,3.6561461794019934
7943,3.853488372093023
7944,3.746006389776358
7945,3.621212121212121
7946,3.2413793103448274
7947,3.4479166666666665
7948,3.28125
7949,3.2669172932330826
7951,3.2869757174392937
7952,3.025
7954,2.9864864864864864
7958,2.65
7959,3.2567567567567566
7976,3.188864628820961
7979,3.956772334293948
7980,3.71664464993395
7981,3.9571656050955415
7982,3.621664050235479
7983,3.7254273504273505
7984,3.449122807017544
7986,2.442176870748299
7987,2.972413793103448
7988,2.6666666666666665
7989,2.6463414634146343
7990,3.4095092024539877
7991,3.238861386138614
7992,3.5701754385964914
7993,3.3299319727891157
7994,3.159090909090909
7995,3.1724137931034484
8003,3.1159420289855073
8004,3.0892857142857144
8007,3.1204819277108435
8008,3.3978494623655915
8009,3.1875
8010,3.7133204633204633
8011,3.819919517102616
8012,3.8410290237467017
8014,3.993657122145705
8015,3.599236641221374
8016,3.6093525179856116
8017,3.515873015873016
8019,3.397883597883598
8024,3.157258064516129
8025,3.5168067226890756
8033,3.910182516810759
8035,2.8230769230769233
8039,3.6464912280701753
8040,3.3089430894308944
8042,3.768577494692144
8043,2.978494623655914
8044,3.8120104438642297
8045,3.233980582524272
8055,2.4444444444444446
8056,3.3292682926829267
8057,3.4285714285714284
8062,2.6147540983606556
8063,3.2
8068,3.723684210526316
8069,3.090909090909091
8070,3.5
8092,2.755434782608696
8093,3.047222222222222
8094,3.8164383561643835
8117,3.6790697674418604
8118,2.338709677419355
8119,3.258957654723127
8121,3.730769230769231
8123,3.45679012345679
8124,3.230769230769231
8125,3.9801362088535757
8126,3.4653284671532845
8127,3.0208333333333335
8128,3.96688132474701
8129,2.622340425531915
8130,3.1859756097560976
8131,3.7304347826086954
8132,3.901806451612903
8133,3.6298076923076925
8134,3.361111111111111
8136,2.239130434782609
8137,2.286764705882353
8138,2.0180722891566263
8139,2.893617021276596
8140,3.3933333333333335
8141,2.793103448275862
8142,3.275
8143,3.6102362204724407
8147,3.6452648475120384
8148,3.2115384615384617
8149,2.978723404255319
8153,3.530054644808743
8154,3.936241610738255
8157,3.714989059080963
8158,3.492063492063492
8167,3.8131487889273354
8168,2.717948717948718
8169,3.263953488372093
8183,3.6647211413748377
8187,3.1779661016949152
8188,3.986318407960199
8189,3.454225352112676
8190,3.584795321637427
8191,3.7639296187683287
8194,3.4390243902439024
8195,3.912599318955732
8196,3.2100694444444446
8197,3.9116586538461537
8198,3.46875
8199,3.913946587537092
8201,3.4347826086956523
8202,3.5384615384615383
8203,3.5555555555555554
8206,3.149484536082474
8207,3.9218472468916517
8208,3.560483870967742
8220,2.806451612903226
8221,3.613372093023256
8222,3.2904411764705883
8225,3.385955056179775
8227,3.355769230769231
8228,4.0182962529274
8232,3.7268041237113403
8235,3.9312210200927358
8236,3.359375
8239,3.93218954248366
8240,3.5365853658536586
8241,2.5
8252,3.014705882352941
8253,3.8921334922526816
8254,3.7669392523364484
8255,3.263157894736842
8256,3.5880281690140845
8257,3.46875
8258,3.1377952755905514
8259,3.177685950413223
8260,3.7421875
8261,3.90536013400335
8263,3.2828947368421053
8264,3.81758034026465
8265,2.2027027027027026
8266,3.0444126074498565
8267,3.35
8268,3.1177474402730376
8269,2.520408163265306
8270,3.6986062717770034
8272,3.4261363636363638
8273,3.4066666666666667
8275,3.493827160493827
8290,1.5393258426966292
8291,3.5984555984555984
8292,3.4902912621359223
8293,3.046875
8294,3.244186046511628
8295,3.3820224719101124
8302,3.5701754385964914
8327,3.806201550387597
8330,3.6966824644549763
8331,3.6859756097560976
8332,3.57
8334,3.6416083916083917
8335,3.8091397849462365
8336,3.6725352112676055
8337,3.895498392282958
8338,3.831159420289855
8340,3.778484673221515
8341,3.6499176276771004
8360,3.47816253892926
8361,3.0734558724151912
8362,3.087905236907731
8363,2.1384615384615384
8364,3.5958702064896757
8365,3.427480916030534
8366,3.5834426229508196
8367,3.2945945945945945
8368,3.8230310299228094
8369,3.1307541625857005
8370,3.7576564580559255
8371,3.3432595832261383
8372,2.2396918894426823
8373,2.704109127652408
8374,3.475806451612903
8375,3.2126436781609193
8376,3.37859205279802
8377,3.411111111111111
8378,3.4100529100529102
8379,3.720890410958904
8380,2.0793650793650795
8381,3.559322033898305
8382,2.4558823529411766
8383,2.7451612903225806
8384,3.0
8385,3.645408163265306
8387,1.848984771573604
8388,3.011627906976744
8391,3.4948979591836733
8393,2.022727272727273
8395,3.5767045454545454
8397,3.0641025641025643
8398,3.107142857142857
8399,3.0576923076923075
8400,3.5462962962962963
8401,3.684131736526946
8402,2.8684210526315788
8403,3.106060606060606
8404,3.6507009345794392
8405,3.7763671875
8407,3.359375
8410,3.4424460431654675
8420,3.5
8421,3.2295081967213113
8422,3.4191176470588234
8423,3.6666666666666665
8424,3.1222222222222222
8425,2.50625
8426,3.462857142857143
8427,1.9565217391304348
8444,3.161764705882353
8446,3.3891129032258065
8447,2.8349056603773586
8448,3.5555555555555554
8451,3.5585585585585586
8453,3.141304347826087
8454,3.216666666666667
8456,3.8487394957983194
8459,3.8627717391304346
8460,3.289808917197452
8462,3.3983050847457625
8463,3.5172413793103448
8464,3.467713291184201
8477,4.024632117722329
8478,3.6266666666666665
8480,3.1515151515151514
8481,3.519607843137255
8482,3.65491452991453
8483,2.8229166666666665
8484,3.984848484848485
8485,3.7342007434944238
8486,3.467032967032967
8487,3.3238993710691824
8488,3.324561403508772
8491,3.9599322799097068
8492,3.8175057208237986
8493,3.5658720200752825
8494,3.6097122302158273
8495,3.3706896551724137
8496,3.545936395759717
8499,3.4050632911392404
8500,3.053030303030303
8501,3.494413407821229
8502,3.2364864864864864
8503,3.1946902654867255
8504,3.4292035398230087
8505,3.657142857142857
8506,2.9166666666666665
8507,3.7600783874580066
8511,3.589041095890411
8512,3.265446224256293
8516,3.993859649122807
8518,3.4910714285714284
8520,3.4395973154362416
8521,3.4568733153638815
8522,3.4166666666666665
8524,3.0
8525,3.1822916666666665
8526,2.910351201478743
8527,2.9504310344827585
8528,3.3159074605451937
8529,3.623558773903262
8530,3.888354186717998
8531,2.47115699770567
8532,3.4034416826003824
8533,3.6530612244897958
8534,3.361111111111111
8535,3.1835106382978724
8537,3.0
8540,3.0144927536231885
8542,3.9580223880597014
8543,2.952054794520548
8544,3.242857142857143
8571,3.1975609756097563
8572,3.3879310344827585
8573,3.7164502164502164
8574,3.5622119815668203
8575,3.515625
8576,3.4120135363790185
8577,3.4565217391304346
8578,2.9529616724738674
8580,3.873524451939292
8581,3.701909476661952
8582,3.9203389830508475
8583,3.4925373134328357
8584,3.6926605504587156
8585,3.0306122448979593
8586,3.4464285714285716
8587,3.2432432432432434
8589,3.713607594936709
8591,3.1763698630136985
8593,3.353191489361702
8595,3.461038961038961
8596,3.5838951310861424
8597,2.7653061224489797
8598,3.2122641509433962
8600,3.732269503546099
8601,3.5847457627118646
8602,3.669421487603306
8603,3.2962962962962963
8604,3.5468848332284457
8605,3.130690161527166
8606,3.5384615384615383
8607,3.9104116222760292
8608,3.4522292993630574
8609,3.7861189801699715
8610,3.559222423146474
8611,3.466666666666667
8612,3.0205479452054793
8613,3.0
8614,3.360101975780752
8615,2.9393939393939394
8616,3.2746478873239435
8617,3.0846774193548385
8618,3.671388101983003
8619,3.284313725490196
8620,3.939342403628118
8622,3.4740327187743443
8623,3.4587713534822604
8625,3.5925925925925926
8626,3.0714285714285716
8629,3.506666666666667
8631,3.431451612903226
8633,3.426860346585117
8634,2.60472972972973
8635,2.5945945945945947
8636,3.4483979337499546
8638,4.005075757575757
8639,2.963210702341137
8640,3.0289208633093527
8641,3.504744525547445
8642,2.988
8643,3.2450980392156863
8644,3.476215205650187
8645,3.814334085778781
8647,2.6923076923076925
8648,2.75
8649,2.7966101694915255
8650,3.75
8651,3.5390625
8652,2.8793103448275863
8653,2.6379310344827585
8654,2.9714285714285715
8655,3.157142857142857
8656,4.00066401062417
8657,3.348101265822785
8658,2.289473684210526
8659,3.391891891891892
8660,3.406779661016949
8661,3.3821548821548824
8662,3.459090909090909
8663,3.4262295081967213
8664,3.611111111111111
8665,3.850105215692169
8666,1.808672624958623
8667,3.432664756446991
8669,2.6953125
8670,3.8847117794486214
8671,3.196969696969697
8674,3.2155963302752295
8675,3.6300448430493275
8676,1.9234693877551021
8677,2.956140350877193
8678,3.238095238095238
8680,3.1444444444444444
8681,3.348101265822785
8682,3.5303030303030303
8683,3.236842105263158
8684,4.065502183406114
8685,3.08974358974359
8686,3.4239130434782608
8687,2.0686274509803924
8688,2.8088235294117645
8689,3.3741007194244603
8690,3.632992327365729
8692,3.293103448275862
8694,3.610169491525424
8695,3.5796812749003983
8696,3.1203703703703702
8698,3.0673076923076925
8700,3.264705882352941
8701,2.184684684684685
8702,2.9785714285714286
8703,2.8088235294117645
8705,2.467741935483871
8709,2.9876543209876543
8710,3.5953947368421053
8711,3.6345776031434185
8712,3.8394160583941606
8713,2.9044117647058822
8714,3.0980392156862746
8715,3.4285714285714284
8716,3.341463414634146
8718,3.5527777777777776
8719,2.8461538461538463
8720,2.4857142857142858
8721,2.973684210526316
8722,2.303030303030303
8724,3.8846960167714886
8725,3.357142857142857
8726,3.4363057324840764
8727,3.2804878048780486
8728,2.7857142857142856
8729,2.9523809523809526
8730,3.546153846153846
8731,3.1863636363636365
8732,3.5625
8733,3.066265060240964
8734,2.9302325581395348
8735,2.9814814814814814
8736,3.544642857142857
8738,3.7686567164179103
8739,3.8590225563909772
8740,3.6153846153846154
8742,2.5
8743,2.8035714285714284
8744,3.141025641025641
8745,3.0588235294117645
8746,2.8947368421052633
8747,1.8275862068965518
8748,3.4705882352941178
8749,3.7797202797202796
8751,3.68955223880597
8752,3.811224489795918
8753,3.5042372881355934
8754,3.858313817330211
8755,3.72
8756,3.25
8757,3.409090909090909
8758,3.2
8759,3.5576923076923075
8760,2.389830508474576
8761,3.404040404040404
8762,3.3867924528301887
8765,3.7336769759450172
8766,3.3627450980392157
8767,3.656862745098039
8768,3.659217877094972
8769,2.9909090909090907
8770,2.4649122807017543
8771,3.25
8772,3.8662873399715507
8773,3.298136645962733
8774,3.1052631578947367
8775,3.477272727272727
8777,3.5
8778,3.25
8779,3.261029411764706
8780,3.22972972972973
8781,3.359442882698697
8782,2.2267080745341614
8783,3.236759449799632
8784,3.724564715754143
8785,4.002173913043478
8786,3.800995024875622
8787,3.017857142857143
8788,3.1547619047619047
8789,2.772727272727273
8792,2.3472222222222223
8793,3.230337078651685
8794,3.8492063492063493
8795,3.4232673267326734
8796,3.589
8797,3.8615384615384616
8798,3.6969569189683043
8799,2.5961968680089487
8800,3.2319148936170214
8801,3.3176470588235296
8803,3.4206349206349205
8804,3.723076923076923
8805,3.3090277777777777
8807,3.4465582145738103
8808,3.1086255542120114
8809,3.525537634408602
8810,2.6408991228070176
8811,1.7063253012048192
8812,3.066666666666667
8813,3.1957928802588995
8814,2.8566121842496286
8815,2.378140703517588
8816,2.7934782608695654
8818,2.740740740740741
8819,2.234375
8820,2.6527777777777777
8821,2.4791666666666665
8822,2.375
8823,2.564516129032258
8825,2.5
8826,3.4705882352941178
8827,3.8647700701480905
8828,3.3692307692307693
8829,2.207317073170732
8830,1.9560099132589839
8831,2.8790849673202614
8832,3.3867924528301887
8833,3.1727891156462587
8834,2.2439024390243905
8835,2.6666666666666665
8836,3.3160493827160495
8838,3.6495132127955494
8839,1.9727891156462585
8840,3.267716535433071
8841,3.1814159292035398
8843,2.4722222222222223
8844,3.7768817204301075
8845,3.5762711864406778
8846,2.8585858585858586
8847,1.9918032786885247
8848,3.7917771883289126
8849,2.5406976744186047
8850,2.8349056603773586
8851,3.5444444444444443
8852,3.3333333333333335
8854,3.0163551401869158
8855,2.5939597315436242
8856,1.9428571428571428
8857,3.2058823529411766
8858,2.590909090909091
8859,0.8796992481203008
8860,3.0890990542558487
8861,3.0135690789473686
8862,3.3003412969283277
8864,2.6445221445221447
8865,3.006793776024545
8866,3.192622950819672
8867,2.4945054945054945
8868,2.9539877300613497
8869,2.715213358070501
8870,2.9378029079159935
8872,2.757751937984496
8873,3.8444305605141023
8874,3.878816413748144
8875,3.560185185185185
8878,2.5104166666666665
8879,3.675438596491228
8880,3.3604581072935504
8881,3.2017543859649122
8882,3.3225806451612905
8884,3.032332563510393
8885,3.0684931506849313
8886,2.4367816091954024
8887,2.8068181818181817
8889,2.5961538461538463
8890,2.338709677419355
8891,2.8369565217391304
8892,2.2777777777777777
8893,2.639423076923077
8894,2.407258064516129
8895,3.2666666666666666
8896,3.122950819672131
8898,3.234567901234568
8899,3.306122448979592
8900,3.2565789473684212
8901,3.175
8902,2.510204081632653
8903,2.360169491525424
8905,3.0845864661654137
8906,2.998203592814371
8907,2.7378574670903313
8908,3.223015165031222
8910,3.5854321982671773
8911,3.095890410958904
8912,2.46474358974359
8913,3.2357142857142858
8914,3.8208133971291867
8915,3.5768115942028986
8916,3.2520446096654276
8917,3.4563816319484406
8918,3.326158940397351
8919,3.136734693877551
8920,3.640740740740741
8921,3.383116883116883
8922,3.088785046728972
8923,3.479619565217391
8924,3.2403846153846154
8926,3.0
8927,2.8444444444444446
8928,3.3942652329749103
8929,3.138392857142857
8930,3.7908878504672896
8931,3.411184210526316
8932,2.7142857142857144
8933,3.595505617977528
8934,2.4976303317535544
8935,2.777027027027027
8936,3.7
8937,3.546804227478611
8938,3.5300925925925926
8939,3.190775681341719
8941,2.5827586206896553
8943,3.5061601642710474
8944,2.7777777777777777
8946,2.505952380952381
8947,2.840131203650884
8948,2.9345549738219896
8949,3.6496522824536375
8950,3.81377959053103
8951,3.750761421319797
8952,3.25
8954,3.5285714285714285
8955,3.396694214876033
8956,3.1015625
8957,3.2923932079494405
8958,3.779723062231418
8959,3.04135893648449
8961,3.850138523502433
8962,3.2205882352941178
8963,2.6704545454545454
8964,2.9215686274509802
8965,3.0885153517294985
8966,3.544462741869082
8967,2.2436102236421727
8968,3.133049242424242
8969,3.033777239709443
8970,3.6771490638253854
8971,3.5552147239263805
8972,3.39184008762322
8973,3.802409638554217
8974,3.168314113124657
8977,2.6524663677130045
8978,2.441576086956522
8979,3.442857142857143
8980,3.357142857142857
8981,3.579279903063874
8982,3.676579925650558
8983,3.7176076883473486
8984,3.3437591240875912
8985,2.928917253521127
8986,2.9953703703703702
8987,3.2735849056603774
8988,2.735
8989,3.5625
8990,2.813953488372093
8991,3.013888888888889
8992,2.7888888888888888
8993,2.9615384615384617
8994,3.1666666666666665
8995,2.882978723404255
8997,2.8
8998,3.8620689655172415
8999,3.697619047619048
9000,3.5811965811965814
9001,2.896551724137931
9002,2.9926470588235294
9003,2.776315789473684
9004,2.8766666666666665
9005,3.12862669245648
9008,2.925675675675676
9010,3.8158798283261803
9011,3.6310679611650487
9013,3.606060606060606
9014,3.7
9015,2.85
9017,2.5166666666666666
9018,3.8019230769230767
25736,3.08955223880597
25737,3.288135593220339
25738,3.433333333333333
25739,3.1176470588235294
25741,3.6689814814814814
25742,3.5384615384615383
25744,3.6231060606060606
25746,3.3705357142857144
25748,3.5641025641025643
25750,3.9364495798319328
25751,3.6440677966101696
25752,3.5487012987012987
25753,3.8275193798449614
25755,3.492401215805471
25757,2.86013986013986
25759,3.5545454545454547
25762,3.5251798561151078
25763,3.7214285714285715
25764,3.857876712328767
25765,3.375
25766,3.7450331125827816
25767,3.519230769230769
25769,3.8586337760910814
25771,3.744360902255639
25773,3.5239726027397262
25774,3.53834808259587
25775,3.433333333333333
25777,3.8599624060150375
25778,3.3222222222222224
25782,3.42
25783,3.1375
25785,3.3863636363636362
25786,3.370860927152318
25788,3.7591277890466532
25789,3.68359375
25792,3.6699029126213594
25793,3.6989795918367347
25795,3.6356382978723403
25797,3.671974522292994
25798,3.297945205479452
25800,3.4558823529411766
25801,2.949367088607595
25802,2.6824324324324325
25805,3.842436974789916
25807,3.228476821192053
25808,3.352272727272727
25811,3.388888888888889
25812,3.588709677419355
25818,3.5428571428571427
25819,2.9767441860465116
25820,3.1739130434782608
25822,2.9473684210526314
25824,3.1463414634146343
25825,3.755364806866953
25826,3.8065217391304347
25827,3.7283609576427255
25828,3.585185185185185
25830,3.625
25831,3.3275862068965516
25833,3.707482993197279
25834,3.758793969849246
25835,3.4801587301587302
25837,3.5
25839,3.605769230769231
25840,3.602409638554217
25841,3.7757009345794392
25842,3.4508196721311477
25850,3.9444444444444446
25852,3.7153284671532845
25855,3.7222222222222223
25856,3.6658415841584158
25858,3.852272727272727
25859,3.486842105263158
25865,3.749003984063745
25866,3.6629834254143647
25868,3.7540192926045015
25869,3.5
25870,3.6604938271604937
25874,3.1447368421052633
25875,3.0384615384615383
25878,3.1547619047619047
25879,3.3684210526315788
25881,3.673076923076923
25886,3.8369565217391304
25888,3.2195121951219514
25891,3.5489864864864864
25893,3.468421052631579
25898,3.9157088122605366
25899,3.347560975609756
25900,3.314159292035398
25901,3.523026315789474
25902,3.272727272727273
25903,3.328125
25904,3.4525547445255476
25905,3.5546875
25906,3.513888888888889
25908,3.190909090909091
25911,3.6701680672268906
25913,2.9017857142857144
25914,3.5547445255474455
25915,3.3488372093023258
25916,3.2992424242424243
25918,3.7283464566929134
25920,3.5113636363636362
25921,3.264705882352941
25922,3.2777777777777777
25923,3.7753743760399336
25924,3.4134615384615383
25926,3.782258064516129
25927,3.652222222222222
25929,3.6116751269035534
25930,3.6910994764397906
25931,3.1785714285714284
25932,3.121212121212121
25934,3.3241758241758244
25937,3.6691449814126393
25938,3.588768115942029
25940,3.7865168539325844
25941,3.891891891891892
25942,3.0357142857142856
25943,3.629032258064516
25944,3.45
25945,3.588957055214724
25946,3.255434782608696
25947,3.7172619047619047
25948,3.22972972972973
25950,3.340909090909091
25951,3.517857142857143
25952,3.683720930232558
25954,3.992287917737789
25959,3.03125
25960,3.4596774193548385
25961,3.716867469879518
25962,3.2605042016806722
25963,3.9146341463414633
25964,3.5816326530612246
25965,3.4326923076923075
25966,3.630952380952381
25971,3.3947368421052633
25972,3.3870967741935485
25974,3.0172413793103448
25975,3.8430232558139537
25976,3.2333333333333334
25977,3.2
25980,3.480392156862745
25986,3.4054054054054053
25987,3.8875
25989,3.4838709677419355
25990,3.3676470588235294
25991,3.313953488372093
25993,3.37248322147651
25994,3.5568181818181817
25995,3.6987704918032787
25996,3.552264808362369
25998,2.8684210526315788
25999,3.488255033557047
26001,3.485294117647059
26002,3.6013513513513513
26003,4.071192052980132
26005,3.6812080536912752
26007,3.717391304347826
26009,3.744565217391304
26010,3.094736842105263
26012,3.825806451612903
26013,2.8859649122807016
26019,2.8205128205128207
26021,2.91025641025641
26025,3.443877551020408
26034,3.5
26038,3.528735632183908
26043,3.1594827586206895
26048,4.0227272727272725
26049,3.7531645569620253
26051,3.59375
26052,3.792279411764706
26055,3.8181818181818183
26056,3.5135135135135136
26059,3.8260869565217392
26062,3.316666666666667
26064,3.890710382513661
26068,3.3225806451612905
26070,3.604651162790698
26072,3.5416666666666665
26073,4.117241379310345
26074,3.236111111111111
26076,3.5
26078,3.7787610619469025
26079,3.616279069767442
26080,1.7045454545454546
26082,4.1918876755070205
26083,3.571875
26084,3.7484969939879758
26085,3.5718085106382977
26090,3.9858156028368796
26094,3.9615384615384617
26095,3.141025641025641
26096,3.3026315789473686
26099,2.5961538461538463
26100,3.35
26101,3.6393728222996518
26104,3.6
26107,3.369565217391304
26109,3.7467532467532467
26110,3.6142857142857143
26111,3.8954451345755694
26113,3.6875
26116,3.5734767025089607
26117,3.3524590163934427
26119,3.5903614457831323
26122,3.814498933901919
26123,2.984126984126984
26124,2.9966887417218544
26125,3.2590361445783134
26128,3.471830985915493
26130,3.206896551724138
26131,4.051894135962637
26133,3.8134944018856807
26134,3.212230215827338
26137,2.8333333333333335
26138,3.5774647887323945
26139,3.4954954954954953
26141,3.2450980392156863
26142,3.1403508771929824
26144,3.2017543859649122
26146,3.2195121951219514
26147,3.597826086956522
26148,3.729824561403509
26150,4.035500747384155
26151,3.8574074074074076
26152,3.211080586080586
26153,3.34375
26155,3.3446601941747574
26156,3.51
26157,1.7147435897435896
26158,3.7870036101083033
26159,3.61139896373057
26160,3.4271523178807946
26163,3.8444148936170213
26164,3.4833333333333334
26167,3.7222222222222223
26169,3.587912087912088
26170,3.5
26171,3.938202247191011
26172,3.668141592920354
26174,3.2111111111111112
26176,3.5303030303030303
26178,3.5790598290598292
26181,3.326530612244898
26183,3.6145454545454547
26184,3.949712643678161
26185,3.0784313725490198
26187,3.425
26188,3.7868852459016393
26189,3.026315789473684
26191,3.3289473684210527
26195,2.9827586206896552
26197,3.739130434782609
26198,3.420704845814978
26199,3.111111111111111
26203,3.520100502512563
26204,3.392405063291139
26205,3.0945945945945947
26206,2.9464285714285716
26208,3.8452380952380953
26210,2.8548387096774195
26211,3.2
26213,3.272727272727273
26214,2.913793103448276
26215,3.3846153846153846
26219,3.3767123287671232
26220,3.1296296296296298
26222,3.550675675675676
26225,3.745
26226,3.2298850574712645
26228,3.5245098039215685
26229,3.1666666666666665
26230,3.216494845360825
26231,3.685267857142857
26232,3.4827586206896552
26236,3.7694300518134716
26237,3.5303643724696356
26240,3.4769874476987446
26241,3.791095890410959
26242,3.6979374584165003
26245,3.371212121212121
26246,3.685245901639344
26247,3.0925925925925926
26248,3.2157894736842105
26249,3.5714285714285716
26251,3.3448275862068964
26252,3.5510204081632653
26253,3.467391304347826
26256,3.3209876543209877
26257,2.891891891891892
26258,3.7923673997412677
26259,3.74
26265,3.231958762886598
26266,2.578125
26268,3.511278195488722
26269,3.69831223628692
26270,3.735294117647059
26271,3.5454545454545454
26277,3.2708333333333335
26280,3.5462962962962963
26282,3.744186046511628
26283,3.578723404255319
26285,3.346433770014556
26288,3.0377358490566038
26289,3.2928571428571427
26294,3.546189376443418
26295,2.357142857142857
26297,3.1
26299,3.3395061728395063
26301,3.2720588235294117
26302,3.6703056768558953
26303,3.38821752265861
26306,3.5081081081081082
26307,3.4583333333333335
26308,3.353448275862069
26309,3.4358974358974357
26313,3.657766990291262
26314,2.717741935483871
26316,2.875
26317,2.7482014388489207
26318,3.8926174496644297
26320,2.962686567164179
26321,3.640625
26322,3.2186147186147185
26323,2.892857142857143
26324,3.5350877192982457
26325,3.9661654135338344
26326,3.953826955074875
26327,3.090909090909091
26333,2.8095238095238093
26334,3.6
26336,3.024193548387097
26338,3.0961538461538463
26339,2.9375
26340,3.755181347150259
26341,2.7450980392156863
26342,3.6475409836065573
26344,3.253086419753086
26345,3.353846153846154
26346,3.4558823529411766
26347,3.8471810089020773
26349,3.5952380952380953
26350,3.8790613718411553
26356,2.864406779661017
26359,3.672
26360,3.7061855670103094
26364,3.033333333333333
26365,2.9653846153846155
26366,4.0432525951557095
26368,3.6129032258064515
26369,3.05
26370,3.3173076923076925
26371,2.9552845528455283
26375,3.4528023598820057
26377,2.774193548387097
26378,3.2635135135135136
26379,3.51
26380,2.74
26383,3.0403225806451615
26386,3.331460674157303
26387,3.6666666666666665
26388,2.918181818181818
26391,3.175438596491228
26393,3.7967914438502675
26394,3.421875
26395,3.5115606936416186
26398,3.29
26399,3.459016393442623
26400,3.7664092664092665
26410,2.903225806451613
26411,3.619565217391304
26413,3.6744791666666665
26414,3.4615384615384617
26417,3.5180722891566263
26418,3.634920634920635
26422,3.563165905631659
26424,3.513888888888889
26425,3.7298578199052135
26429,2.703125
26430,3.0714285714285716
26431,3.8485714285714288
26432,2.75
26433,3.772727272727273
26435,2.8333333333333335
26448,3.1842105263157894
26459,3.8541666666666665
26462,3.436298076923077
26463,3.572519083969466
26464,3.008591065292096
26465,2.3734939759036147
26467,3.404255319148936
26468,2.323529411764706
26470,2.3421052631578947
26471,3.8734739178690343
26472,3.7710280373831777
26476,3.6076294277929155
26479,3.463687150837989
26481,2.9893617021276597
26483,3.1484375
26485,3.6140939597315436
26487,3.189922480620155
26488,3.0828220858895707
26490,2.5294117647058822
26491,3.4223300970873787
26492,3.258992805755396
26493,3.3035714285714284
26494,3.488888888888889
26495,2.977124183006536
26496,3.484375
26497,3.517543859649123
26498,3.3404255319148937
26501,3.408333333333333
26504,3.242424242424242
26505,3.4054054054054053
26509,3.216417910447761
26512,3.5466101694915255
26513,2.938953488372093
26514,2.6206896551724137
26520,3.706896551724138
26521,3.4011627906976742
26523,2.7908496732026142
26524,3.9073529411764705
26527,3.729381443298969
26529,3.3721804511278197
26538,2.8857142857142857
26539,3.5839416058394162
26540,3.311111111111111
26544,3.14
26546,3.2972972972972974
26547,3.782722513089005
26550,3.95910780669145
26554,3.497603833865815
26555,3.2766410912190964
26558,3.1015625
26559,3.085714285714286
26560,3.415
26561,3.1666666666666665
26562,3.3176100628930816
26564,3.633771929824561
26565,3.477272727272727
26566,2.9347826086956523
26567,2.446078431372549
26569,2.7788461538461537
26571,3.0303030303030303
26574,3.5256410256410255
26577,3.3645833333333335
26578,3.9752883031301485
26581,3.762295081967213
26582,2.78125
26585,3.6912751677852347
26587,4.163447251114413
26589,3.473684210526316
26593,2.9539473684210527
26599,3.681132075471698
26602,3.48
26603,3.308709175738725
26606,3.6742209631728047
26608,2.8225806451612905
26611,2.9814814814814814
26612,3.540909090909091
26613,3.5
26616,3.545138888888889
26617,3.433333333333333
26622,3.4875
26629,3.0118181818181817
26630,2.767857142857143
26631,3.731707317073171
26638,2.642857142857143
26643,3.515151515151515
26644,3.803030303030303
26645,3.3333333333333335
26662,4.041483165222333
26663,3.680904522613065
26675,3.4178082191780823
26676,2.6714285714285713
26680,3.3426001635322975
26681,3.519662921348315
26684,3.0762711864406778
26686,2.203020134228188
26688,2.769135802469136
26689,2.9565217391304346
26691,3.5252100840336134
26694,3.791208791208791
26695,3.311023622047244
26696,2.9413793103448276
26698,3.116279069767442
26699,4.0718015665796345
26700,2.81592039800995
26702,3.420289855072464
26703,3.4285714285714284
26704,3.50507614213198
26707,3.480769230769231
26710,2.9191176470588234
26712,3.990625
26713,3.7386587771203157
26717,2.9693877551020407
26719,3.0576923076923075
26720,3.581081081081081
26726,2.9335106382978724
26728,3.128787878787879
26729,3.971299093655589
26731,3.405511811023622
26732,3.5625
26734,2.703488372093023
26736,3.5407239819004523
26737,3.227777777777778
26741,2.1772151898734178
26744,3.136904761904762
26745,3.141891891891892
26746,2.795918367346939
26749,3.5
26750,3.400485436893204
26751,3.4838709677419355
26755,2.7205882352941178
26756,3.8870967741935485
26757,3.6125
26758,3.7419354838709675
26760,3.7279411764705883
26762,3.2966101694915255
26764,2.0275229357798166
26765,3.25
26770,3.367132867132867
26774,2.9456521739130435
26775,2.816326530612245
26776,3.941021337808679
26778,2.4568345323741005
26782,3.1335616438356166
26788,3.738372093023256
26791,3.182926829268293
26792,2.3444444444444446
26796,3.714788732394366
26797,3.72
26801,3.283333333333333
26802,3.921875
26803,2.908450704225352
26809,3.2636363636363637
26812,3.523076923076923
26818,3.5535714285714284
26819,2.9232456140350878
26828,1.8333333333333333
26831,3.267857142857143
26834,2.609375
26838,3.605603448275862
26840,3.8333333333333335
26841,2.5795454545454546
26842,3.6153846153846154
26843,2.482142857142857
26850,3.538135593220339
26858,3.475806451612903
26861,3.2621951219512195
26865,3.8521039603960396
26870,2.5553539019963702
26871,2.699074074074074
26873,3.638888888888889
26875,3.6297297297297297
26886,3.2714285714285714
26901,3.2844827586206895
26903,4.014946418499718
26908,2.890625
26914,3.566326530612245
26915,2.962121212121212
26925,3.3868778280542986
26938,3.1515151515151514
26939,3.811345646437995
26940,3.0961538461538463
26941,3.792452830188679
26947,3.7259136212624586
26949,3.022222222222222
26965,3.4353146853146854
26966,3.1578947368421053
26974,3.621917808219178
26981,2.7903225806451615
26982,3.4651162790697674
26985,3.3854166666666665
26989,3.2954545454545454
26996,3.1826923076923075
26998,3.590909090909091
27003,2.5608974358974357
27004,2.388059701492537
27005,3.642611683848797
27006,3.4292035398230087
27016,2.9696969696969697
27018,3.3620689655172415
27020,3.3896011396011394
27022,3.6557093425605536
27031,2.8780487804878048
27032,3.5
27033,3.975862068965517
27040,3.314432989690722
27044,2.5942028985507246
27050,3.5508474576271185
27067,3.534313725490196
27073,3.5833333333333335
27087,3.2203389830508473
27094,3.573170731707317
27095,3.7466666666666666
27096,3.3507462686567164
27109,3.5790273556231003
27112,3.4224137931034484
27124,3.448529411764706
27134,3.372093023255814
27147,2.977272727272727
27152,3.1009174311926606
27156,4.039731393396754
27162,3.7325581395348837
27163,3.6168478260869565
27166,3.152173913043478
27170,2.639423076923077
27171,3.0535714285714284
27172,3.2454545454545456
27178,3.852830188679245
27180,3.058139534883721
27186,3.6666666666666665
27189,3.727272727272727
27192,2.580357142857143
27193,3.326350606394708
27198,3.1343283582089554
27216,3.4565217391304346
27217,3.4555555555555557
27223,3.3777777777777778
27238,2.9365079365079363
27246,3.5591397849462365
27255,3.6538461538461537
27261,3.25
27263,3.4393939393939394
27266,3.6710526315789473
27268,2.5
27271,3.5324675324675323
27276,3.75
27292,3.015151515151515
27297,3.3392857142857144
27298,2.4305555555555554
27302,3.6979166666666665
27304,3.4794520547945207
27305,3.25
27306,3.1875
27309,2.3947368421052633
27315,3.715909090909091
27316,3.2658227848101267
27317,3.615297321833863
27326,3.4696969696969697
27327,2.310344827586207
27329,3.7816901408450705
27334,3.7580645161290325
27338,3.1643002028397564
27344,3.9655172413793105
27347,3.025
27351,3.0321637426900585
27357,3.5069444444444446
27362,3.4488372093023254
27365,3.41
27366,3.921135646687697
27368,3.515456989247312
27369,3.6666666666666665
27370,3.578125
27372,3.269230769230769
27373,3.645669291338583
27376,3.768924302788845
27391,3.530888030888031
27392,2.9105263157894736
27397,3.8039092055485497
27402,3.119281045751634
27408,3.2821522309711284
27416,3.534709193245779
27423,4.102564102564102
27426,2.996774193548387
27431,3.40625
27432,3.619047619047619
27434,2.5654952076677318
27441,3.3172323759791125
27447,3.462962962962963
27450,2.891304347826087
27455,3.1636363636363636
27456,3.5855855855855854
27461,2.8105263157894735
27469,3.7434210526315788
27473,2.030232558139535
27478,3.0446516192345436
27480,3.022727272727273
27482,2.970917225950783
27485,3.3666666666666667
27488,3.0675675675675675
27491,3.373205741626794
27497,3.37
27506,3.442857142857143
27509,3.0795454545454546
27513,3.532258064516129
27515,3.6506849315068495
27518,3.7863849765258215
27523,3.7566510172143976
27524,2.582089552238806
27528,3.2142857142857144
27530,3.230769230769231
27537,3.1510791366906474
27539,3.2333333333333334
27544,3.2982456140350878
27548,2.264705882352941
27549,2.55
27550,3.4833333333333334
27555,3.5221518987341773
27563,3.456578947368421
27564,2.8181818181818183
27571,3.473684210526316
27584,3.236631016042781
27587,2.7875
27592,3.8138107416879796
27595,2.2564102564102564
27603,3.4210526315789473
27604,3.4053030303030303
27608,3.1140939597315436
27616,2.0
27618,2.3972972972972975
27620,3.518987341772152
27627,3.6762295081967213
27631,3.1666666666666665
27636,3.5551470588235294
27639,3.4411764705882355
27641,3.271604938271605
27643,2.752212389380531
27644,3.230769230769231
27646,3.6666666666666665
27647,3.7092198581560285
27648,3.1825
27657,2.539473684210526
27658,2.913793103448276
27660,3.65852534562212
27664,2.8582089552238807
27671,3.53125
27674,3.550148957298908
27685,2.1602373887240356
27689,3.042483660130719
27692,3.0576923076923075
27695,3.5153846153846153
27699,3.64
27700,3.7149725274725274
27704,2.417293233082707
27706,3.2867328393680975
27711,2.8728813559322033
27713,3.343283582089552
27716,3.7395104895104896
27717,3.1691176470588234
27719,1.6951219512195121
27721,3.7849293563579276
27722,3.782201405152225
27724,3.3321428571428573
27727,3.9200191570881224
27728,3.808379120879121
27729,3.7341040462427744
27731,3.7252922422954304
27734,3.0789473684210527
27735,2.6948051948051948
27736,3.564814814814815
27738,3.4017857142857144
27740,3.3823529411764706
27741,3.9324324324324325
27742,2.675675675675676
27743,3.257575757575758
27744,3.48728813559322
27746,3.270916334661355
27751,3.1064356435643563
27752,2.6923076923076925
27754,3.394230769230769
27758,3.4556962025316458
27760,3.66
27765,2.489130434782609
27768,3.63265306122449
27769,3.5172413793103448
27772,3.369219653179191
27773,4.093858373419845
27776,3.298507462686567
27778,2.9974874371859297
27781,2.923076923076923
27783,3.2674418604651163
27784,3.0306513409961684
27787,3.3369565217391304
27788,3.575112566516578
27790,3.558918482647296
27792,3.3367768595041323
27793,2.0106382978723403
27797,3.7455621301775146
27798,3.275
27800,3.74601593625498
27801,3.589604891815616
27802,3.6729166666666666
27803,3.9132767098793027
27805,3.1923076923076925
27808,3.1801360544217685
27811,3.297872340425532
27812,3.5576923076923075
27815,3.9488325881768507
27816,3.4552572706935125
27820,3.7476190476190476
27821,3.3149075500770415
27822,2.7844677137870857
27824,3.2419354838709675
27826,3.372950819672131
27827,3.301980198019802
27828,3.5376344086021505
27830,3.3175675675675675
27831,3.7410365966932937
27833,2.8920863309352516
27834,3.956896551724138
27837,2.9668615984405458
27838,3.5554359526372443
27839,2.6191500806885424
27841,3.6744186046511627
27843,3.7701149425287355
27846,3.893818544366899
27847,3.3333333333333335
27850,3.588176352705411
27851,3.4580152671755724
27856,3.021505376344086
27857,3.7896551724137932
27862,3.7794117647058822
27864,2.6956521739130435
27865,3.2381889763779528
27866,3.709756097560976
27869,3.765322580645161
27871,3.862857142857143
27873,3.45995995995996
27874,2.8181818181818183
27875,3.314516129032258
27876,3.3413793103448275
27878,3.839976553341149
27879,3.866167023554604
27882,3.863517060367454
27884,3.6468253968253967
27888,2.598901098901099
27891,3.3055555555555554
27899,2.751646903820817
27904,3.6146151237707698
27905,3.0759878419452886
27909,3.125
27911,3.5961538461538463
27912,3.7141843971631205
27922,3.5062111801242235
30659,2.879120879120879
30695,3.1
30701,3.6
30707,3.8248056314351753
30712,3.6055555555555556
30721,3.3714285714285714
30723,3.4166666666666665
30742,3.355769230769231
30745,3.5943775100401605
30747,3.6048387096774195
30749,3.9703191705631227
30767,3.4
30783,3.3157894736842106
30791,2.574675324675325
30793,3.133441061405001
30803,3.9505917159763313
30810,3.7199795367872754
30812,3.609367316833306
30816,3.5233790523690773
30818,3.1478658536585367
30820,3.6054166666666667
30822,3.363898756660746
30825,3.0386749005652085
30846,3.389393939393939
30848,3.583177570093458
30850,3.552840909090909
30854,4.075757575757576
30856,3.985
30867,3.689655172413793
30883,2.0163727959697733
30892,3.6940298507462686
30894,2.6967071057192373
30896,2.7282608695652173
30898,3.35633626097867
30949,3.283582089552239
30952,3.286764705882353
30954,3.0795454545454546
30970,3.272727272727273
30977,2.1964285714285716
30981,3.1129032258064515
30991,3.6962025316455698
30996,3.3308823529411766
31000,2.7222222222222223
31030,3.6842105263157894
31032,2.932098765432099
31035,3.596412556053812
31038,3.079710144927536
31042,3.3828125
31047,2.6551724137931036
31049,2.9183673469387754
31079,2.456692913385827
31083,2.0673076923076925
31086,3.621212121212121
31101,3.4471153846153846
31104,3.4596774193548385
31107,3.634228187919463
31109,3.1666666666666665
31114,3.5
31116,3.8443775100401605
31123,3.619485294117647
31133,3.0700934579439254
31148,3.716666666666667
31150,3.1863468634686347
31152,3.557142857142857
31156,3.169172932330827
31158,2.9183673469387754
31160,3.2285714285714286
31162,3.3197831978319785
31184,3.4446742502585317
31188,3.552941176470588
31193,3.6916354556803994
31195,3.2386363636363638
31201,3.25
31221,2.371247357293869
31223,2.7255747126436782
31225,3.6843337590464027
31247,3.43
31251,3.0943877551020407
31255,3.201171875
31260,3.5911764705882354
31263,3.3045977011494254
31270,3.396788990825688
31284,2.8454545454545452
31290,2.3048780487804876
31297,3.425925925925926
31309,3.9023569023569022
31337,3.5
31347,3.596638655462185
31349,3.3661417322834644
31359,3.7452830188679247
31362,2.824074074074074
31364,4.05062197650311
31367,2.8704379562043796
31374,3.783333333333333
31408,3.6028571428571428
31410,3.998200959488273
31413,3.706896551724138
31420,3.0963746223564956
31422,2.3664
31424,1.4975961538461537
31427,2.9811260396673065
31429,3.173469387755102
31431,2.1853526220614827
31433,3.312202852614897
31435,3.829764453961456
31437,3.958563535911602
31445,2.931726907630522
31447,2.642857142857143
31467,3.2098765432098766
31485,3.562
31487,3.744186046511628
31494,3.1346153846153846
31502,3.322802197802198
31522,3.887459807073955
31524,3.7432432432432434
31528,3.6633663366336635
31539,3.4220183486238533
31545,4.043055555555555
31547,3.7609756097560973
31549,3.25
31553,2.085201793721973
31555,1.9360189573459716
31584,3.2916666666666665
31588,3.6435643564356437
31590,3.75
31594,3.3469387755102042
31613,2.5625
31617,3.4110576923076925
31628,3.730769230769231
31636,2.730769230769231
31647,2.8777777777777778
31658,4.1188148867706875
31660,3.3878406708595388
31664,3.068421052631579
31672,3.2325581395348837
31682,3.6956521739130435
31685,3.3513987547136717
31687,2.971264367816092
31689,3.3404907975460123
31694,3.264961915125136
31696,3.4891332470892626
31698,1.2414403778040142
31700,3.153198653198653
31702,3.70042194092827
31705,3.5357142857142856
31737,3.4760273972602738
31747,2.4402985074626864
31770,3.81021897810219
31785,3.5185185185185186
31804,3.3401044689495065
31807,3.340782122905028
31847,3.310810810810811
31851,3.484375
31854,3.444954128440367
31867,2.818681318681319
31869,3.1794871794871793
31878,3.7720227133210558
31889,3.402173913043478
31892,2.8045977011494254
31894,3.2567567567567566
31900,3.641304347826087
31903,3.8342696629213484
31921,3.3106796116504853
31923,3.6066838046272496
31930,3.7109375
31932,3.2181818181818183
31934,3.5305555555555554
31948,3.5921052631578947
31950,3.594059405940594
31952,3.8
31954,4.03030303030303
31956,3.2790055248618786
31960,2.7333333333333334
31963,3.5934579439252334
31973,3.7101063829787235
31975,2.9705882352941178
31983,3.53125
31991,3.5
31998,2.877049180327869
32009,3.0601659751037342
32011,2.4630872483221475
32013,3.135135135135135
32017,2.746586564718733
32019,2.758345428156749
32022,3.2379310344827585
32025,3.7551020408163267
32029,3.2915997859818082
32031,3.152546191978369
32049,3.0930232558139537
32058,3.106382978723404
32060,3.314814814814815
32074,2.9814814814814814
32076,2.6801470588235294
32078,2.947530864197531
32084,2.7636363636363637
32109,3.0
32116,2.5045871559633026
32124,2.9527027027027026
32128,2.601449275362319
32139,3.3442211055276383
32141,2.4038461538461537
32149,2.701923076923077
32151,3.27027027027027
32153,2.924778761061947
32160,3.6842105263157894
32162,3.307017543859649
32170,3.3766233766233764
32174,2.7572463768115942
32179,3.924162257495591
32196,3.576555023923445
32199,3.403225806451613
32203,3.6605839416058394
32211,2.9846938775510203
32213,3.1007718696397943
32234,3.5516129032258066
32239,3.4705882352941178
32250,3.2
32261,3.379032258064516
32263,3.007936507936508
32280,3.627450980392157
32285,3.265625
32289,3.128205128205128
32291,3.2565055762081783
32296,2.5960344003822264
32298,3.0262569832402235
32300,3.0307486631016043
32302,2.831715210355987
32314,3.095
32316,3.5916030534351147
32325,3.0
32329,2.5
32335,3.1206896551724137
32345,3.1964285714285716
32347,3.085714285714286
32349,3.580769230769231
32352,3.5902255639097747
32361,3.314814814814815
32369,3.5806451612903225
32371,3.497311827956989
32375,3.369565217391304
32381,3.3392857142857144
32383,2.963636363636364
32385,2.5384615384615383
32387,3.8927536231884057
32392,3.090909090909091
32395,3.109375
32419,3.5555555555555554
32440,2.75
32442,2.9320388349514563
32444,3.488888888888889
32452,3.610869565217391
32460,4.0208131655372705
32464,3.5859375
32469,3.6865671641791047
32483,3.4767441860465116
32493,3.6219512195121952
32497,3.9365079365079363
32501,2.92
32509,3.611940298507463
32511,3.566666666666667
32515,3.525
32518,2.9489795918367347
32525,3.907258064516129
32551,3.404255319148936
32560,3.0729166666666665
32562,3.7280701754385963
32582,3.798679867986799
32584,3.255813953488372
32587,3.760614272809395
32591,3.414285714285714
32593,3.4069767441860463
32596,3.0682179793158313
32598,3.1698996655518394
32600,2.9939024390243905
32602,2.6842105263157894
32617,2.53125
32620,3.074074074074074
32625,2.5303030303030303
32627,1.875
32632,3.3640776699029127
32646,3.566666666666667
32649,3.9096385542168677
32653,3.5535714285714284
32655,3.2333333333333334
32657,4.028169014084507
32659,3.074324324324324
32666,2.0136986301369864
32668,3.0576923076923075
32674,3.2285714285714286
32677,3.2142857142857144
32686,3.25
32707,3.675438596491228
32719,3.5806451612903225
32721,3.419254658385093
32728,3.395408163265306
32735,3.4216867469879517
32737,2.797872340425532
32741,3.1666666666666665
32743,2.9635761589403975
32770,3.5782828282828283
32781,3.253968253968254
32788,3.581081081081081
32792,3.8309352517985613
32799,3.77
32811,3.45
32825,3.6787974683544302
32830,2.978723404255319
32834,3.4135802469135803
32840,3.875764993880049
32844,3.7911392405063293
32853,4.0266272189349115
32862,3.173611111111111
32864,3.2386363636363638
32875,3.5672268907563027
32882,3.2447916666666665
32892,3.9452411994784877
32898,3.732902033271719
32902,3.418181818181818
32906,3.997297297297297
32914,2.9456140350877194
32917,3.3666666666666667
32928,2.9152542372881354
32943,3.7650602409638556
32952,3.142857142857143
32954,3.392857142857143
32957,3.3392857142857144
32966,3.3783783783783785
32974,3.5454545454545454
32988,3.376543209876543
33004,3.4482405581677535
33019,3.713815789473684
33021,3.4242424242424243
33036,3.1910828025477707
33072,3.7357293868921775
33081,3.6707317073170733
33085,2.929463171036205
33098,3.017857142857143
33110,3.450980392156863
33113,3.5234375
33119,3.841463414634146
33124,3.681592039800995
33126,3.3194444444444446
33136,3.2872340425531914
33138,3.4722792607802875
33145,3.4266467065868262
33148,2.1710526315789473
33150,3.129032258064516
33154,3.9514690451206715
33158,2.348494983277592
33162,3.493265993265993
33164,2.431693989071038
33166,3.7216587941094748
33168,2.0725806451612905
33171,3.80955223880597
33188,3.021978021978022
33191,3.2
33193,2.860655737704918
33237,3.5259740259740258
33245,3.324324324324324
33247,3.7162162162162162
33251,3.693877551020408
33255,3.0789473684210527
33261,3.364864864864865
33264,3.9576719576719577
33270,3.8343023255813953
33288,3.8622754491017965
33294,3.403292181069959
33296,2.75
33312,3.7306501547987616
33316,3.7037037037037037
33321,3.049019607843137
33340,3.8028169014084505
33358,3.7049180327868854
33363,3.537037037037037
33401,3.581818181818182
33410,3.391566265060241
33415,3.609375
33421,3.3443396226415096
33424,3.3970588235294117
33435,3.8445945945945947
33437,3.477703741670938
33451,3.804123711340206
33454,3.5328947368421053
33463,3.274193548387097
33480,3.103448275862069
33487,3.5451612903225804
33493,3.3902654867256636
33495,2.6706666666666665
33499,2.796576433121019
33539,3.5238095238095237
33558,3.6066666666666665
33564,3.820723684210526
33567,3.442857142857143
33585,2.8474025974025974
33587,3.3819444444444446
33592,3.6019108280254777
33603,3.626086956521739
33615,3.35990750980195
33621,3.486206896551724
33629,2.831081081081081
33639,3.8473520249221185
33644,2.363874345549738
33646,3.075978161965423
33649,3.7607142857142857
33655,2.189655172413793
33660,3.8432633716993907
33669,3.303185745140389
33672,3.4711751662971175
33675,3.376146788990826
33677,3.4267241379310347
33679,3.2450684548756636
33681,2.016152716593245
33683,3.314741035856574
33685,2.046666666666667
33688,3.3442622950819674
33709,3.6785714285714284
33722,3.543181818181818
33725,3.5376044568245124
33743,3.1710526315789473
33750,3.7169117647058822
33755,3.25
33760,3.4210526315789473
33779,3.9953125
33781,3.2746478873239435
33794,3.924919168591224
33799,3.453125
33801,3.0533333333333332
33808,3.6574074074074074
33815,2.917079207920792
33817,3.3642714570858283
33819,3.4588607594936707
33823,2.509259259259259
33826,3.577433628318584
33830,2.477996254681648
33832,3.208955223880597
33834,3.159005879208979
33836,2.531010873942811
33838,3.5
33844,3.574074074074074
33847,3.2625
33861,3.236842105263158
33880,3.749544626593807
33893,3.6825396825396823
33896,3.5007886435331232
33898,3.1666666666666665
33903,3.7991143317230276
33905,3.493333333333333
33912,3.4213483146067416
33914,3.185185185185185
33930,2.627450980392157
33933,3.4130434782608696
33945,3.8
33966,2.040268456375839
33972,3.0714285714285716
33988,3.13953488372093
33998,3.0
34002,3.310344827586207
34018,3.3346153846153848
34026,3.3833333333333333
34032,3.5833333333333335
34045,3.2548076923076925
34048,3.157030038076435
34051,3.4556962025316458
34057,2.9642857142857144
34063,3.5
34065,3.0786516853932584
34072,3.6424482606781154
34111,3.4235294117647057
34129,2.4565217391304346
34143,2.7604878048780486
34148,3.6463730569948187
34150,2.6655122332700256
34153,3.7855855855855856
34155,3.6985981308411215
34162,3.427973977695167
34164,3.341423948220065
34170,2.076923076923077
34177,2.8109756097560976
34189,2.904255319148936
34193,3.375
34198,3.533169533169533
34229,3.25
34238,3.727272727272727
34246,3.760869565217391
34271,3.5789719626168224
34292,3.0256849315068495
34306,2.9166666666666665
34314,3.4876543209876543
34319,3.4077237476420037
34321,2.8019578313253013
34323,3.332133507853403
34326,3.02734375
34330,2.847826086956522
34332,3.1392031480570584
34334,2.5123853211009175
34336,3.032414910858995
34338,3.259723964868256
34353,3.0
34359,3.4413793103448276
34375,3.4744897959183674
34378,2.7419354838709675
34405,3.9701539826373486
34411,3.607142857142857
34435,3.643171806167401
34437,3.603480230642504
34450,3.2976190476190474
34464,3.625
34466,3.3135593220338984
34469,3.65
34482,3.899441340782123
34488,3.3620689655172415
34499,3.1774193548387095
34505,3.1
34511,1.9482758620689655
34520,2.4816010329244675
34523,3.445010183299389
34528,3.636214442013129
34530,2.1532479414455628
34532,3.3212172442941674
34534,3.34121791645697
34536,3.4245939675174015
34538,2.911764705882353
34540,3.2785087719298245
34542,3.8508997429305913
34548,3.8629032258064515
34552,3.601769911504425
34579,3.029850746268657
34583,3.33
34608,3.306451612903226
34624,3.423076923076923
34643,2.298076923076923
34645,3.0815217391304346
34648,2.9285714285714284
34696,3.360215053763441
34767,2.8448275862068964
34800,2.392857142857143
34811,3.7570977917981074
35015,3.5229885057471266
35082,3.364864864864865
35347,3.466417910447761
35636,3.018018018018018
35828,3.4456521739130435
35836,3.4572264963468333
35906,2.4166666666666665
35957,3.1419864559819413
36056,3.395238095238095
36083,3.3254716981132075
36086,3.7509881422924902
36152,3.171875
36276,3.6917639827904116
36289,3.0193548387096776
36326,3.638888888888889
36363,3.98159509202454
36373,3.5925925925925926
36392,2.142857142857143
36397,2.7047817047817047
36401,2.9220626631853786
36436,3.551282051282051
36462,3.259259259259259
36477,3.2777777777777777
36509,2.646039603960396
36511,2.4444444444444446
36513,3.0374149659863945
36517,3.693889206167904
36519,3.1733351235230933
36523,3.109375
36525,3.5002024291497977
36527,3.446553059643687
36529,3.771444823663254
36531,2.1515151515151514
36533,2.8668730650154797
36535,3.774467054263566
36537,3.416
36539,3.3425925925925926
36541,2.5454545454545454
36553,2.9875
36630,3.189655172413793
36711,3.5641025641025643
36752,2.789473684210526
36799,3.6184210526315788
36850,3.5403225806451615
36883,3.5142857142857142
37211,3.27
37240,3.9377085650723025
37257,3.4473684210526314
37269,2.982142857142857
37277,2.8372093023255816
37287,3.590909090909091
37335,3.3625
37375,3.585714285714286
37380,2.4459745762711864
37382,2.997923875432526
37384,3.38061797752809
37386,2.91283459162663
37475,3.5701013513513513
37477,2.794294294294294
37495,3.814189189189189
37545,3.571090047393365
37626,3.2569444444444446
37653,2.9107142857142856
37720,3.223759541984733
37727,3.1383516810473076
37729,3.5454191412715415
37731,3.680614657210402
37733,3.64596554850408
37736,3.3990990990990992
37739,3.6448
37741,3.681852840259245
37744,3.173076923076923
37785,3.341463414634146
37830,3.3859315589353614
37837,3.25
37844,2.9269662921348316
37846,2.25
37853,2.9448275862068964
37855,3.630434782608696
37857,3.623177842565598
37955,3.491573033707865
37957,3.302325581395349
37976,3.489795918367347
38036,3.3684210526315788
38038,3.674825174825175
38046,3.130434782608696
38061,3.839544404786899
38086,3.130434782608696
38095,3.8057607090103396
38097,3.323404255319149
38159,3.9950099800399204
38164,3.725
38188,3.345971563981043
38198,3.5588235294117645
38294,2.9709302325581395
38304,3.9201725997842503
38320,3.6629955947136565
38376,3.789473684210526
38384,3.7477477477477477
38388,3.3067415730337077
38538,3.5775510204081633
38583,2.889705882352941
38600,3.2934782608695654
38656,3.106382978723404
38701,3.246153846153846
38798,3.2693548387096776
38839,2.4642857142857144
38843,3.2540983606557377
38849,2.8289473684210527
38867,3.1025641025641026
38881,3.5235849056603774
38886,3.6808124174372523
38992,3.01268115942029
38994,3.3402061855670104
39183,3.598723687970283
39231,3.1137892376681613
39234,3.5492610837438425
39244,3.6296296296296298
39292,3.775807410342778
39307,3.5100334448160537
39369,3.5738636363636362
39381,3.7503213367609254
39394,3.2432432432432434
39398,3.044943820224719
39400,2.0954323001631323
39402,3.0375
39408,2.0470588235294116
39410,2.693548387096774
39414,3.2632898696088266
39416,3.09375
39419,3.23
39421,2.563106796116505
39427,3.4663382594417076
39435,3.0953101361573374
39441,3.567073170731707
39444,3.186070157600407
39446,2.9281189512581385
39449,3.136604774535809
39474,3.3
39481,3.3125
39516,3.3076923076923075
39529,3.3424657534246576
39659,3.5695364238410594
39703,3.373684210526316
39731,3.2857142857142856
39768,3.854285714285714
39777,3.0793650793650795
39779,3.135593220338983
39786,3.4545454545454546
39796,3.072463768115942
39801,2.984848484848485
39818,3.638888888888889
39869,3.6772357723577236
39886,3.502450980392157
39896,2.9454545454545453
39931,2.8875
39934,3.3207547169811322
39941,3.473684210526316
40010,3.3828828828828827
40033,3.7125984251968505
40148,3.4505862646566166
40226,3.448529411764706
40278,3.4504521839522804
40337,3.6407766990291264
40339,2.7168992832893246
40342,2.9166666666666665
40412,3.768918918918919
40414,3.792452830188679
40422,2.4655172413793105
40425,3.156862745098039
40457,2.979591836734694
40467,3.0697674418604652
40478,2.2555555555555555
40491,3.6693548387096775
40494,3.5
40574,2.8815261044176705
40578,3.75
40581,3.1314655172413794
40583,3.530381748362322
40586,3.458064516129032
40591,3.6926605504587156
40597,2.783333333333333
40614,3.2077077077077076
40617,2.776315789473684
40629,3.851754077202863
40723,3.0409745293466224
40732,3.533869506116901
40738,3.639344262295082
40752,3.1481481481481484
40755,3.305084745762712
40815,3.7681731052786787
40817,2.9177215189873418
40819,3.772607848122722
40826,3.3814545454545453
40828,3.57
40833,3.3981481481481484
40851,3.015582285401859
40870,3.8604513064133017
40887,3.1241610738255035
40946,3.243970315398887
40952,2.8885135135135136
40955,3.548098434004474
40959,3.102919708029197
40962,3.0378912685337727
40964,2.0357142857142856
40966,3.0411392405063293
40973,3.24468085106383
40988,3.3884892086330933
41014,3.4746268656716417
41025,3.330508474576271
41058,3.2837837837837838
41094,3.390625
41136,3.5534883720930233
41226,3.730496453900709
41285,3.7206268460781096
41336,3.769230769230769
41411,2.9536423841059603
41425,3.0671641791044775
41527,3.6914893617021276
41566,3.391738058913273
41569,3.1873275785351964
41571,3.623032904148784
41573,3.242232086239696
41575,2.876190476190476
41585,3.432142857142857
41617,2.818548387096774
41627,3.947080291970803
41650,3.642857142857143
41688,3.841463414634146
41691,3.7419354838709675
41699,3.627450980392157
41704,2.396551724137931
41706,3.2884615384615383
41712,3.789156626506024
41714,3.3472222222222223
41716,3.4043600562587906
41721,3.5660377358490565
41724,3.376543209876543
41753,3.0833333333333335
41769,3.442528735632184
41815,3.682926829268293
41824,3.625
41828,3.823529411764706
41831,3.3154761904761907
41863,3.6569484936831875
41889,3.71875
41912,3.4805194805194803
41941,3.5
41997,3.71881072677808
42002,3.188701923076923
42004,3.6314639475600874
42007,2.8348214285714284
42009,2.659019812304484
42011,2.970967741935484
42013,2.7728055077452667
42015,3.229744728079911
42018,3.487037037037037
42021,3.1130434782608694
42053,2.012987012987013
42094,3.802127659574468
42152,3.8125
42163,3.7680608365019013
42172,2.3208955223880596
42176,3.734375
42197,3.579172610556348
42208,2.8875
42213,3.458904109589041
42217,3.9756380510440836
42285,2.4027777777777777
42312,3.2613636363636362
42385,3.1052631578947367
42418,3.4188993482983348
42518,3.608843537414966
42546,3.4166666666666665
42548,3.3191489361702127
42556,3.4074074074074074
42559,3.5694444444444446
42584,3.8835616438356166
42602,3.40625
42632,3.8150785854616895
42634,3.4541284403669725
42677,3.3452380952380953
42681,3.412087912087912
42710,2.888888888888889
42718,3.5983069361004913
42721,1.7039355992844365
42723,2.712695199537305
42725,3.564947942488845
42728,3.3854466858789625
42730,3.586461126005362
42732,3.4010115606936417
42734,3.0855855855855854
42738,3.320213607594937
42740,2.5458715596330275
42761,2.7388059701492535
42783,3.94921875
42794,3.234042553191489
42900,3.575107296137339
42935,3.4215686274509802
42938,3.482142857142857
42943,2.7037037037037037
42946,3.6102661596958177
42958,3.558139534883721
42984,3.4310344827586206
43007,3.3902439024390243
43009,3.060185185185185
43011,2.8137254901960786
43014,2.7916666666666665
43022,2.2804878048780486
43081,2.3518518518518516
43177,3.7289156626506026
43260,2.683333333333333
43267,3.6379310344827585
43289,3.4074074074074074
43333,3.807213930348259
43376,3.8458475540386803
43389,2.76271186440678
43391,2.602803738317757
43396,3.814112291350531
43415,3.44
43419,2.8094302554027504
43444,3.5956521739130434
43460,3.417235494880546
43482,3.2551020408163267
43497,3.8227848101265822
43549,2.8773584905660377
43552,3.2357142857142858
43556,2.987577639751553
43558,2.2623574144486693
43560,3.227408886669995
43589,2.961038961038961
43608,3.1875
43635,3.2313432835820897
43652,3.6467391304347827
43677,3.409340659340659
43679,2.8085393258426965
43684,3.3215767634854774
43699,3.6752577319587627
43708,3.4277389277389276
43710,3.59375
43744,3.4864864864864864
43762,3.411764705882353
43832,3.5141509433962264
43836,2.758780487804878
43838,2.6067961165048543
43853,3.356382978723404
43869,2.9558823529411766
43871,2.8882211538461537
43883,3.475
43897,3.7593984962406015
43899,3.705607476635514
43904,2.5259615384615386
43906,2.505434782608696
43908,3.006912442396313
43910,3.5253623188405796
43912,2.5043290043290045
43914,3.2577777777777777
43917,3.3567110036275696
43919,1.6176991150442477
43921,3.4596774193548385
43923,2.7413793103448274
43926,1.8368421052631578
43928,2.458256029684601
43930,2.8893034825870645
43932,2.5136138613861387
43934,3.6761363636363638
43936,3.2928293889085127
43967,2.6724137931034484
43971,2.9761904761904763
43983,3.5369127516778525
43987,2.995967741935484
44004,2.8552758954501454
44022,3.2430483271375463
44041,3.4583333333333335
44058,3.1319796954314723
44073,3.3444444444444446
44100,3.6
44115,3.3173076923076925
44124,3.2037037037037037
44153,3.7222222222222223
44155,2.8222222222222224
44161,2.8275862068965516
44168,3.5115606936416186
44187,2.509009009009009
44189,2.8577586206896552
44191,3.909582625842143
44193,3.3156357388316153
44195,3.818285086112129
44197,3.3043478260869565
44199,3.897971209697786
44204,3.69680196801968
44225,2.8693270735524257
44234,2.75
44238,2.196551724137931
44241,2.422680412371134
44243,1.8505154639175259
44255,3.2142857142857144
44295,3.0714285714285716
44301,3.4012738853503186
44317,3.165137614678899
44392,3.2045454545454546
44397,2.918332520721599
44399,2.3444108761329305
44421,3.8076923076923075
44427,2.813953488372093
44494,2.141732283464567
44511,3.215909090909091
44555,4.201409789323618
44568,3.6328125
44582,3.4415584415584415
44587,3.6240740740740742
44590,3.282608695652174
44595,3.581967213114754
44597,3.5616438356164384
44611,2.9782608695652173
44613,3.3341968911917097
44633,3.870629370629371
44653,3.693121693121693
44655,3.7222222222222223
44657,3.675619834710744
44663,3.234375
44665,3.840031884544387
44671,3.035211267605634
44674,3.6634615384615383
44694,3.8342812006319114
44709,3.6190871369294606
44719,3.8043478260869565
44729,1.8030973451327434
44731,2.764705882352941
44759,2.272364217252396
44761,3.782783357245337
44763,3.201923076923077
44777,2.51
44779,2.7238805970149254
44788,3.7013626040878123
44800,3.0268817204301075
44828,3.204367666232073
44840,2.6569459172852596
44844,2.0483870967741935
44849,3.3142857142857145
44856,2.797872340425532
44861,3.125
44864,3.0273972602739727
44881,3.194915254237288
44889,3.547979797979798
44900,3.1444444444444444
44903,3.326923076923077
44911,3.1953125
44929,3.55
44937,3.5752551020408165
44943,3.5
44947,3.613861386138614
44949,2.6793893129770994
44966,3.274193548387097
44972,2.337762792542642
44974,3.586279461279461
45000,3.7276119402985075
45003,3.4236577181208054
45028,3.2410913140311806
45036,3.586206896551724
45062,3.0552659019812305
45068,3.4555555555555557
45074,2.5191387559808613
45081,3.2473616473616476
45100,3.0163934426229506
45106,2.694542253521127
45137,2.838235294117647
45172,3.561111111111111
45175,3.547071129707113
45179,3.3852459016393444
45183,3.5615384615384613
45186,3.3717598908594817
45188,3.4383561643835616
45192,3.935064935064935
45194,3.8684210526315788
45208,2.6116920152091256
45210,3.603030303030303
45221,3.288327526132404
45224,3.015625
45259,3.3970588235294117
45303,3.5921052631578947
45329,3.263888888888889
45335,3.5045045045045047
45361,2.560109289617486
45382,3.0674740484429064
45412,3.7804878048780486
45431,3.243283902858371
45440,3.112824675324675
45442,2.733026874115983
45447,3.1785503830288744
45499,3.2138305976868202
45501,2.8791581805838424
45503,3.765695067264574
45506,3.6802325581395348
45508,2.90625
45517,3.320920362819339
45521,3.284313725490196
45525,3.2547169811320753
45533,3.612676056338028
45550,3.0568181818181817
45611,3.2388059701492535
45635,3.1713836477987423
45648,2.75
45658,3.4466666666666668
45662,2.7671370967741935
45664,3.212121212121212
45666,2.7534891835310535
45668,3.3454769447377686
45672,2.8898435496281096
45679,3.1742424242424243
45691,3.7205882352941178
45720,3.5228356925001956
45722,3.47036204182595
45726,2.7102212855637515
45728,3.486087689713322
45730,2.742273180458624
45732,2.4774247491638794
45837,3.6313131313131315
45852,2.3798283261802573
45880,3.2949526813880126
45891,3.352112676056338
45928,3.7626641651031894
45940,3.1666666666666665
45942,3.7697368421052633
45950,3.5786948176583495
45969,2.984848484848485
46034,3.4078947368421053
46062,2.6326912787586947
46098,3.630434782608696
46108,3.2435897435897436
46194,2.723076923076923
46201,2.693548387096774
46231,2.433333333333333
46258,3.3974358974358974
46322,3.7795466810577443
46331,3.3555555555555556
46335,2.9039768436949407
46337,2.370731707317073
46347,3.6358543417366946
46367,2.735294117647059
46430,2.897727272727273
46525,3.2777777777777777
46530,2.883877159309021
46544,3.3636363636363638
46559,3.5100401606425704
46561,3.4761904761904763
46572,3.051111111111111
46574,2.9191176470588234
46578,3.866473205649062
46604,2.683673469387755
46613,2.4
46640,3.3157894736842106
46653,3.351063829787234
46664,3.77363184079602
46716,2.8461538461538463
46723,3.624158467115484
46765,3.217391304347826
46770,2.954022988505747
46772,2.9904580152671754
46788,2.5625
46803,3.7278481012658227
46839,3.6142857142857143
46848,2.951923076923077
46850,3.808467741935484
46855,4.0
46862,3.4705882352941178
46865,1.9773095623987034
46910,3.1666666666666665
46912,3.0454545454545454
46915,2.6707317073170733
46919,3.408450704225352
46929,2.838709677419355
46948,3.2473665092626227
46957,3.1029411764705883
46959,3.1551724137931036
46965,2.4949206349206348
46967,3.3586256263421617
46970,3.275859150160826
46972,3.069379062990361
46974,2.9078295341922695
46976,3.7831800797461144
47044,2.9510108864696734
47047,2.767857142857143
47049,2.6875
47084,3.836206896551724
47092,3.2936507936507935
47099,3.851678349959558
47117,3.2333333333333334
47122,3.117626154939588
47124,2.6854619565217392
47148,3.6842105263157894
47150,3.6636904761904763
47152,3.7781065088757395
47180,3.6052631578947367
47196,3.2045454545454546
47200,3.394993181375414
47202,3.648496240601504
47221,2.888888888888889
47239,3.2560975609756095
47254,3.2184466019417477
47261,2.854961832061069
47264,2.6108986615678775
47274,3.8374384236453203
47287,3.483695652173913
47306,3.6751824817518246
47330,2.964788732394366
47382,3.3185734801340354
47384,2.4701754385964914
47394,3.3823529411764706
47404,3.835308056872038
47423,3.6537304452466906
47446,3.482843137254902
47452,2.896551724137931
47458,3.274193548387097
47460,3.5303030303030303
47465,3.3734939759036147
47482,3.2037037037037037
47484,3.603448275862069
47491,3.925091911764706
47493,3.2950819672131146
47503,3.132911392405063
47516,2.4271356783919598
47518,3.262273413897281
47525,3.2844036697247705
47538,3.3550724637681157
47566,3.443548387096774
47571,3.1481481481481484
47601,3.5
47610,3.8063453866126276
47615,3.259259259259259
47619,3.5434782608695654
47629,3.6832772852338733
47634,3.4705882352941178
47640,3.0977791486736583
47642,2.696629213483146
47644,3.5635155096011815
47646,2.9571428571428573
47670,3.5849056603773586
47714,3.488095238095238
47719,3.330357142857143
47721,3.8595600676818953
47723,3.5482456140350878
47725,3.5567375886524824
47728,3.4226190476190474
47736,3.5172413793103448
47740,3.3285714285714287
47778,3.5808383233532934
47793,3.337579617834395
47805,3.060185185185185
47808,3.381818181818182
47810,2.039855072463768
47815,1.7962962962962963
47830,3.030952380952381
47836,3.375
47868,3.510752688172043
47894,3.768776824034335
47904,3.685
47907,3.5
47918,3.216666666666667
47931,3.486842105263158
47935,3.2941176470588234
47937,3.220766129032258
47940,3.2916666666666665
47950,3.061619718309859
47952,2.797317436661699
47956,3.1774193548387095
47970,3.1990223463687153
47976,2.8333333333333335
47978,3.2349137931034484
47980,2.9310344827586206
47997,3.4187151753523435
47999,3.7276627965673903
48001,3.711206896551724
48032,3.6444444444444444
48035,3.230769230769231
48043,3.607397578371206
48045,3.778409090909091
48059,3.622516556291391
48061,3.3807339449541285
48082,3.7260686333534014
48093,3.588235294117647
48098,3.0
48123,3.391891891891892
48142,2.7140179910044977
48159,2.7395833333333335
48161,3.3157894736842106
48165,3.760942760942761
48167,3.4272727272727272
48193,3.8207547169811322
48198,3.125
48214,3.0795454545454546
48229,3.3363636363636364
48231,3.5166051660516606
48239,3.303030303030303
48242,2.7037037037037037
48262,3.635458167330677
48268,3.38
48301,3.553763440860215
48304,3.6711621711621714
48319,3.287907869481766
48322,3.1326576576576577
48326,3.133608815426997
48342,3.542
48385,3.4189822812299493
48389,3.7142857142857144
48394,3.974043261231281
48412,3.516459074733096
48414,2.950463292943692
48416,2.888888888888889
48501,3.5396039603960396
48516,4.13478248951509
48518,2.660635964912281
48520,2.8026574803149606
48522,2.6945701357466065
48530,3.236111111111111
48543,3.408759124087591
48555,2.8035714285714284
48560,3.1704730831973897
48575,3.5905172413793105
48584,2.8962264150943398
48591,2.5151953690303905
48593,2.91839378238342
48596,2.3950617283950617
48598,3.524793388429752
48600,3.2157894736842105
48638,3.5776699029126213
48660,3.481981981981982
48673,2.7962962962962963
48678,3.1639150943396226
48682,3.591666666666667
48696,3.7503576537911303
48698,3.8192219679633865
48704,2.765957446808511
48711,3.5269607843137254
48738,3.8394851539090165
48741,3.5821596244131455
48744,3.5267770204479065
48774,3.920232821189556
48780,4.122642894906891
48783,3.4681059862610404
48791,2.8949275362318843
48817,2.8552631578947367
48825,3.2127659574468086
48833,3.0
48851,3.413793103448276
48856,3.5254237288135593
48863,2.8026315789473686
48872,3.6964285714285716
48877,2.763057671381937
48879,3.3678756476683938
48883,3.0698924731182795
48895,2.9482758620689653
48909,3.528985507246377
48957,3.212121212121212
48970,3.7564102564102564
48972,3.4565217391304346
48982,3.242101105845182
48997,3.6801470588235294
49007,3.2586206896551726
49013,2.3565830721003134
49035,3.3085106382978724
49037,3.5
49050,3.658536585365854
49060,3.2245989304812834
49085,3.943548387096774
49110,2.6
49130,3.559874888293119
49132,3.619047619047619
49200,3.5172413793103448
49205,2.4100719424460433
49220,3.020175438596491
49225,3.802857142857143
49263,3.2945205479452055
49265,3.8
49272,3.837693305747449
49274,2.9850358644570862
49276,2.916176470588235
49278,3.609412427786389
49280,3.376543209876543
49282,2.220689655172414
49284,3.3223062381852553
49286,3.5602235845654526
49291,3.511904761904762
49299,3.4081632653061225
49312,3.6685823754789273
49314,3.195525291828794
49330,3.328767123287671
49347,3.0929133858267717
49355,3.5927152317880795
49359,3.8363636363636364
49389,3.3175965665236054
49394,3.728448275862069
49396,3.293605915615485
49412,3.630434782608696
49422,3.649014778325123
49435,2.672727272727273
49464,3.3653846153846154
49524,3.307486631016043
49526,2.546153846153846
49528,2.6033519553072626
49530,3.851009206798867
49571,2.9295774647887325
49615,3.5794392523364484
49642,2.602189781021898
49644,3.2222222222222223
49647,3.0854700854700856
49649,2.4224299065420563
49651,3.3892428785607196
49666,3.314516129032258
49668,3.7435897435897436
49688,3.7315436241610738
49735,2.558139534883721
49752,3.0535714285714284
49766,3.639705882352941
49772,3.794996525364837
49793,3.5172064777327936
49815,3.464426877470356
49817,3.73841059602649
49822,3.396584440227704
49824,3.2384855581576892
49856,3.297872340425532
49872,2.933333333333333
49902,3.4631147540983607
49910,3.703056768558952
49917,3.9130434782608696
49929,3.388888888888889
49932,3.627027027027027
49951,3.338709677419355
49953,3.235294117647059
49957,3.5396825396825395
49961,3.698211194460473
49973,2.857142857142857
50003,2.5163934426229506
50005,3.4157160963244615
50011,3.8188720173535793
50059,2.8461538461538463
50064,2.9891041162227605
50066,3.7536585365853656
50068,3.797473404255319
50147,2.117021276595745
50149,2.422374429223744
50151,2.5779220779220777
50153,2.397163120567376
50158,2.9441964285714284
50160,3.5608011444921317
50162,3.0212071778140293
50165,2.8518518518518516
50183,3.2357142857142858
50229,3.6994949494949494
50253,2.2777777777777777
50259,3.522167487684729
50271,3.216666666666667
50274,3.5157142857142856
50354,3.6122448979591835
50356,3.7
50440,2.168
50442,3.3070456365092076
50445,2.871459694989107
50447,3.1666666666666665
50477,3.605769230769231
50514,3.743220338983051
50517,3.572192513368984
50533,3.685185185185185
50541,3.2327586206896552
50572,2.7
50574,2.1379310344827585
50583,3.8095238095238093
50589,3.8333333333333335
50594,3.8006134969325154
50601,3.435854653318502
50615,3.361788617886179
50630,3.1333333333333333
50641,3.7912408759124085
50651,3.457865168539326
50658,4.008653846153846
50685,3.548476454293629
50703,2.349514563106796
50705,3.324675324675325
50740,4.009417808219178
50742,3.9972602739726026
50774,3.3020833333333335
50792,3.062274368231047
50794,3.2412557943531395
50796,2.875886524822695
50798,1.4614882506527416
50800,2.642528735632184
50802,2.9324324324324325
50804,3.0797413793103448
50806,1.8629343629343629
50842,3.504918032786885
50851,3.8795572916666665
50858,2.9932885906040267
50872,3.832259377331615
50886,3.0942028985507246
50892,2.8461538461538463
50898,3.6869565217391305
50912,3.664957264957265
50923,3.0199600798403194
50940,3.1296296296296298
50944,3.4237288135593222
50949,3.3970588235294117
50954,3.3166332665330662
50970,2.513157894736842
51004,2.757575757575758
51007,3.521505376344086
51037,3.2703016241299303
51044,2.902439024390244
51060,3.75
51063,3.340909090909091
51077,2.4796292057679103
51080,3.586600351082504
51082,3.25
51084,3.3125
51086,3.09490310591983
51088,2.9857685009487667
51091,3.359479305740988
51094,2.8983739837398375
51127,3.74609375
51167,3.677165354330709
51174,3.2826797385620914
51182,3.0754716981132075
51185,3.3857142857142857
51187,3.388
51207,2.7195121951219514
51209,3.3333333333333335
51246,3.4074074074074074
51255,3.8705510771696603
51277,3.8505494505494506
51287,3.5707547169811322
51312,3.8452380952380953
51314,3.452830188679245
51317,3.25
51321,3.180327868852459
51354,3.3255813953488373
51357,3.620860927152318
51372,2.9127272727272726
51380,3.1298076923076925
51402,3.4615384615384617
51412,3.197584541062802
51418,3.169172932330827
51455,3.9191176470588234
51471,3.793628808864266
51486,3.7142857142857144
51498,2.6824817518248176
51503,2.8333333333333335
51520,2.0
51540,3.788289688398477
51545,3.739406779661017
51559,3.6666666666666665
51573,3.9097859327217126
51575,2.6692395654659804
51579,2.6470588235294117
51619,3.5508474576271185
51638,3.336734693877551
51660,3.6566455696202533
51662,3.554326268714758
51666,2.710843373493976
51678,3.512437810945274
51694,3.363861386138614
51698,3.1564417177914113
51705,3.629151291512915
51709,3.511223591549296
51773,3.5681818181818183
51820,3.234375
51834,3.564502875924404
51847,2.890151515151515
51857,3.4027777777777777
51884,3.690625
51894,3.54
51903,2.695945945945946
51911,3.3596491228070176
51917,2.705357142857143
51925,3.0107421875
51927,3.0199275362318843
51931,3.578135709389993
51933,3.3333333333333335
51935,3.6147753236862146
51937,2.481240981240981
51939,2.843525179856115
51991,3.5103092783505154
52005,3.080357142857143
52016,2.706896551724138
52037,3.29375
52042,3.7697368421052633
52078,3.9166666666666665
52088,3.6538461538461537
52101,3.548780487804878
52104,3.992857142857143
52170,3.8488372093023258
52189,3.642857142857143
52202,3.328125
52227,2.9473684210526314
52237,3.5833333333333335
52241,3.5279747832939323
52245,3.039906625166741
52279,2.218978102189781
52281,3.6422699740409574
52283,2.814922480620155
52285,2.5194805194805197
52287,3.4546943231441047
52299,3.3780487804878048
52319,3.8366336633663365
52321,3.2508650519031144
52328,3.6425567072254768
52356,3.3967391304347827
52375,3.2480211081794197
52378,3.3780487804878048
52413,3.675
52424,3.681318681318681
52435,3.779020683832841
52443,3.202970297029703
52448,3.2953667953667956
52456,2.86105476673428
52458,3.2892731535756154
52460,2.575
52462,3.217204301075269
52495,3.71875
52528,3.722560975609756
52545,3.1416666666666666
52551,2.2450980392156863
52561,3.6578947368421053
52572,2.945945945945946
52579,3.68385460693153
52589,2.96875
52591,2.916326530612245
52604,3.7414658634538154
52606,3.3530066815144766
52644,3.014328063241107
52666,3.661290322580645
52668,3.2447552447552446
52694,3.044735406437534
52712,3.12875
52715,2.2264957264957266
52717,2.857317073170732
52722,2.88004921928038
52724,2.7883597883597884
52730,2.941747572815534
52742,3.603448275862069
52767,3.981818181818182
52784,3.638888888888889
52806,3.0954631379962194
52813,3.59375
52831,2.9702380952380953
52838,2.857638888888889
52865,2.9558823529411766
52867,2.6108786610878663
52885,3.9277138569284644
52891,3.2714285714285714
52913,3.073529411764706
52927,3.6616161616161618
52929,3.5
52938,3.423076923076923
52950,3.2863849765258215
52952,3.814643188137164
52967,3.7201309328968906
52973,3.3963014776602254
52975,3.315815815815816
53000,3.4597687007874014
53002,2.962046204620462
53004,1.8959537572254335
53022,3.537671232876712
53024,3.844868735083532
53038,3.585526315789474
53052,3.6964285714285716
53066,3.4642857142857144
53121,2.89449961802903
53123,3.864460909555442
53125,3.395484477892756
53127,3.0679156908665104
53129,3.640302613480055
53131,2.4
53133,2.7295081967213113
53138,3.2750865051903113
53140,3.306451612903226
53143,3.0841584158415842
53152,2.6607142857142856
53154,2.6666666666666665
53161,3.573378839590444
53189,3.42688679245283
53207,2.9047160731472568
53226,4.089743589743589
53282,3.0555555555555554
53318,3.5940320962888666
53322,3.526217577906326
53326,3.233009708737864
53349,3.4537037037037037
53352,2.77027027027027
53355,3.532258064516129
53370,3.036231884057971
53373,3.363013698630137
53375,3.2746478873239435
53379,3.141304347826087
53406,3.4565217391304346
53435,2.6503461918892186
53443,3.6176470588235294
53447,3.274353876739563
53453,2.086206896551724
53460,3.212324929971989
53464,2.590576218924648
53466,3.0
53468,3.493389423076923
53498,3.3780487804878048
53519,3.5498673326049635
53548,1.9696969696969697
53550,3.586144578313253
53569,2.9672131147540983
53574,3.210526315789474
53578,3.374269005847953
53582,3.3375
53592,3.574324324324324
53737,3.4150943396226414
53741,2.9642857142857144
53752,3.227272727272727
53766,3.2615384615384615
53769,3.687793427230047
53788,3.445945945945946
53827,3.638392857142857
53833,3.7142857142857144
53835,3.6103896103896105
53837,3.185185185185185
53853,3.25
53855,3.0535714285714284
53859,2.853896103896104
53873,2.774193548387097
53880,3.4935897435897436
53883,4.064685314685315
53887,3.7357954545454546
53894,3.6002772643253236
53919,3.2572815533980584
53921,3.238372093023256
53953,3.385639261137269
53956,3.6910157830837718
53967,3.0729166666666665
53972,3.42992941712204
53974,2.6138088012139606
53988,3.0939226519337018
53993,2.703693570451436
53996,3.056202110741651
53999,2.3893617021276596
54001,3.7627625570776257
54004,2.7651734104046244
54020,3.272727272727273
54049,3.21875
54075,3.195075757575758
54094,3.3860759493670884
54116,3.0816326530612246
54121,2.9935064935064934
54144,3.2777777777777777
54171,3.4537037037037037
54176,3.5972222222222223
54185,3.5670103092783507
54190,3.552968186290587
54193,3.3818897637795278
54196,3.635
54229,3.6769230769230767
54241,3.282051282051282
54248,3.1375
54256,3.4789959016393444
54259,3.799041744685538
54262,3.4782608695652173
54268,1.5673076923076923
54270,2.240740740740741
54272,3.3896637222997055
54274,1.8507462686567164
54276,3.2777303754266214
54278,2.445901639344262
54281,3.5720088626292466
54284,2.6944444444444446
54286,3.9089132134480065
54290,1.5427509293680297
54318,3.1964285714285716
54328,3.3843283582089554
54331,3.311634349030471
54349,3.1382978723404253
54372,3.803090332805071
54378,3.0725806451612905
54406,3.024390243902439
54419,3.46
54426,3.515957446808511
54445,3.2142857142857144
54455,2.9871794871794872
54503,3.769268872597583
54505,2.8636363636363638
54510,2.8805970149253732
54513,3.3853658536585365
54519,3.2777777777777777
54554,3.7580645161290325
54605,3.4375
54612,3.279255319148936
54617,2.557142857142857
54621,3.6176470588235294
54648,3.191400832177531
54686,2.8015625
54732,2.567514677103718
54734,3.315985130111524
54736,3.5125219683655535
54738,2.971223021582734
54745,3.4765625
54768,2.1403508771929824
54771,3.012207527975585
54775,3.057997557997558
54780,3.035532994923858
54783,2.1052631578947367
54785,2.978742249778565
54787,3.202821869488536
54796,3.404225352112676
54833,3.5783132530120483
54872,3.3306451612903225
54878,3.217948717948718
54881,3.8385531539479487
54908,2.994773519163763
54910,3.459844559585492
54934,2.6264367816091956
54958,3.058333333333333
54962,3.301526717557252
54967,3.5364583333333335
54978,3.2122641509433962
54986,3.5921052631578947
54995,3.4933039984694854
54997,3.7257194244604315
54999,3.289949385394071
55020,2.7450980392156863
55040,3.527027027027027
55050,3.3020833333333335
55052,3.757095709570957
55061,3.1944444444444446
55063,3.735655737704918
55067,3.6554878048780486
55069,3.846215139442231
55071,3.821243523316062
55078,3.4901960784313726
55080,3.270625
55094,3.5581896551724137
55098,3.803475935828877
55106,3.62
55110,3.103448275862069
55112,3.1463414634146343
55116,3.358736059479554
55118,3.8141669281455917
55154,2.9183673469387754
55156,3.7222222222222223
55159,3.5973451327433628
55167,3.7755775577557755
55176,3.88
55178,3.128205128205128
55190,3.174074074074074
55205,3.311688311688312
55207,3.510204081632653
55209,2.9407894736842106
55223,3.2875
55226,3.369565217391304
55232,3.0990242616033754
55241,2.4489112227805694
55245,2.8005902192242833
55247,3.856881283707304
55250,3.0740479548660087
55253,3.7555555555555555
55255,3.1194029850746268
55257,2.627853881278539
55259,2.7438524590163933
55261,2.8137135922330097
55267,3.408150064683053
55269,3.7226307189542482
55272,3.2609223300970873
55274,3.404510556621881
55276,3.707489491784486
55278,3.3559782608695654
55280,3.685254027261462
55282,3.1642656359803234
55284,3.30948275862069
55286,3.4815303430079156
55288,3.25
55290,3.809135399673736
55292,2.059322033898305
55294,3.0483870967741935
55298,2.6666666666666665
55329,2.72
55343,2.8392857142857144
55360,3.377906976744186
55363,3.659886853448276
55369,3.675438596491228
55389,3.1222222222222222
55391,3.019047619047619
55402,3.3076923076923075
55417,3.4646464646464645
55419,3.136842105263158
55440,3.263157894736842
55442,3.931885041864675
55444,3.7974726775956285
55451,3.310084033613445
55462,2.423076923076923
55487,2.6956521739130435
55492,2.877551020408163
55498,2.9434782608695653
55507,3.727272727272727
55517,2.9927536231884058
55549,2.75
55553,3.0239825581395348
55555,3.8588235294117648
55566,2.9098360655737703
55577,2.698874660457897
55603,2.8026315789473686
55620,3.6502890173410405
55652,3.671875
55659,3.1923076923076925
55671,3.5357142857142856
55684,3.4523809523809526
55687,3.5973282442748094
55691,3.517857142857143
55705,3.5833333333333335
55713,3.576923076923077
55721,3.984016208914903
55726,3.5934065934065935
55729,3.233153638814016
55732,3.4703087885985746
55765,3.8102018385291765
55768,2.7442852788783907
55805,3.555260617760618
55814,3.8850680397204855
55820,4.053054375379342
55830,3.183541973490427
55844,3.289772727272727
55851,3.466292134831461
55854,3.490566037735849
55856,3.3773584905660377
55872,3.574876237623762
55875,3.129032258064516
55895,3.7026143790849675
55901,3.733681462140992
55908,3.951376353790614
55926,3.269230769230769
55946,2.913173652694611
55955,2.6481481481481484
55995,2.865822424587365
55999,3.1732435033686235
56001,3.004385964912281
56003,2.6908809891808345
56015,3.555045871559633
56022,3.566666666666667
56060,3.581699346405229
56079,3.125
56093,3.511961722488038
56095,3.5628930817610063
56098,3.3333333333333335
56141,3.7666666666666666
56145,3.538763066202091
56152,3.4727190605239384
56156,2.950588730025231
56158,2.875
56165,2.7615658362989324
56167,3.2465437788018434
56169,3.136867088607595
56171,3.064202795546079
56174,3.5215315528243916
56176,2.307309941520468
56274,3.007425742574257
56286,3.4175027870680044
56331,3.7962962962962963
56333,3.5878243512974053
56339,3.7256444593237363
56350,3.680327868852459
56367,3.7125261212023792
56370,3.58974358974359
56372,3.906779661016949
56379,3.5407407407407407
56389,3.3189189189189188
56432,3.542452830188679
56474,3.0472972972972974
56479,3.4939759036144578
56490,3.4310344827586206
56508,3.507575757575758
56511,2.8161764705882355
56515,3.2903225806451615
56561,3.5606060606060606
56563,3.687258687258687
56587,3.581267217630854
56607,3.7554190751445087
56614,3.3333333333333335
56620,3.04
56626,3.4166666666666665
56631,3.3666666666666667
56633,3.2149532710280373
56671,3.5467625899280577
56693,3.3620689655172415
56700,2.8051948051948052
56715,3.801260964912281
56719,3.72972972972973
56744,3.654320987654321
56757,3.4566012637179915
56775,3.2528054862842892
56782,4.0334810126582274
56786,3.4240506329113924
56788,3.6316093614562264
56797,3.0172413793103448
56801,2.43240304458137
56805,3.3778443113772454
56835,1.1896551724137931
56837,2.9649122807017543
56846,3.2240437158469946
56848,2.898496240601504
56869,3.7698412698412698
56885,3.691969887076537
56908,3.4657894736842105
56915,3.1371951219512195
56931,3.509259259259259
56941,3.4809597523219815
56945,3.0416666666666665
56949,3.1478137916032196
56995,3.65625
57027,3.2777777777777777
57041,1.9466019417475728
57044,3.3137254901960786
57069,3.806451612903226
57147,3.2222222222222223
57183,3.9885844748858448
57209,3.673076923076923
57223,1.8411371237458194
57243,3.75
57274,3.709019091507571
57276,2.557142857142857
57326,2.0727923627684963
57353,3.386861313868613
57368,3.3362040948976275
57370,2.847058823529412
57393,3.454081632653061
57401,3.107142857142857
57418,3.564516129032258
57421,2.912442396313364
57432,2.8205128205128207
57453,3.716666666666667
57464,3.4142156862745097
57473,2.537037037037037
57476,3.240740740740741
57502,3.7963917525773194
57504,3.915224302366655
57509,2.7211538461538463
57513,2.9814814814814814
57520,2.3630769230769233
57522,2.4594594594594597
57526,3.0439367311072054
57528,3.294787847040335
57532,1.6237201365187712
57534,2.63531669865643
57536,2.5806451612903225
57538,2.727626459143969
57543,3.69140625
57550,3.7785714285714285
57637,3.1507936507936507
57640,3.3404945904173107
57655,3.1769230769230767
57669,3.9118203011782495
57690,3.25
57692,3.395348837209302
57695,3.2987012987012987
57706,3.5
57754,2.9814814814814814
57772,3.7908163265306123
57776,3.1511627906976742
57792,3.5544041450777204
57843,3.1076923076923078
57845,3.6515151515151514
57854,3.462686567164179
57865,2.721590909090909
57873,2.772727272727273
57910,2.911544227886057
57946,3.8059701492537314
57949,2.7091836734693877
57951,2.9643478260869567
57964,3.1847826086956523
57980,3.6655844155844157
57991,3.4
58003,3.4827586206896552
58007,2.9901960784313726
58025,3.066552343622407
58029,3.3962264150943398
58047,3.596213531967722
58059,3.5294117647058822
58078,3.3080229226361033
58084,3.625
58103,3.264387604525332
58105,3.28905325443787
58107,3.059021113243762
58111,3.6314285714285712
58123,3.7432432432432434
58146,1.7095238095238094
58154,3.3760826115922717
58156,2.9255167498218104
58162,3.230288836846214
58185,3.606382978723404
58191,3.7507246376811594
58223,3.4462025316455698
58246,3.2275449101796405
58287,2.835294117647059
58291,2.26010101010101
58293,2.531975867269985
58295,3.5982479784366577
58297,2.9402061855670105
58299,3.2566520714045133
58301,3.4215328467153285
58303,3.9053682037164488
58306,3.613408521303258
58309,3.5853658536585367
58315,1.9706806282722513
58324,2.4746835443037973
58332,2.8475935828877006
58334,3.4375
58347,3.5145772594752187
58351,3.678997613365155
58365,3.2708333333333335
58367,3.0104166666666665
58376,3.3615702479338845
58379,3.1129032258064515
58381,3.2734375
58418,2.8333333333333335
58422,3.8181818181818183
58425,4.040909090909091
58432,2.6856540084388185
58434,2.8529411764705883
58439,3.385135135135135
58485,2.7976190476190474
58490,3.557422969187675
58492,3.4232558139534883
58494,2.988721804511278
58520,3.2950819672131146
58554,3.816017316017316
58559,4.1875392125357696
58576,2.9753086419753085
58595,3.303030303030303
58622,3.427710843373494
58627,3.3062593144560357
58632,3.482142857142857
58649,3.7318840579710146
58652,3.163157894736842
58655,2.705218617771509
58706,3.5950704225352115
58709,3.743478260869565
58718,2.823529411764706
58722,2.984375
58740,3.4743589743589745
58743,3.1237113402061856
58774,3.7
58783,3.016260162601626
58803,3.5055508112724167
58806,3.075531914893617
58808,3.723076923076923
58816,3.25
58839,2.853711790393013
58850,2.9029850746268657
58870,3.175
58874,3.8703703703703702
58876,3.188340807174888
58879,3.447004608294931
58881,2.8055555555555554
58889,3.5588235294117645
58895,3.6724137931034484
58898,3.263157894736842
58933,2.7804878048780486
58937,3.4148936170212765
58939,3.4655172413793105
58964,3.421361502347418
58972,3.0349397590361447
58975,2.907702523240372
58992,3.668269230769231
58998,3.5759009462452185
59000,3.1710526315789473
59014,2.288
59016,3.3079545454545456
59018,3.804669260700389
59022,3.1408304498269897
59026,3.6796028880866425
59037,3.035744322960471
59040,2.877551020408163
59053,3.075
59065,2.8592233009708736
59103,3.2909585316111487
59105,2.944954128440367
59107,3.134375
59116,2.5161290322580645
59118,3.4416761041902606
59126,3.53830985915493
59129,2.852272727272727
59131,1.8181818181818181
59138,3.074074074074074
59141,3.5164383561643837
59143,3.2821350762527235
59159,2.7142857142857144
59173,3.0416666666666665
59188,3.517857142857143
59216,3.293103448275862
59220,3.4957627118644066
59256,3.1054131054131053
59258,3.0492170022371363
59260,3.4598214285714284
59273,3.10752688172043
59290,2.4642857142857144
59295,2.1374269005847952
59306,2.1333333333333333
59313,3.4696969696969697
59315,3.825441161115172
59333,3.160033869602032
59336,3.4015837104072397
59339,3.3846153846153846
59362,2.9361702127659575
59369,3.732104186717998
59376,2.65625
59382,3.09375
59387,3.9196859903381642
59399,3.1
59404,3.116883116883117
59418,3.590185676392573
59421,3.0273972602739727
59435,3.192982456140351
59440,3.538860103626943
59485,3.4239130434782608
59501,3.1934997847610846
59519,3.6225
59527,3.5285714285714285
59547,3.829113924050633
59549,3.657439446366782
59590,3.7212389380530975
59594,2.8401162790697674
59602,3.157142857142857
59604,3.246498599439776
59607,3.467741935483871
59615,2.87710759603685
59621,3.3
59665,3.3448275862068964
59680,3.3088235294117645
59684,3.8115384615384613
59705,3.392857142857143
59709,3.0973333333333333
59715,2.7411347517730498
59721,3.0655737704918034
59725,2.772379495026779
59727,3.139928057553957
59729,2.889344262295082
59731,3.662062615101289
59738,2.8339160839160837
59753,3.9133333333333336
59784,3.6266862170087975
59795,2.918918918918919
59810,3.626463700234192
59814,3.4098360655737703
59832,3.6298076923076925
59834,2.742424242424242
59838,3.176470588235294
59846,3.2195121951219514
59893,3.2023809523809526
59895,3.8833333333333333
59900,2.5725
59908,2.810747663551402
59910,3.2195121951219514
59912,3.5
59915,3.081168831168831
59938,3.0
59942,2.75
59945,3.3958333333333335
59947,2.9054054054054053
59960,3.238095238095238
59976,3.8983739837398375
59985,3.414405010438413
59995,3.7540983606557377
60007,3.3619791666666665
60020,3.2626582278481013
60030,3.125
60032,2.8728813559322033
60037,2.43213897937025
60040,3.1014977101126378
60044,3.026315789473684
60046,3.5591397849462365
60069,4.013953322389551
60072,3.226249654791494
60074,3.1301345609065154
60103,3.4642857142857144
60126,3.164461247637051
60128,3.2433035714285716
60133,3.0847457627118646
60135,3.5729166666666665
60137,3.6964285714285716
60141,3.0620915032679736
60147,3.546511627906977
60179,2.4285714285714284
60189,2.7162162162162162
60198,3.803030303030303
60201,3.93125
60256,3.3461538461538463
60259,2.9239130434782608
60286,2.611111111111111
60289,3.2807692307692307
60291,3.7644710578842315
60293,3.489344262295082
60295,3.7950819672131146
60303,3.3666666666666667
60311,3.4375
60322,2.9583333333333335
60333,3.864064602960969
60336,3.5921052631578947
60338,2.792207792207792
60341,3.6755725190839694
60353,3.0084745762711864
60363,2.1613475177304964
60376,3.5714285714285716
60382,3.463302752293578
60384,3.690909090909091
60389,3.2569444444444446
60391,2.8275862068965516
60397,3.1206461961503207
60405,3.0
60408,3.6494755244755246
60411,3.652173913043478
60418,3.2829457364341086
60436,3.206896551724138
60461,3.31
60463,2.2265625
60469,3.8461538461538463
60471,3.0799180327868854
60479,2.55
60482,3.2866666666666666
60484,3.3055555555555554
60487,3.7325475974614686
60503,3.455263157894737
60514,2.852167559668777
60516,2.4531516183986373
60522,2.8369565217391304
60524,2.880952380952381
60526,3.13768115942029
60530,3.455399061032864
60538,2.4407894736842106
60546,3.573529411764706
60551,3.640845070422535
60566,3.5700934579439254
60579,3.1584158415841586
60585,3.402439024390244
60590,2.730769230769231
60599,2.955357142857143
60609,3.4950099800399204
60625,3.4081632653061225
60641,3.6973684210526314
60647,3.31241655540721
60649,2.0475113122171944
60654,3.330508474576271
60684,3.6913142857142858
60688,2.6166666666666667
60702,2.590909090909091
60735,3.4921052631578946
60737,3.2232142857142856
60745,3.471830985915493
60753,3.6532608695652176
60756,3.4967339667458432
60758,3.4210526315789473
60760,2.9516689847009734
60763,3.3895705521472395
60766,3.823322932917317
60803,3.111111111111111
60825,2.5760869565217392
60832,2.84775641025641
60857,3.236607142857143
60885,3.36734693877551
60894,3.218978102189781
60937,2.6537777777777776
60939,2.88086642599278
60941,2.985407066052227
60943,3.63109243697479
60946,3.1964285714285716
60948,3.3699059561128526
60950,3.597734627831715
60990,3.671641791044776
60992,3.837579617834395
61009,3.537313432835821
61011,2.5113636363636362
61013,3.8444444444444446
61018,3.6358024691358026
61024,3.4716783216783216
61026,3.6003210272873196
61035,2.7083333333333335
61037,3.4952380952380953
61071,3.161985018726592
61073,2.6223776223776225
61075,3.439775910364146
61100,3.78125
61116,3.1176470588235294
61123,2.5641952983725136
61132,3.4279649534820704
61136,2.8134328358208953
61160,3.054849639983058
61167,3.297674418604651
61206,3.414285714285714
61210,2.4806949806949805
61215,3.2758620689655173
61236,3.8786169691025014
61240,3.9450286170637563
61246,3.1451612903225805
61248,3.0909980430528377
61250,2.8424449506454064
61253,3.2058823529411766
61255,2.9832985386221296
61257,3.6603053435114505
61262,3.0995073891625617
61264,3.106060606060606
61267,1.940217391304348
61269,3.380952380952381
61279,3.585714285714286
61285,3.4375
61289,3.046511627906977
61312,3.0535714285714284
61317,2.393939393939394
61319,3.3766233766233764
61323,3.5685655883398506
61348,1.2496607869742198
61350,2.871857541899441
61352,3.4864864864864864
61354,2.361111111111111
61357,3.4444444444444446
61361,2.8402777777777777
61373,3.33125
61396,3.4814814814814814
61398,2.230769230769231
61401,2.3716915995397008
61406,3.929936305732484
61449,3.4340277777777777
61465,2.6098382749326148
61470,3.1
61473,3.1627906976744184
61493,3.4521739130434783
61567,2.1595744680851063
61586,3.392857142857143
61646,3.604651162790698
61678,3.1365853658536587
61692,2.7672413793103448
61697,2.9005270092226616
61705,2.9034482758620688
61724,3.6713286713286712
61729,3.3662604233483
61742,3.2714285714285714
61816,3.3555555555555556
61818,1.936046511627907
61862,2.941860465116279
61931,2.5
61934,2.74468085106383
61937,3.6743119266055047
61941,3.2666666666666666
61948,2.8473282442748094
61950,3.0258620689655173
61967,3.860526315789474
61986,3.3751937984496125
61991,2.993710691823899
61994,3.576923076923077
62010,3.173469387755102
62049,3.730836236933798
62054,3.490566037735849
62081,3.2588002873563218
62113,3.1437644341801385
62115,3.624242424242424
62137,2.98943661971831
62153,3.25
62155,3.3736908253037283
62198,3.6176470588235294
62203,3.5856378233719894
62208,3.625
62235,3.4846153846153847
62245,3.6797752808988764
62250,3.5621584699453552
62254,3.566666666666667
62265,2.9973262032085564
62293,3.5224471830985915
62299,1.7291666666666667
62344,3.3248677248677247
62374,3.5825979527003176
62376,3.3950691521346963
62378,3.1159420289855073
62383,3.1588235294117646
62385,2.95
62394,2.554920634920635
62434,3.1938526409232133
62437,3.0727163461538463
62439,3.16015625
62511,3.864631956912029
62526,3.23972602739726
62553,3.61353711790393
62577,3.2869565217391306
62586,2.2373737373737375
62644,3.8122529644268774
62662,3.55
62718,3.240863787375415
62726,3.2745098039215685
62729,2.5526315789473686
62733,3.0831521739130436
62764,2.9318181818181817
62788,2.316
62792,3.2071713147410357
62796,2.7395833333333335
62799,3.4961977186311786
62801,3.8271604938271606
62803,3.720689655172414
62834,3.012121212121212
62836,3.187074829931973
62849,3.6741629185407296
62912,2.523076923076923
62925,3.108108108108108
62972,3.5344827586206895
62974,3.393617021276596
62999,3.187572421784473
63001,3.0714285714285716
63033,3.2871587462082914
63062,3.6570833333333335
63072,3.6289494470774093
63082,3.8286935104675894
63113,3.30095135347195
63119,2.8857142857142857
63131,3.5312990580847723
63179,3.50990099009901
63181,3.1186440677966103
63189,3.256476683937824
63194,3.6311475409836067
63222,3.3925855513307983
63237,2.6444444444444444
63239,3.150442477876106
63273,2.2195121951219514
63276,3.517857142857143
63310,3.3653846153846154
63312,3.1443298969072164
63329,3.282828282828283
63332,3.2115384615384617
63391,3.767857142857143
63393,2.648846960167715
63436,2.744663382594417
63446,3.3625
63458,2.2621951219512195
63479,3.2087264150943398
63481,3.024390243902439
63483,2.5517241379310347
63515,3.7160883280757098
63540,1.8846153846153846
63544,3.482142857142857
63645,3.607142857142857
63676,3.7942583732057416
63698,3.5551948051948052
63760,3.75
63788,2.9
63793,3.4054054054054053
63808,3.6363636363636362
63826,3.1993464052287583
63828,3.128205128205128
63836,2.9411764705882355
63853,3.1537537537537537
63859,3.268885788319713
63876,3.7151960784313727
63989,3.288135593220339
63992,2.396476729012614
64010,2.9680851063829787
64030,3.153908464965573
64032,2.8649103139013454
64034,3.8
64037,3.00253807106599
64114,3.4166666666666665
64116,2.835227272727273
64167,3.0
64197,3.773732718894009
64229,3.4659574468085106
64231,2.762455516014235
64234,2.595505617977528
64241,3.863013698630137
64249,2.8982035928143715
64273,3.4015151515151514
64278,3.8087248322147653
64285,3.6712062256809337
64321,3.4913793103448274
64338,3.619047619047619
64368,2.554054054054054
64497,2.8053206483439044
64499,3.540472175379427
64501,3.4283854166666665
64511,3.807142857142857
64519,3.4318181818181817
64522,3.574074074074074
64524,2.8085106382978724
64575,3.732296492389146
64614,3.900878454741601
64620,3.7605417481150516
64622,3.76461394185683
64650,3.5483870967741935
64660,3.4393939393939394
64695,3.7851063829787233
64701,3.734375
64716,3.7051813471502593
64750,2.875
64839,3.7963856774048717
64845,3.0961538461538463
64930,3.7142857142857144
64957,3.5942421895171703
64969,3.3770867622854457
64983,3.468545994065282
64986,3.018181818181818
64993,3.8017894012388163
64997,3.0597826086956523
65001,3.375
65037,3.5205992509363297
65088,3.0502296211251436
65091,3.4886363636363638
65126,3.2818302387267906
65130,3.5093338990241834
65133,3.7373068432671084
65142,3.4797979797979797
65155,2.6780821917808217
65181,3.037974683544304
65188,4.089285714285714
65193,3.2752918287937742
65216,3.5844191096634095
65225,3.414383561643836
65230,3.2535560701290107
65235,3.546511627906977
65243,2.8076923076923075
65259,3.693548387096774
65261,3.84745288300056
65300,2.794642857142857
65310,3.0303030303030303
65315,2.2065217391304346
65357,3.619565217391304
65359,2.7018348623853212
65400,1.7875
65418,3.514908256880734
65435,2.6739130434782608
65465,3.251948051948052
65514,3.9405442487994513
65521,2.111111111111111
65552,2.4827586206896552
65567,2.940993788819876
65577,2.9079754601226995
65585,2.948109965635739
65588,3.4528985507246377
65596,3.6272912423625256
65601,2.5213270142180093
65612,3.5770833333333334
65631,3.2720588235294117
65642,3.7491210447011554
65660,3.716867469879518
65665,3.175
65672,3.357142857142857
65682,3.3282794990112063
65685,3.146586345381526
65709,3.541095890410959
65731,2.7157894736842105
65738,2.0904255319148937
65740,2.2625
65764,3.838709677419355
65772,2.9559748427672954
65796,3.5136986301369864
65802,2.3534621578099837
65810,3.1966101694915254
65813,2.4735449735449735
65817,2.5657894736842106
65868,3.2298311444652907
65882,3.190635451505017
65894,3.3823529411764706
65899,3.2686567164179103
65982,3.3196166854565954
66015,3.125
66019,3.8360655737704916
66059,3.0384615384615383
66066,2.288659793814433
66068,3.810344827586207
66090,3.3996062992125986
66092,3.6463414634146343
66097,3.749773482331622
66105,3.1216216216216215
66130,3.4806201550387597
66152,2.734567901234568
66156,3.270440251572327
66171,3.2223657024793386
66198,3.2082239720034997
66200,3.3743589743589744
66203,3.2572002679169456
66234,2.9166666666666665
66246,2.5
66279,3.701923076923077
66289,3.3289473684210527
66304,2.6006389776357826
66310,2.9608938547486034
66317,3.5714285714285716
66320,3.3
66330,3.2653061224489797
66335,3.374203821656051
66337,3.2934782608695654
66339,3.611111111111111
66344,2.9833333333333334
66365,3.0046296296296298
66371,3.9978150036416604
66385,3.5450236966824646
66427,2.954379562043796
66506,2.902173913043478
66509,3.096824570536179
66511,3.4271844660194173
66544,3.5674603174603177
66547,3.50381679389313
66596,3.260989010989011
66618,3.5784313725490198
66639,2.0235042735042734
66659,2.576923076923077
66665,3.6435608726249122
66691,3.06
66718,3.55
66744,3.6224066390041494
66758,3.6724137931034484
66762,3.535211267605634
66783,2.6154873164218957
66785,3.578602620087336
66789,2.541176470588235
66798,2.859154929577465
66801,3.3923076923076922
66808,1.891089108910891
66813,3.9310344827586206
66870,3.6979166666666665
66915,2.981707317073171
66934,3.938437031484258
66943,3.036697247706422
66947,3.1166666666666667
67068,3.3
67073,2.615686274509804
67087,3.586106032906764
67096,3.2666666666666666
67098,3.717948717948718
67138,3.401315789473684
67140,3.5
67168,2.9046052631578947
67186,3.0596491228070177
67193,3.04029304029304
67197,2.954279342068581
67223,3.5481481481481483
67252,3.1097560975609757
67255,3.8732340097611098
67267,3.481371087928465
67356,2.65
67361,2.9029126213592233
67365,2.735955056179775
67370,3.7083333333333335
67405,3.018181818181818
67408,3.069948186528497
67420,3.0
67422,3.673076923076923
67429,3.66078431372549
67457,2.625
67464,3.2941176470588234
67504,3.9126984126984126
67508,3.6344
67534,3.007168458781362
67607,3.5106382978723403
67620,3.4793510324483776
67624,3.2450980392156863
67665,3.7157164869029278
67695,2.8321554770318023
67734,3.4400339888322407
67744,3.276595744680851
67748,2.760869565217391
67784,2.9526315789473685
67788,3.054734721289456
67792,3.4819277108433737
67799,2.8029661016949152
67801,3.717741935483871
67839,3.3703703703703702
67867,1.4954427083333333
67869,3.0285714285714285
67898,2.7025316455696204
67907,3.621794871794872
67923,3.1985124390869455
67925,3.6904761904761907
67927,3.230769230769231
67929,3.1690140845070425
67949,2.875
67957,3.65
67980,2.2375
67983,3.4078947368421053
67997,3.82624867162593
67999,3.605
68028,3.1666666666666665
68044,3.515151515151515
68069,3.4193548387096775
68073,3.6762034514078112
68099,3.875366568914956
68115,3.657142857142857
68135,3.0719885027436633
68153,3.5984848484848486
68157,4.04038274857856
68159,3.583083083083083
68173,3.5631578947368423
68194,3.744573082489146
68205,3.09375
68226,3.048780487804878
68237,4.012517816198798
68259,3.577777777777778
68263,3.4798387096774195
68269,3.736383442265795
68288,2.4552845528455283
68319,3.1444991013149184
68324,2.765957446808511
68347,3.813537675606641
68358,3.80597185415334
68392,2.725806451612903
68442,3.23109243697479
68444,3.093607305936073
68472,3.8130841121495327
68486,3.6951807228915663
68511,3.3395061728395063
68519,2.237827715355805
68522,3.856463878326996
68536,3.704861111111111
68548,2.93
68552,3.1658163265306123
68554,3.26088044022011
68597,3.28125
68612,3.391304347826087
68650,3.039473684210526
68653,3.46875
68659,3.1982864137086904
68667,2.5714285714285716
68674,3.426470588235294
68685,2.841463414634146
68690,3.5721649484536084
68749,2.8525345622119818
68791,3.0745074928439133
68793,2.9854625550660794
68835,3.5474137931034484
68838,3.60625
68848,3.5322033898305083
68858,3.0546875
68868,3.736842105263158
68872,3.5625
68874,3.8154205607476634
68884,3.0
68886,3.458823529411765
68901,3.4125
68915,3.5
68919,3.4642857142857144
68932,3.2865583456425407
68941,3.1810109289617485
68952,3.1832637327336974
68954,3.9604526334804264
68956,3.922680412371134
68959,3.529940119760479
68963,3.3507194244604315
68965,1.645631067961165
68967,3.638655462184874
68976,3.2560975609756095
69027,3.6343283582089554
69069,3.0923566878980893
69075,2.967391304347826
69088,3.7755905511811023
69118,2.9276729559748427
69122,3.6050149576200763
69131,2.6655844155844157
69134,3.4339983022071308
69136,3.6319444444444446
69140,3.334355828220859
69187,2.75
69219,3.732456140350877
69222,3.125
69227,1.9375
69241,3.74375
69251,3.393805309734513
69253,3.002463054187192
69269,2.823529411764706
69275,3.078826237054085
69278,2.7112326043737576
69280,2.857142857142857
69284,3.15625
69304,2.875
69306,3.2479635840919983
69310,3.4027777777777777
69324,3.5488721804511276
69354,3.685185185185185
69356,3.1744186046511627
69358,3.573529411764706
69361,3.8125
69372,3.41875
69374,3.314814814814815
69381,2.9140625
69394,3.7860262008733625
69406,3.4965567765567767
69421,3.202127659574468
69429,3.7115384615384617
69436,2.4382566585956416
69438,3.169230769230769
69448,3.765957446808511
69453,2.755813953488372
69458,3.5389408099688473
69466,3.1491228070175437
69469,2.201923076923077
69481,3.7255427841634736
69483,3.763888888888889
69489,3.727272727272727
69495,3.36
69498,3.5441176470588234
69509,3.490740740740741
69516,3.304232804232804
69524,3.9643387815750373
69526,2.6752497416465726
69529,3.9667318982387476
69542,3.1538461538461537
69552,3.3157894736842106
69574,3.5728643216080402
69604,3.53457249070632
69606,2.907303370786517
69626,3.189655172413793
69640,3.2891185759402815
69644,3.2699743768926157
69654,3.625
69666,3.472972972972973
69677,3.171875
69685,3.6964980544747084
69699,3.893258426966292
69704,1.8333333333333333
69712,3.5402038505096263
69714,1.8846153846153846
69746,3.2854938271604937
69757,3.7357491856677525
69761,3.9555555555555557
69771,3.1956521739130435
69784,2.7301947185916244
69792,2.7241379310344827
69805,3.256704980842912
69809,2.671641791044776
69818,3.1255506607929515
69830,3.63768115942029
69842,3.115
69844,3.8269486017666714
69849,3.85650623885918
69873,3.0375
69904,2.5673076923076925
69908,2.8392857142857144
69911,3.5098039215686274
69926,3.2333333333333334
69934,3.258720930232558
69945,2.6808510638297873
69947,3.0
69951,3.384855152181885
69953,3.2972972972972974
69971,3.7
69986,3.576923076923077
69988,3.152439024390244
69995,3.7142857142857144
70015,3.4771573604060912
70032,3.088757396449704
70046,3.26
70048,2.673076923076923
70088,3.0166666666666666
70093,2.89247311827957
70121,2.2037037037037037
70130,3.460526315789474
70133,3.15929203539823
70159,3.390893470790378
70175,2.892156862745098
70183,3.2502681444404717
70186,3.9324324324324325
70188,3.478723404255319
70201,3.7375
70206,3.251655629139073
70208,3.16751269035533
70227,2.514705882352941
70229,2.5972222222222223
70282,2.4754098360655736
70286,3.8078946335335453
70293,3.5162229617304495
70295,3.7662337662337664
70301,2.669191919191919
70305,2.766839378238342
70334,2.5213815789473686
70336,2.749546279491833
70342,3.73
70344,3.3091787439613527
70361,2.7886297376093294
70366,2.157142857142857
70418,2.966666666666667
70423,3.9375
70425,3.4423076923076925
70432,3.618556701030928
70451,3.65
70465,3.7735849056603774
70488,3.9827586206896552
70497,3.4097222222222223
70507,3.590909090909091
70533,3.809684684684685
70541,3.413793103448276
70565,2.888888888888889
70567,3.624617737003058
70587,2.479591836734694
70595,3.703125
70597,3.1217105263157894
70599,3.594915254237288
70607,2.6292134831460676
70637,3.4477611940298507
70641,2.6116751269035534
70643,3.2885906040268456
70649,3.9393939393939394
70656,3.393939393939394
70661,3.085714285714286
70663,2.6525054466230937
70670,3.7465753424657535
70682,3.3333333333333335
70687,3.1538461538461537
70695,2.4365079365079363
70697,2.283003300330033
70706,2.6437908496732025
70708,3.352713178294574
70728,3.5558021559923905
70742,3.3970588235294117
70762,3.328125
70769,3.4618834080717487
70802,3.236
70804,3.7916666666666665
70806,3.6666666666666665
70824,1.8846153846153846
70828,3.7115384615384617
70846,3.503787878787879
70849,3.7560975609756095
70862,3.624413145539906
70871,3.7456896551724137
70898,2.5944055944055946
70912,3.532258064516129
70927,3.3666666666666667
70932,2.92688679245283
70958,3.25
70961,3.3472222222222223
70968,3.1323529411764706
70970,3.1666666666666665
70978,3.6818181818181817
70984,3.2800982800982803
70992,3.5647058823529414
70994,2.6632882882882885
71011,3.5297619047619047
71014,3.3333333333333335
71027,3.730769230769231
71029,3.0714285714285716
71033,4.005148205928237
71057,3.4575670285840903
71096,3.0689655172413794
71106,3.730142566191446
71108,3.8329457364341084
71116,2.7142857142857144
71129,3.268496420047733
71131,3.91544885177453
71135,3.470408163265306
71141,3.784090909090909
71147,3.7777777777777777
71154,2.683333333333333
71156,3.1996180963572267
71170,3.3363636363636364
71178,3.872340425531915
71180,3.6176470588235294
71182,3.6222222222222222
71184,3.4895833333333335
71187,3.3513513513513513
71189,3.6020408163265305
71199,3.7534246575342465
71205,2.8398876404494384
71211,3.322380106571936
71239,2.758426966292135
71246,3.5
71248,3.019760479041916
71252,2.7817659727207467
71254,2.9332449160035368
71264,3.3399162722970512
71268,3.2452830188679247
71282,3.7685352622061483
71285,3.125
71302,2.466292134831461
71304,3.550464807436919
71318,3.135135135135135
71322,3.046511627906977
71325,2.9444444444444446
71327,3.45873786407767
71341,2.6777777777777776
71350,3.3823529411764706
71372,2.292452830188679
71374,2.1654411764705883
71379,3.010721757322176
71390,3.6363636363636362
71404,3.4615384615384617
71416,3.6020408163265305
71418,3.4056603773584904
71426,2.769230769230769
71429,3.4104046242774566
71433,3.393939393939394
71438,3.8645833333333335
71442,3.797872340425532
71444,3.77027027027027
71446,3.6125
71448,3.3448275862068964
71450,3.5
71453,3.475
71460,3.4057971014492754
71462,3.904245709123758
71464,3.6402439024390243
71466,3.6834277620396603
71472,3.544642857142857
71482,2.7777777777777777
71484,3.171806167400881
71494,2.7205882352941178
71500,3.431757359500446
71518,3.539886934673367
71520,3.21209740769835
71530,3.268248645860201
71533,2.838235294117647
71535,3.738976339460305
71537,2.78125
71542,3.4864864864864864
71550,3.1878453038674035
71560,3.2
71571,2.422279792746114
71573,2.6996951219512195
71575,3.4146341463414633
71579,3.6685872812633376
71591,2.980769230769231
71619,3.409090909090909
71634,3.328125
71640,3.5714285714285716
71650,3.4357142857142855
71664,3.1379310344827585
71668,2.7741803278688524
71670,2.4502262443438916
71688,3.721311475409836
71691,3.477777777777778
71693,3.4313725490196076
71695,3.4642857142857144
71700,2.853488372093023
71717,3.3125
71732,3.239130434782609
71740,3.2625
71745,3.2737481590574373
71755,3.7093023255813953
71762,3.4310344827586206
71792,3.34
71817,3.414285714285714
71821,2.3088235294117645
71823,3.0845410628019323
71838,3.7532204198473282
71840,2.6346153846153846
71867,3.6379310344827585
71876,2.95
71878,2.793877551020408
71902,3.1784313725490194
71910,2.906716417910448
71926,3.21900826446281
71928,3.351145038167939
71936,3.6
71938,3.6666666666666665
71991,3.0546875
71999,3.07
72011,3.678011669145407
72018,3.324074074074074
72035,3.8884297520661155
72037,3.5684931506849313
72039,3.5736842105263156
72041,2.609090909090909
72043,2.8127962085308056
72102,3.6944444444444446
72104,3.753731343283582
72113,3.4415584415584415
72117,3.6506849315068495
72129,2.847708894878706
72131,3.2867830423940148
72159,3.725806451612903
72161,3.25
72165,2.954728370221328
72167,3.1968503937007875
72169,3.4564102564102566
72171,3.588270142180095
72176,3.294230769230769
72178,3.6479591836734695
72209,3.044407894736842
72224,3.14247311827957
72226,3.8943443443443444
72228,3.386138613861386
72249,3.236559139784946
72261,2.9741379310344827
72273,3.413793103448276
72283,3.2142857142857144
72294,3.1647379169503065
72298,3.740740740740741
72310,3.086206896551724
72327,3.388888888888889
72330,3.0916030534351147
72334,3.6785714285714284
72356,3.9336441893830703
72360,3.7636363636363637
72369,3.2916666666666665
72378,2.7567086202802185
72380,2.8251507321274762
72386,3.7602291325695583
72393,2.996268656716418
72395,3.5160810005955927
72405,3.3988413547237077
72407,2.3370112736867354
72479,3.5553398058252426
72485,3.5584415584415585
72489,3.0968614718614718
72491,3.376923076923077
72552,2.783333333333333
72557,3.49375
72559,2.7037037037037037
72583,3.4545454545454546
72591,2.746794871794872
72601,2.963157894736842
72603,2.8850931677018634
72605,3.4232365145228214
72612,3.314814814814815
72628,2.8857142857142857
72630,3.1666666666666665
72641,3.6839589235127477
72672,3.5636363636363635
72692,3.324712643678161
72694,3.33976833976834
72696,2.53168044077135
72701,2.8310886644219977
72703,3.211734693877551
72712,3.6339285714285716
72718,3.30188679245283
72720,3.771816881258941
72726,3.735294117647059
72731,3.1913762551683402
72733,3.5791217895608947
72735,3.1206896551724137
72737,3.496203599550056
72741,3.4485714285714284
72751,3.161764705882353
72762,2.818345323741007
72764,2.0
72777,2.7329545454545454
72787,3.104790419161677
72844,3.5416666666666665
72852,3.3333333333333335
72856,3.2666666666666666
72874,2.607843137254902
72899,3.75
72915,3.75
72919,2.7379518072289155
72921,3.316326530612245
72931,3.761904761904762
72947,3.4411764705882355
72949,3.1551724137931036
72953,3.0185185185185186
72958,2.6931818181818183
72980,3.2333333333333334
72995,3.290909090909091
72998,3.6083303975502017
73000,2.748792270531401
73015,3.2510204081632654
73017,3.7441115015671005
73023,3.6362266425557563
73027,3.3072625698324023
73042,2.048
73049,2.8306451612903225
73051,3.6373626373626373
73064,3.7818181818181817
73089,2.806201550387597
73101,3.4798206278026904
73114,3.480769230769231
73117,3.5863636363636364
73160,2.857142857142857
73168,3.1578947368421053
73170,2.7142857142857144
73183,3.6952380952380954
73208,3.2555555555555555
73211,3.480612244897959
73232,3.107142857142857
73266,3.3640256959314776
73268,3.2345323741007195
73270,3.2285714285714286
73276,3.4381443298969074
73290,3.79123000551572
73319,3.3416320885200554
73321,3.466865272373541
73323,3.8222070844686646
73344,3.925768321513002
73370,3.326923076923077
73386,3.1956521739130435
73392,3.621875
73413,3.28494623655914
73457,3.625
73462,2.275
73469,3.477272727272727
73488,2.7365269461077846
73494,3.3846153846153846
73499,2.9871794871794872
73511,2.7232142857142856
73513,3.7867924528301886
73515,2.966666666666667
73523,3.548780487804878
73569,3.6605504587155964
73572,3.1729559748427674
73587,3.6656976744186047
73590,3.193548387096774
73608,3.6699029126213594
73614,3.7753623188405796
73630,3.3461538461538463
73641,2.933333333333333
73664,3.2070063694267517
73678,2.982142857142857
73681,3.632596685082873
73713,3.774193548387097
73718,2.7039473684210527
73730,3.1375
73741,2.638888888888889
73772,3.72
73804,2.6093247588424435
73808,3.9022403258655802
73818,3.607142857142857
73820,2.86734693877551
73822,3.650943396226415
73824,3.763157894736842
73829,1.6048951048951048
73854,3.5849598163031
73858,1.6818181818181819
73860,3.5015015015015014
73868,3.7222222222222223
73870,2.7142857142857144
73879,2.8214285714285716
73881,3.987713909609478
73885,3.6746031746031744
73900,3.486111111111111
73914,3.215909090909091
73929,2.651676206050695
73981,3.2884615384615383
73983,3.605769230769231
74014,3.625
74089,3.576923076923077
74095,3.2814814814814817
74097,3.05
74111,3.3125
74115,2.8333333333333335
74131,3.105421686746988
74139,3.282828282828283
74148,3.736842105263158
74150,2.8333333333333335
74152,3.694300518134715
74154,3.0236720554272516
74156,3.1874292185730466
74164,3.3295454545454546
74204,3.5443548387096775
74228,3.6548106448311155
74257,2.793103448275862
74275,3.2957418496340654
74306,3.551282051282051
74310,3.5535714285714284
74327,3.7142857142857144
74355,2.541176470588235
74370,3.385496183206107
74416,3.689528795811518
74426,3.234375
74428,3.2241379310344827
74431,3.74468085106383
74436,3.129166666666667
74438,2.9642857142857144
74450,2.9320689655172414
74452,2.636141636141636
74456,2.7386363636363638
74458,4.002852808284687
74475,3.1158536585365852
74480,3.4054054054054053
74484,2.3795620437956204
74486,3.1648351648351647
74488,3.5060422960725077
74504,3.4680851063829787
74508,3.8598574821852734
74510,3.75845298749421
74530,2.9039104278074865
74532,2.6820388349514563
74541,3.3566666666666665
74545,3.575357535753575
74553,3.8425
74573,3.6136363636363638
74575,3.4814814814814814
74580,2.760575296108291
74582,2.6458333333333335
74621,3.1818181818181817
74624,3.533240997229917
74641,2.8515625
74647,2.25
74653,3.5569620253164556
74668,3.2755847953216373
74677,3.7384615384615385
74683,3.6153846153846154
74685,3.2538119440914866
74688,3.205559906029757
74696,3.661290322580645
74698,2.384973404255319
74701,3.3
74727,4.015558698727015
74731,2.9626168224299065
74733,3.475609756097561
74738,2.7745098039215685
74740,3.4022801302931596
74750,3.3392330383480826
74754,2.5058479532163744
74787,3.574725274725275
74789,3.060065266163573
74791,3.7551020408163267
74795,3.3554630083292505
74818,2.8852459016393444
74820,3.34375
74827,3.5065789473684212
74851,3.118662747979427
74859,3.326923076923077
74864,2.3392857142857144
74868,3.144718792866941
74886,2.7222222222222223
74916,3.175036927621861
74937,2.9482758620689653
74944,3.1279904306220097
74946,3.2656496580746976
74948,3.4687199230028876
75341,3.4310502283105024
75345,3.409090909090909
75351,3.3846153846153846
75370,2.515625
75386,2.7419354838709675
75389,3.0357142857142856
75392,3.1724137931034484
75395,3.06198347107438
75404,2.3676470588235294
75414,3.3205128205128207
75423,3.306122448979592
75425,2.3383084577114426
75446,3.0952380952380953
75803,2.6774193548387095
75805,2.9315068493150687
75813,3.321167883211679
75816,2.8225806451612905
75825,2.75
75929,2.745614035087719
75938,2.8142857142857145
75947,2.8421052631578947
75983,3.763157894736842
75985,3.2798400913763563
75990,3.3289473684210527
76030,3.1491875923190547
76051,2.90625
76054,3.7196969696969697
76056,3.197674418604651
76060,3.0
76063,3.1184210526315788
76077,3.1069175040897408
76079,3.1738484398216937
76087,3.1470588235294117
76091,3.8645735707591378
76093,3.905902644691453
76108,2.6553030303030303
76111,3.8106995884773665
76117,3.6145833333333335
76119,1.7785714285714285
76127,3.462025316455696
76130,2.5168067226890756
76132,3.098360655737705
76134,3.484375
76137,3.4242424242424243
76143,3.519607843137255
76147,2.7301587301587302
76151,3.7155172413793105
76158,3.372448979591837
76169,3.903225806451613
76171,3.757575757575758
76173,3.6527958387516253
76175,2.712300413956239
76187,3.3653846153846154
76208,3.9657142857142857
76210,3.3059405940594058
76244,3.21875
76251,3.5960557842354244
76269,3.0606060606060606
76272,3.2837837837837838
76291,3.013888888888889
76293,3.20129648584101
76298,2.742857142857143
76312,3.046875
76317,2.8483870967741933
76680,3.0090909090909093
76709,3.1166666666666667
76738,3.739010989010989
76743,2.8392857142857144
76747,2.888888888888889
76753,2.8271604938271606
76758,2.793103448275862
76763,3.330275229357798
76772,3.511904761904762
76776,3.081081081081081
76811,2.5757575757575757
76816,3.293103448275862
76823,3.1818181818181817
76860,3.05
76862,3.104651162790698
76866,3.5120481927710845
76873,2.673076923076923
77146,3.3289473684210527
77154,3.5
77177,3.8360655737704916
77191,2.9958677685950414
77201,3.1585677749360612
77204,2.8095238095238093
77206,3.0341614906832297
77208,3.527027027027027
77233,3.7948717948717947
77240,3.5017985611510793
77264,3.3020833333333335
77266,3.4788732394366195
77293,3.607476635514019
77307,3.7580993520518358
77312,3.0760869565217392
77316,3.7110091743119265
77318,2.7580645161290325
77326,2.8125
77328,3.461693548387097
77330,3.505
77353,3.6551724137931036
77359,3.505813953488372
77364,3.135427394438723
77414,3.4045584045584047
77421,3.195227765726681
77427,2.1362862010221466
77433,3.4310344827586206
77449,2.421875
77455,3.8962215981618584
77496,3.5476190476190474
77540,3.0325484764542936
77561,3.4304080018083183
77596,3.2936507936507935
77629,3.5646067415730336
77665,2.294701986754967
77667,2.808641975308642
77672,2.942622950819672
77682,3.0813953488372094
77688,3.1875
77709,3.2777777777777777
77721,3.0
77729,3.5
77731,3.36
77736,3.7142857142857144
77780,2.8703703703703702
77788,3.5084745762711864
77795,3.2702991452991452
77798,2.550618672665917
77800,3.7313846153846155
77808,3.0833333333333335
77810,3.0833333333333335
77818,3.264705882352941
77820,1.96
77829,3.5
77833,3.588235294117647
77837,3.665859564164649
77841,2.8582089552238807
77843,3.309037900874636
77846,4.009641873278237
77854,3.988
77866,3.15605191669182
77875,3.774193548387097
77881,2.8703703703703702
77891,3.5925925925925926
77893,3.356060606060606
77907,3.3636363636363638
77910,2.740740740740741
77944,3.473684210526316
77979,3.5833333333333335
77981,3.3076923076923075
77983,3.1527777777777777
78003,3.688888888888889
78006,2.9310344827586206
78009,3.6923076923076925
78011,2.4743589743589745
78019,2.8181818181818183
78032,2.629032258064516
78034,3.4205426356589146
78039,3.6788375558867363
78041,2.9513817809621288
78081,3.6328125
78084,2.234375
78088,3.364391143911439
78103,3.409090909090909
78105,3.1126663607159246
78111,2.9302325581395348
78116,3.360294117647059
78122,3.4838709677419355
78128,3.269230769230769
78142,3.622448979591837
78157,3.1444444444444444
78174,2.3481675392670156
78186,3.310344827586207
78207,2.588607594936709
78209,3.1678627145085803
78218,3.4685082872928175
78245,3.103448275862069
78247,2.879032258064516
78251,3.0185185185185186
78264,2.872159090909091
78266,2.8473867595818816
78268,3.5789473684210527
78272,3.5357142857142856
78276,3.0531914893617023
78278,3.5357142857142856
78290,2.2794117647058822
78295,3.152173913043478
78308,2.8026315789473686
78313,3.2426470588235294
78316,3.478305785123967
78332,3.7266666666666666
78335,3.2785714285714285
78342,3.1296296296296298
78344,3.8472222222222223
78349,3.5954609265325224
78358,3.3035714285714284
78420,3.2837837837837838
78445,3.65
78459,3.0441176470588234
78467,2.3461538461538463
78469,3.1909471724458927
78499,3.832118688183238
78517,3.1964285714285716
78519,3.783333333333333
78574,3.6723446893787575
78585,3.4468085106382977
78606,2.98
78612,2.6739130434782608
78614,3.706896551724138
78618,3.225806451612903
78626,3.3207547169811322
78633,3.5972222222222223
78637,2.969622093023256
78653,3.4913793103448274
78679,3.0545454545454547
78681,3.2903225806451615
78703,3.4126582278481012
78729,3.465909090909091
78746,3.472826086956522
78759,3.4523809523809526
78772,2.371534416826004
78774,3.0287610619469025
78827,3.2222222222222223
78836,3.7709757613424486
78838,2.903225806451613
78856,3.7
78893,1.8560019361084221
78895,3.778688524590164
78898,3.659090909090909
78903,3.939655172413793
78905,3.3225806451612905
78913,3.302325581395349
78934,3.1341463414634148
78941,2.6296296296296298
78955,3.0
78967,2.875
78976,3.5
78978,3.6153846153846154
78991,2.074074074074074
79006,3.4472361809045227
79029,3.5714285714285716
79057,3.1191281473130403
79073,3.7443946188340806
79091,3.659673099375043
79132,4.176186669945893
79134,2.759049773755656
79139,3.151261937244202
79166,1.72
79185,3.258133824432167
79187,3.2982456140350878
79191,3.3333333333333335
79203,3.28
79207,2.918918918918919
79224,3.01662495530926
79226,3.101123595505618
79228,3.414285714285714
79230,3.397590361445783
79242,3.4822964087000505
79251,2.6700636942675158
79254,3.533333333333333
79259,2.9074074074074074
79287,3.3031914893617023
79293,3.2450342465753423
79299,3.6724137931034484
79318,3.553903345724907
79333,3.869047619047619
79357,3.891222175556489
79428,2.868464961067853
79430,3.5441176470588234
79463,3.0170648464163823
79467,3.5789473684210527
79469,3.5657894736842106
79477,3.544642857142857
79494,2.723404255319149
79498,2.6470588235294117
79505,3.3815789473684212
79507,3.4313725490196076
79519,3.642857142857143
79523,3.3369565217391304
79525,3.4871794871794872
79528,3.4
79533,3.341726618705036
79541,3.641025641025641
79545,2.8333333333333335
79553,3.769909139497595
79572,3.057471264367816
79578,3.6447368421052633
79588,3.4553903345724906
79590,3.3599397590361444
79592,3.4505516959542297
79596,3.380434782608696
79599,2.4956521739130433
79633,3.1724137931034484
79663,3.1551724137931036
79684,3.377049180327869
79695,2.959009978477793
79702,3.7746650828218833
79720,3.672594142259414
79723,2.888888888888889
79760,3.5904255319148937
79769,3.5615384615384613
79794,2.4078947368421053
79796,3.143150684931507
79798,3.8310055865921786
79800,3.2115384615384617
79805,3.3333333333333335
79807,3.6153846153846154
79809,3.4186046511627906
79824,3.569948186528497
79830,3.480769230769231
79832,3.6610169491525424
79860,3.2861035422343323
79863,3.176190476190476
79868,2.8969072164948453
79874,3.457627118644068
79879,2.447619047619048
79895,3.1729857819905214
79897,3.415617128463476
79910,3.2160493827160495
79912,3.328125
79916,3.2125
79927,3.232394366197183
79929,3.2745098039215685
79946,3.297260273972603
79955,3.1551724137931036
79987,3.4796747967479673
79994,2.8095238095238093
79996,2.171875
80026,2.3936651583710407
80083,3.0739130434782607
80094,3.0580270793036752
80097,3.607843137254902
80107,3.34375
80111,3.483695652173913
80124,3.269230769230769
80126,3.2187958883994128
80141,2.9545454545454546
80162,2.8963963963963963
80166,3.135955056179775
80181,3.0307692307692307
80185,3.7022900763358777
80191,2.5183823529411766
80219,3.244726339794755
80222,3.2093023255813953
80241,3.1355555555555554
80281,3.685185185185185
80315,3.75
80328,3.4074074074074074
80339,2.8833333333333333
80350,1.8521444695259595
80354,3.1
80363,3.032218091697646
80374,3.6449275362318843
80398,3.256164383561644
80432,3.453125
80447,3.1785714285714284
80451,3.0
80454,2.9651162790697674
80456,3.022727272727273
80463,3.7849172147879337
80476,2.810810810810811
80487,3.532608695652174
80489,3.7405714285714287
80494,3.4705882352941178
80549,3.609059119221943
80551,2.944015444015444
80553,3.365284974093264
80572,2.932377049180328
80584,3.375
80586,3.8171007927519818
80588,3.6538461538461537
80590,3.0630397236614852
80615,3.19011544011544
80617,1.9396984924623115
80646,3.4411764705882355
80648,3.654320987654321
80677,3.793103448275862
80693,3.63886404293381
80717,3.5303030303030303
80727,3.368131868131868
80729,3.4411764705882355
80748,3.516
80763,3.0357142857142856
80775,3.094059405940594
80777,3.25
80779,3.0
80808,3.3488372093023258
80816,2.9791666666666665
80820,3.058333333333333
80831,3.5782227784730916
80834,3.4390243902439024
80836,3.0277777777777777
80839,3.701923076923077
80844,3.334722222222222
80846,3.009518477043673
80858,3.0694444444444446
80860,3.564845292955892
80862,3.422655298416565
80864,3.094704684317719
80880,2.673202614379085
80891,2.882978723404255
80906,3.9988379814077026
80908,2.9615384615384617
80917,3.275651465798046
80928,3.443661971830986
80939,3.4965277777777777
80969,3.644307982994804
81014,2.5961538461538463
81018,3.6737179487179485
81020,3.6785714285714284
81031,3.480769230769231
81046,3.769230769230769
81054,3.0806451612903225
81059,3.7916666666666665
81080,2.1714285714285713
81083,3.1012658227848102
81087,3.287878787878788
81090,3.316326530612245
81111,3.1911764705882355
81132,2.9906876790830945
81138,3.3333333333333335
81140,3.0687203791469195
81145,3.375
81156,3.2032730404823426
81158,3.743867243867244
81164,2.7664670658682633
81180,2.606382978723404
81182,3.688888888888889
81191,3.5851318944844124
81195,3.1864406779661016
81229,3.580952380952381
81257,3.7737226277372264
81270,2.27734375
81276,3.4878048780487805
81305,3.2906976744186047
81312,2.5784313725490198
81355,3.580357142857143
81364,2.4727272727272727
81366,3.55
81371,3.730769230769231
81381,3.527027027027027
81383,3.398854961832061
81385,3.53
81403,3.4125
81411,3.4038461538461537
81417,2.83231474407945
81427,1.9230769230769231
81456,3.681547619047619
81495,3.0
81512,3.075214899713467
81516,3.116252821670429
81520,3.4444444444444446
81535,2.704830053667263
81537,3.1781780291753496
81562,3.5961112867530827
81564,3.5636374521072796
81568,3.4345794392523366
81591,3.7993306829047357
81637,2.727272727272727
81639,3.217391304347826
81641,3.357258064516129
81660,2.6538461538461537
81665,3.6743119266055047
81669,3.202127659574468
81671,3.1964285714285716
81673,3.515151515151515
81681,3.423076923076923
81684,3.316666666666667
81698,2.703125
81704,3.5416666666666665
81711,2.7829457364341086
81725,3.425531914893617
81733,3.5
81736,3.9893617021276597
81751,3.5351170568561874
81782,3.4041157847127996
81784,3.297335870599429
81786,3.700573065902579
81788,3.739973556632878
81791,3.1963667820069204
81804,3.405440414507772
81817,3.7866666666666666
81819,3.6482254697286014
81831,3.3846153846153846
81834,3.8444974978192
81845,3.907464674818022
81847,3.7273569803690285
81853,2.71875
81910,3.5692307692307694
81932,3.8245886370692332
81949,2.6055555555555556
81981,3.7876106194690267
81989,3.6931818181818183
82003,4.037037037037037
82005,2.75
82015,3.5853658536585367
82022,2.910891089108911
82037,3.6030927835051547
82041,3.400900900900901
82051,3.5
82053,3.072093023255814
82059,3.5238095238095237
82066,3.3472222222222223
82070,3.3676470588235294
82093,3.1553398058252426
82095,2.281433607520564
82097,3.188888888888889
82102,3.5161290322580645
82143,3.9739336492890995
82150,3.641509433962264
82152,2.9337175792507204
82167,3.3780598368087036
82169,3.284366576819407
82173,3.1715867158671585
82202,3.050655976676385
82240,3.1311475409836067
82242,3.398162327718224
82244,3.0470383275261326
82274,3.7115384615384617
82280,3.826923076923077
82300,3.2
82302,3.6363636363636362
82313,3.2903225806451615
82315,3.4833333333333334
82322,3.5285714285714285
82324,3.125
82332,3.2903225806451615
82337,3.609090909090909
82360,3.2672413793103448
82366,2.764705882352941
82378,3.068345323741007
82447,3.1778846153846154
82459,3.7855577871097315
82461,3.292406895644164
82463,3.6467991169977925
82499,2.784394250513347
82527,3.5879518072289156
82534,3.368286445012788
82564,3.3214285714285716
82581,2.2261904761904763
82589,3.515748031496063
82633,3.5945945945945947
82641,3.275
82667,3.8040064970221983
82673,3.4074074074074074
82676,3.2096774193548385
82684,3.222826086956522
82711,3.75
82722,3.36046511627907
82744,3.129496402877698
82749,3.6
82759,3.5086206896551726
82765,3.3535714285714286
82767,3.44022770398482
82770,3.269230769230769
82848,3.8801169590643276
82850,3.347826086956522
82852,2.7160025300442756
82854,2.3504366812227073
82857,3.3793103448275863
82920,3.0428571428571427
82926,3.555045871559633
82928,2.479591836734694
82931,3.335766423357664
82934,3.519230769230769
82976,3.7794117647058822
82978,3.5357142857142856
82980,3.0
83059,3.4
83067,2.6951219512195124
83082,3.7011494252873565
83086,3.3139400921658986
83096,3.5272727272727273
83132,3.7863600628930816
83134,3.8303291536050157
83158,3.2452830188679247
83177,2.028225806451613
83180,3.25
83184,3.71875
83186,3.0555555555555554
83193,3.7872340425531914
83219,3.688087774294671
83222,3.074074074074074
83244,3.2037037037037037
83246,3.0161290322580645
83250,3.21875
83264,3.46218487394958
83266,3.022727272727273
83270,3.5923076923076924
83293,3.8392857142857144
83302,3.4172185430463577
83318,3.701219512195122
83322,3.558333333333333
83332,3.7259615384615383
83349,2.7026972624798713
83359,3.4402985074626864
83361,3.3085106382978724
83369,3.5693012600229097
83374,3.1577946768060836
83411,3.535
83424,3.4357142857142855
83450,3.5892857142857144
83457,3.3805970149253732
83478,2.787128712871287
83480,2.665
83525,3.435233160621762
83531,3.4615384615384617
83535,2.8536585365853657
83538,3.6666666666666665
83540,3.4491525423728815
83560,3.962962962962963
83577,3.2419354838709675
83588,3.5208333333333335
83601,3.176470588235294
83613,2.8031450203843913
83760,2.775
83763,3.414285714285714
83765,3.421875
83777,2.7962962962962963
83796,3.651315789473684
83798,3.5
83803,3.7685512367491167
83807,3.6785714285714284
83827,3.7077464788732395
83835,3.2413793103448274
83837,3.578125
83842,2.8846153846153846
83910,2.607969151670951
83912,2.966666666666667
83923,3.0714285714285716
83962,3.6
83976,3.5818661971830985
84094,3.0714285714285716
84100,3.4
84111,3.6666666666666665
84116,3.84703196347032
84120,3.4
84122,3.4615384615384617
84128,3.520408163265306
84137,3.264044943820225
84150,3.5166666666666666
84152,3.847308868501529
84156,3.93015873015873
84160,3.257142857142857
84173,3.25
84187,3.8736196319018403
84189,3.1239388794567065
84230,3.3783783783783785
84232,3.5256410256410255
84234,3.3860759493670884
84236,3.573170731707317
84238,3.3088235294117645
84242,3.5228571428571427
84246,3.1808510638297873
84248,4.0344827586206895
84260,1.9666666666666666
84273,3.4752747252747254
84304,2.9909090909090907
84312,1.6233031674208145
84374,3.1862681744749595
84387,2.740740740740741
84392,3.7630434782608697
84395,3.028673835125448
84407,3.565
84444,3.7580645161290325
84471,3.6666666666666665
84506,3.421875
84510,2.4838709677419355
84523,3.4705882352941178
84532,3.1904761904761907
84557,2.904255319148936
84570,2.9966442953020134
84601,3.466880341880342
84613,3.0126760563380284
84615,3.196969696969697
84621,2.372093023255814
84637,2.5806270996640537
84663,3.755952380952381
84696,3.064583333333333
84730,3.242424242424242
84732,2.5279329608938546
84738,2.2777777777777777
84770,3.6728395061728394
84772,3.339330808080808
84775,3.7470238095238093
84777,3.3378378378378377
84779,2.8333333333333335
84796,3.6
84799,2.859375
84807,3.066666666666667
84834,2.890909090909091
84844,3.8545081967213113
84855,3.5688073394495414
84857,3.7
84880,3.092857142857143
84884,3.611111111111111
84942,2.6442006269592477
84944,3.376204660942702
84950,3.0879265091863517
84952,3.8143115942028984
84954,3.5518847329355263
84957,3.0972222222222223
84972,3.7162162162162162
84989,3.4875
85007,3.3936567164179103
85012,3.875
85016,3.204301075268817
85020,3.4576176250933535
85022,2.7483361064891847
85025,3.1728813559322036
85056,2.971189979123173
85072,3.392857142857143
85129,3.340909090909091
85131,2.7667261373773417
85133,3.09375
85177,2.75
85179,3.7545281220209725
85190,3.6951219512195124
85211,3.3493150684931505
85213,3.746875
85259,3.723404255319149
85261,2.494360902255639
85268,2.2773722627737225
85278,3.3703703703703702
85295,2.129032258064516
85298,2.7
85305,3.0
85307,3.025
85312,3.9594155844155843
85316,3.7057416267942584
85334,2.778688524590164
85342,3.9829545454545454
85354,3.6731234866828086
85367,3.28664700926706
85372,3.140939597315436
85392,3.1166666666666667
85394,3.7097053726169844
85397,2.742002063983488
85399,2.161392405063291
85401,3.3146067415730336
85412,3.4754157628344178
85414,3.7561383531421253
85438,3.7257194244604315
85510,2.904890531703156
85538,3.6527777777777777
85540,2.977272727272727
85542,3.2758620689655173
85565,3.450592885375494
85763,3.764705882352941
85774,3.989764129951046
85777,3.4274611398963732
85788,3.4553327256153143
85790,3.335125448028674
85796,2.9664
85874,3.0824175824175826
85881,3.659090909090909
85885,3.078846153846154
85987,3.5232558139534884
86000,3.767326732673267
86014,3.25
86028,3.0115384615384615
86057,3.8372093023255816
86059,2.564837905236908
86066,3.6194029850746268
86083,3.7261904761904763
86087,3.8289473684210527
86089,3.8035714285714284
86094,3.2962962962962963
86096,3.391304347826087
86137,3.073529411764706
86142,3.7170818505338077
86166,2.9722222222222223
86190,3.4804477189005385
86206,3.5673076923076925
86233,3.0619047619047617
86237,3.824561403508772
86244,3.1810344827586206
86277,3.4705882352941178
86279,3.625
86286,3.2
86290,3.717013888888889
86293,2.8743760399334444
86295,2.9649330181245075
86298,3.170414391262448
86300,3.235294117647059
86320,3.6611796982167353
86330,3.4864864864864864
86332,3.3218120805369127
86345,3.9618510158013542
86347,3.9574042309891366
86355,2.756521739130435
86377,3.9367319071461084
86380,3.370967741935484
86408,3.2745098039215685
86410,2.536184210526316
86412,3.402439024390244
86432,3.3461538461538463
86436,3.283333333333333
86478,2.557142857142857
86487,3.6016260162601625
86536,3.8684210526315788
86541,3.5135135135135136
86548,3.3751135331516804
86559,2.91025641025641
86572,2.8333333333333335
86574,3.5348837209302326
86593,3.4444444444444446
86604,3.232142857142857
86626,3.025
86628,3.443496801705757
86642,3.2686567164179103
86644,3.4370334697808813
86646,3.5
86668,3.8493150684931505
86715,3.2857142857142856
86721,3.411764705882353
86723,3.7954545454545454
86725,3.01
86728,3.573529411764706
86750,3.54
86762,3.423611111111111
86781,4.048054919908467
86815,3.3621951219512196
86817,3.170689655172414
86833,3.509495136637332
86835,2.8533747090768036
86852,3.1648351648351647
86864,3.210144927536232
86866,2.723684210526316
86880,3.2364468864468865
86882,3.7773820981713184
86884,3.7235494880546076
86892,3.849126034958602
86898,3.4288522012578615
86911,2.9961989230281914
86922,3.4213836477987423
86947,2.730769230769231
86973,3.556603773584906
86982,3.0697674418604652
87004,3.8596153846153847
87028,2.5
87031,2.5925925925925926
87040,3.4682539682539684
87042,3.611940298507463
87079,3.3519108280254777
87081,2.9326923076923075
87100,3.5142857142857142
87105,2.417910447761194
87164,3.6097560975609757
87166,3.15625
87181,3.347826086956522
87192,3.4169199594731507
87194,3.644607843137255
87197,3.5168539325842696
87205,3.076923076923077
87222,3.4994917666192316
87232,3.6971773433079775
87234,3.749484004127967
87264,3.25
87270,3.2423312883435584
87279,3.1538461538461537
87287,3.48
87298,3.201226993865031
87302,3.0543478260869565
87304,3.6753402722177744
87306,3.468889218889219
87356,3.6
87360,3.736842105263158
87383,3.3846153846153846
87392,3.5945945945945947
87413,3.5555555555555554
87430,2.401242236024845
87433,3.3088235294117645
87444,2.4642857142857144
87469,3.1375
87483,2.8399602385685885
87485,2.847521551724138
87520,2.6837837837837837
87522,3.043630017452007
87529,2.694811320754717
87608,2.982142857142857
87618,3.8333333333333335
87647,3.3292682926829267
87660,3.883419689119171
87761,2.9285714285714284
87785,3.0452961672473866
87790,3.3552631578947367
87792,3.2222222222222223
87867,2.450087565674256
87869,3.331647498960787
87876,2.7463857909954563
87882,2.7857142857142856
87909,2.6097560975609757
87911,3.032258064516129
87930,3.5208333333333335
87992,3.265625
88015,3.369047619047619
88022,3.7755905511811023
88024,3.292682926829268
88051,3.466666666666667
88067,3.3793103448275863
88069,3.6547619047619047
88108,3.211590296495957
88114,2.8461538461538463
88118,3.4113573407202216
88125,3.89653021068292
88127,3.2627551020408165
88129,3.850415135429427
88131,3.4318181818181817
88133,3.4464285714285716
88140,3.4783249158249157
88163,3.752934472934473
88179,3.5351837372947617
88192,3.1621621621621623
88194,2.858695652173913
88235,3.7879161528976573
88237,2.892857142857143
88248,2.8676470588235294
88267,3.4182027649769586
88270,2.723684210526316
88272,2.9801136363636362
88276,3.7142857142857144
88299,3.2777777777777777
88339,3.524193548387097
88356,2.3726635514018692
88380,2.7455357142857144
88405,3.290692906929069
88425,2.9516129032258065
88468,2.412037037037037
88495,3.207792207792208
88566,3.4019607843137254
88572,1.4807692307692308
88574,3.3214285714285716
88589,3.0089285714285716
88593,3.6627906976744184
88640,3.6538461538461537
88646,3.5
88672,3.206770833333333
88674,2.125
88704,3.413793103448276
88706,2.9451219512195124
88724,3.6132075471698113
88744,3.540820791039552
88746,3.2852941176470587
88764,1.4482758620689655
88785,3.1077821011673152
88810,3.885010266940452
88812,3.0674872665534805
88835,2.760869565217391
88837,3.5583941605839415
88839,3.4411764705882355
88879,3.032710280373832
88889,3.5616438356164384
88911,3.797029702970297
88932,2.941690962099125
88950,3.422178988326848
88954,3.0509461426491993
88991,3.4583333333333335
89000,3.4702380952380953
89002,1.9323607427055702
89021,3.171875
89028,2.833898305084746
89030,3.1597690086621752
89039,3.50531914893617
89047,3.495361781076067
89056,3.9285714285714284
89060,3.0875912408759123
89072,3.3253164556962025
89074,3.1660649819494586
89085,3.4964028776978417
89087,3.2483349191246433
89090,3.9220183486238533
89102,3.411255411255411
89118,3.766096352994147
89139,2.4705882352941178
89164,2.8536585365853657
89170,3.19375
89190,2.6432225063938617
89194,2.98125
89203,3.316666666666667
89208,2.361111111111111
89217,2.860655737704918
89260,3.6658291457286434
89281,1.6966019417475728
89302,3.4972222222222222
89305,3.3146853146853146
89321,3.125
89337,3.768595041322314
89343,3.165236051502146
89347,3.484375
89356,3.7358490566037736
89367,3.086206896551724
89369,3.5
89371,3.2903225806451615
89377,2.71875
89386,3.6638655462184873
89388,2.7379679144385025
89427,2.1565656565656566
89449,3.244186046511628
89470,3.509205313446749
89472,3.213709677419355
89480,2.898976982097187
89490,2.994871794871795
89492,3.9055594223072907
89535,3.5782747603833864
89554,3.9192439862542954
89570,3.435251798561151
89580,3.3405797101449277
89582,3.5294117647058822
89584,3.55
89590,3.5535714285714284
89629,3.4771428571428573
89638,3.5390625
89650,3.0327868852459017
89678,3.714828897338403
89720,2.3684210526315788
89722,2.6724137931034484
89745,3.7407164939079833
89753,3.6304917078847834
89759,3.9756435643564356
89761,3.185522531160115
89767,3.293103448275862
89774,3.9201708278580814
89804,3.5493869209809263
89837,3.36443661971831
89840,3.1871476888387824
89846,3.7344632768361583
89848,2.9642857142857144
89862,3.043103448275862
89864,3.7217887588498773
89872,1.7884615384615385
89881,2.6176470588235294
89896,3.8258426966292136
89898,3.5194805194805197
89900,3.780821917808219
89904,3.716478614536867
89924,2.7758620689655173
89930,3.2115384615384617
89945,3.2045454545454546
89961,3.5194805194805197
89963,3.4516129032258065
89969,3.5757575757575757
89983,3.168831168831169
89985,4.094117647058823
89997,3.2661290322580645
90015,3.0
90052,3.2285714285714286
90057,3.681742043551089
90061,3.0338983050847457
90066,2.7142857142857144
90071,3.5873015873015874
90154,3.2293233082706765
90237,3.641304347826087
90241,3.25
90243,3.556603773584906
90245,3.5
90249,3.292979409575788
90254,2.95
90264,3.2241379310344827
90266,3.8358208955223883
90268,3.0604395604395602
90281,3.107142857142857
90306,3.359375
90310,2.8815789473684212
90341,3.962121212121212
90343,3.1004566210045663
90345,3.2551194539249146
90350,3.5380434782608696
90353,3.215909090909091
90357,3.7096774193548385
90364,2.923076923076923
90374,3.5193939393939395
90376,3.688813813813814
90378,3.5393939393939395
90403,2.8466057441253265
90405,3.439972458688032
90413,3.5681818181818183
90421,2.847826086956522
90424,3.422222222222222
90428,3.544491525423729
90430,3.6391402714932126
90434,2.9711538461538463
90439,3.792664946553631
90460,2.5166666666666666
90469,2.816901408450704
90471,3.2954545454545454
90474,3.70625
90476,3.145320197044335
90522,3.190084985835694
90524,2.7859922178988326
90528,3.417827298050139
90531,3.6403702071397093
90576,3.2217223650385605
90578,3.0196850393700787
90592,4.13013698630137
90600,3.8008849557522124
90620,3.326241134751773
90624,3.225925925925926
90630,3.576530612244898
90645,3.349673202614379
90647,3.1379567486950037
90649,3.0918367346938775
90662,3.2291666666666665
90717,3.025386996904025
90719,3.0794633642930855
90730,2.5757575757575757
90738,3.08277027027027
90746,3.4632370213765564
90751,2.3934426229508197
90753,3.6463414634146343
90809,3.743006993006993
90843,3.462962962962963
90863,3.769230769230769
90866,3.5172922471725947
90868,3.239130434782609
90870,2.5654008438818567
90873,2.9078947368421053
90876,3.6216216216216215
90888,2.883658969804618
90890,1.6108108108108108
90914,3.28125
90929,3.419753086419753
90933,2.9923664122137406
90939,2.3968253968253967
90943,3.689814814814815
90947,4.006269592476489
90958,3.1346153846153846
91010,2.9423076923076925
91014,3.4263565891472867
91035,3.2018348623853212
91037,3.257575757575758
91048,3.1555555555555554
91054,2.9516129032258065
91056,2.9705882352941178
91077,3.5493726132024004
91079,3.44633730834753
91094,3.3697813121272366
91104,2.3686302855077703
91126,3.347682119205298
91128,3.069963811821472
91134,3.3369397217928904
91199,3.75
91206,3.206896551724138
91241,3.3394495412844036
91243,2.9
91250,2.3658536585365852
91261,3.4010416666666665
91266,3.3480392156862746
91273,3.315028901734104
91290,3.6115107913669067
91302,3.6
91304,2.920289855072464
91323,2.85030549898167
91325,3.3972939729397296
91335,3.2045454545454546
91351,3.390909090909091
91353,3.108108108108108
91355,3.196078431372549
91371,2.991477272727273
91386,2.7474874371859297
91414,3.405743740795287
91416,3.1013513513513513
91450,3.421875
91474,3.2757847533632285
91483,2.693877551020408
91485,2.95308524173028
91488,3.6199324324324325
91500,3.517514178144212
91505,3.5939393939393938
91515,3.1153846153846154
91529,3.9730002523340904
91535,3.4374629519857733
91537,3.6140350877192984
91540,3.207317073170732
91542,3.719635860797419
91548,3.7009345794392523
91571,3.1563636363636363
91597,3.4761904761904763
91622,3.1332694151486096
91626,2.877049180327869
91628,2.760154738878143
91630,3.6599105963628973
91653,3.3628198149156234
91658,3.8146227535428707
91660,2.55011655011655
91671,2.11
91673,3.1404761904761904
91681,3.362934362934363
91688,2.6785714285714284
91690,3.163173652694611
91694,2.6315789473684212
91697,3.357142857142857
91707,3.3222222222222224
91715,3.3333333333333335
91743,3.6091954022988504
91762,4.009803921568627
91784,3.2058823529411766
91808,3.6377952755905514
91821,3.55327868852459
91823,3.1487603305785123
91826,2.9479166666666665
91831,2.2341040462427744
91842,3.2332942555685813
91844,3.7510460251046025
91858,3.75
91869,3.5935114503816794
91873,2.710144927536232
91886,3.241477272727273
91888,3.549019607843137
91890,3.2254901960784315
91902,3.7729591836734695
91929,3.71875
91935,3.135135135135135
91937,3.0185185185185186
91947,3.157258064516129
91952,2.977777777777778
91957,2.923076923076923
91970,3.6296296296296298
91972,2.8205741626794256
91974,3.278952003522677
91976,3.1901148482362593
91978,3.3415672913117547
92008,3.036279683377309
92048,3.433453237410072
92058,1.839366515837104
92085,3.5185185185185186
92094,3.6645569620253164
92096,3.1228070175438596
92118,3.8017241379310347
92122,3.122950819672131
92152,3.273076923076923
92154,3.2410714285714284
92165,3.453125
92169,3.314814814814815
92184,2.4148936170212765
92192,2.7547169811320753
92198,2.963519313304721
92204,3.5
92210,3.801498127340824
92222,3.838235294117647
92234,2.876315789473684
92243,3.5640625
92259,4.131424156323214
92262,3.3783783783783785
92264,2.8716012084592144
92307,3.160377358490566
92309,3.119700748129676
92314,3.0517241379310347
92335,3.269230769230769
92352,3.895348837209302
92357,3.0576923076923075
92371,3.015625
92374,3.125
92391,3.2914285714285714
92393,3.221774193548387
92420,3.6059441455290804
92422,3.0907335907335907
92437,3.2222222222222223
92439,3.3747714808043874
92448,1.7636363636363637
92461,2.9722222222222223
92475,4.148068669527897
92481,3.560344827586207
92507,3.4427997992975414
92509,3.5719914040114613
92606,3.792452830188679
92637,3.5555555555555554
92643,3.860655737704918
92665,3.1655172413793102
92681,2.851156069364162
92687,3.2142857142857144
92694,3.554029304029304
92696,2.824324324324324
92702,3.8214285714285716
92719,2.893700787401575
92738,3.1911764705882355
92740,3.5256410256410255
92751,3.155844155844156
92768,2.797872340425532
92804,3.6666666666666665
92817,3.19375
92819,3.2410714285714284
92829,2.4780701754385963
92841,3.35
92894,3.6551724137931036
92904,3.91044776119403
92910,3.793103448275862
92920,3.4146981627296586
92923,2.518867924528302
92938,2.257168458781362
92944,3.152173913043478
92954,3.8435374149659864
92966,2.994186046511628
93014,3.1323529411764706
93022,3.274193548387097
93024,2.911764705882353
93040,4.129263913824057
93061,3.6744186046511627
93116,3.435483870967742
93126,2.6027397260273974
93142,2.884
93164,3.574344023323615
93172,2.3981481481481484
93193,2.9148936170212765
93208,3.1875
93212,3.3321917808219177
93240,3.4818840579710146
93242,3.1666666666666665
93265,3.705
93267,3.3870967741935485
93270,3.2171658986175116
93272,3.0934225844004657
93287,3.123318385650224
93297,3.472711267605634
93320,3.5851063829787235
93324,3.79
93326,3.158413055711874
93328,3.106060606060606
93330,3.15625
93363,3.1593630919978226
93404,3.8444444444444446
93418,3.1354166666666665
93420,3.7875
93422,3.7124352331606216
93432,3.5668316831683167
93443,3.350835322195704
93467,3.629032258064516
93473,3.3796296296296298
93475,3.367986798679868
93490,3.574074074074074
93496,3.418918918918919
93498,3.6210629921259843
93502,3.1327433628318584
93510,3.6287688442211055
93512,3.250338294993234
93552,3.2580645161290325
93563,3.112233445566779
93570,3.5664335664335662
93572,2.5714285714285716
93574,3.544642857142857
93578,3.1153846153846154
93598,3.276536312849162
93610,2.875
93649,3.4038461538461537
93693,2.657458563535912
93700,3.7844827586206895
93717,3.3181818181818183
93721,3.967250730079266
93723,3.1637426900584797
93740,3.4137199434229135
93748,3.4831460674157304
93750,3.4925373134328357
93766,2.7603186097031136
93782,3.640625
93803,2.6587301587301586
93805,3.0893599334995843
93819,3.293577981651376
93821,3.6470588235294117
93831,3.085774058577406
93838,3.8141456582633055
93840,3.651577634986094
93842,3.465686274509804
93855,3.5700667302192564
93865,3.21
93892,3.6490384615384617
93921,2.9027777777777777
93933,3.4380952380952383
93939,3.756521739130435
93946,2.8548387096774195
93952,2.8333333333333335
93954,2.8176100628930816
93980,2.411764705882353
93982,3.0414201183431953
93988,4.028865979381443
94005,3.206896551724138
94015,2.95124593716143
94018,2.723102002794597
94024,3.943548387096774
94061,2.914285714285714
94068,3.3194444444444446
94070,3.7253602305475506
94074,3.622448979591837
94112,2.7903225806451615
94122,3.119565217391304
94126,3.6379310344827585
94130,3.4035087719298245
94266,3.0725152129817443
94271,3.5285714285714285
94278,3.71875
94289,3.261904761904762
94314,2.8815789473684212
94323,3.208920187793427
94325,3.509544787077827
94401,3.6666666666666665
94405,3.289532293986637
94410,3.8069306930693068
94412,3.3666666666666667
94444,2.3365384615384617
94469,3.6868131868131866
94478,2.8825665859564165
94480,2.2427745664739884
94494,2.8620689655172415
94503,3.4184782608695654
94542,3.1666666666666665
94558,3.2592024539877302
94649,3.51
94663,3.6875
94675,3.0930232558139537
94677,3.1797230036788573
94733,2.8392857142857144
94739,3.45
94746,3.207547169811321
94752,3.69281045751634
94777,3.3493150684931505
94780,2.857487922705314
94799,3.433874709976798
94803,2.663265306122449
94810,3.643312101910828
94813,2.6666666666666665
94815,3.4879518072289155
94833,3.288908765652952
94837,3.0084745762711864
94841,3.1301369863013697
94864,3.3710886429007236
94867,2.9601769911504423
94896,3.446231617647059
94900,2.91025641025641
94919,3.0
94931,3.5547445255474455
94939,3.697604790419162
94953,2.9652317880794703
94959,3.969012731203459
94965,2.7962962962962963
94967,2.7395833333333335
94969,3.8548387096774195
94978,3.6494252873563218
94985,3.3976545842217485
94998,2.588888888888889
95002,3.0416666666666665
95007,3.257142857142857
95034,2.8055555555555554
95058,2.739795918367347
95067,3.036231884057971
95069,3.193877551020408
95088,3.554367524465386
95105,3.1507164790174
95133,3.125
95135,3.5288220551378444
95157,2.9722222222222223
95165,2.9634146341463414
95167,3.4929262086513995
95182,3.066666666666667
95197,2.789156626506024
95199,3.0
95201,3.2890173410404624
95207,2.8450479233226837
95218,3.8520408163265305
95223,2.962962962962963
95237,3.143884892086331
95296,3.142857142857143
95298,3.6153846153846154
95300,3.4743589743589745
95307,2.8846153846153846
95309,3.4203771608171816
95311,3.9350961538461537
95375,3.414860681114551
95441,3.1355754684045154
95443,3.5029411764705882
95449,3.005972696245734
95461,3.5833333333333335
95488,3.010452961672474
95506,2.9444444444444446
95508,3.1435643564356437
95510,3.2404882688649335
95531,3.7857142857142856
95543,3.1647948164146866
95558,3.65379113018598
95567,3.5353159851301115
95570,2.962962962962963
95583,3.026360544217687
95604,4.011764705882353
95615,3.6052631578947367
95624,3.269230769230769
95654,3.9487632508833923
95670,2.722972972972973
95720,2.7875
95744,3.0729166666666665
95754,3.4468085106382977
95756,3.3142857142857145
95761,3.3948362720403025
95773,3.290909090909091
95796,1.5
95804,3.364130434782609
95816,3.263157894736842
95839,3.52
95856,3.488668555240793
95858,3.9306987399770903
95873,3.646724598930481
95875,3.153904473085671
95939,3.580971659919028
95971,3.5588235294117645
95973,3.7903225806451615
96002,3.2545454545454544
96020,3.795275590551181
96052,3.284090909090909
96054,3.433333333333333
96064,2.5
96066,2.4069767441860463
96075,3.9086538461538463
96079,3.74167608996105
96096,3.328125
96098,3.55
96110,3.0659519168291096
96114,2.9420289855072466
96121,3.0716374269005846
96150,3.61
96181,3.1714285714285713
96195,2.6923076923076925
96197,3.3372093023255816
96214,3.0
96239,2.888888888888889
96252,3.4193548387096775
96281,3.4564831261101245
96283,3.0945945945945947
96302,3.6728971962616823
96304,3.567901234567901
96306,3.1951219512195124
96314,3.385286783042394
96367,3.1185344827586206
96373,3.6867088607594938
96401,3.689189189189189
96407,3.0
96411,3.6584158415841586
96413,3.8271028037383177
96415,3.0634920634920637
96417,3.2361990950226245
96419,3.588888888888889
96421,3.3076923076923075
96428,3.5
96430,3.1807432432432434
96432,3.5401273885350317
96448,2.029816513761468
96456,2.472027972027972
96460,3.472972972972973
96467,3.263157894736842
96471,3.712962962962963
96473,3.7916666666666665
96486,3.703125
96488,3.993886230728336
96490,2.879370629370629
96501,3.3537414965986394
96510,2.0844155844155843
96512,3.0714285714285716
96520,3.717741935483871
96563,3.843137254901961
96565,2.8678678678678677
96567,3.4320843091334896
96569,3.3444444444444446
96578,3.5535714285714284
96588,3.5149181905678537
96590,2.517123287671233
96592,3.2666666666666666
96596,2.4663461538461537
96606,4.071128241065172
96608,3.265957446808511
96610,3.6541864764923404
96612,3.276570048309179
96616,2.618483412322275
96621,2.75
96629,2.38
96631,2.7903225806451615
96634,2.7393617021276597
96644,3.5135135135135136
96655,3.6682872101720267
96664,3.4066666666666667
96667,3.546153846153846
96687,3.2280701754385963
96691,2.939494280553883
96693,3.2364864864864864
96700,3.1262626262626263
96726,3.098360655737705
96728,3.64967845659164
96737,3.6201914554157066
96751,3.3757009345794393
96762,3.1875
96801,2.5517241379310347
96811,3.790782388343364
96815,3.1798349056603774
96821,3.834039826498423
96829,4.0947327044025155
96832,3.6012024048096194
96834,3.4307692307692306
96849,2.986111111111111
96853,3.0283018867924527
96857,3.1915367483296215
96861,3.1408376963350784
96863,2.9507042253521125
96868,3.890909090909091
96897,3.103448275862069
96911,3.713221601489758
96917,2.845088161209068
96941,2.5238095238095237
96945,3.22972972972973
96952,3.5
96964,2.869387755102041
96966,4.007042253521127
96969,3.5833333333333335
96975,2.83710407239819
96991,3.482269503546099
97002,3.395348837209302
97024,3.6904411764705882
97046,2.3783783783783785
97051,2.9857142857142858
97057,3.549484536082474
97059,2.967391304347826
97065,3.511278195488722
97132,3.6666666666666665
97168,3.5969387755102042
97172,3.275172943889316
97175,3.395348837209302
97186,3.3833333333333333
97188,3.5421588594704683
97194,3.849514563106796
97225,3.4402660874287267
97232,3.0164473684210527
97242,2.740740740740741
97244,3.269230769230769
97256,3.453125
97280,3.313953488372093
97302,3.4338235294117645
97304,3.7685320951449985
97306,3.658601014370245
97308,2.90625
97311,3.2823529411764705
97324,2.7606837606837606
97326,3.466666666666667
97328,3.392512077294686
97388,3.3055555555555554
97390,2.5714285714285716
97393,3.9126506024096384
97395,3.7323232323232323
97397,3.8518518518518516
97401,3.413793103448276
97423,3.5384615384615383
97455,3.5595238095238093
97462,2.408333333333333
97470,2.3860759493670884
97593,3.0535714285714284
97639,3.8421052631578947
97643,2.55
97662,2.8055555555555554
97665,2.781954887218045
97673,4.014583333333333
97692,3.3545454545454545
97694,2.3974358974358974
97697,2.925925925925926
97699,3.171875
97701,2.4422657952069717
97709,3.141304347826087
97715,2.6774193548387095
97740,2.7096774193548385
97742,2.6320224719101124
97744,3.7884615384615383
97752,3.566213096829061
97757,3.0833333333333335
97779,3.553030303030303
97785,2.539408866995074
97797,3.239130434782609
97826,3.53125
97832,3.4869281045751634
97834,3.088888888888889
97836,3.0616246498599438
97858,3.1714285714285713
97860,3.242096505823627
97866,3.7595744680851064
97868,3.5405405405405403
97870,3.5779510022271714
97880,3.5714285714285716
97895,3.1710526315789473
97904,3.4146341463414633
97908,3.0779816513761467
97913,3.6951052150045745
97921,3.7026661926768574
97923,3.6258657750179126
97933,3.6346153846153846
97936,3.390326209223847
97938,3.6737239921976594
97946,2.6866666666666665
97950,2.796448087431694
97957,3.2388392857142856
97959,3.75
97966,2.525
97968,1.9054054054054055
97984,3.9242424242424243
97986,3.183333333333333
97988,3.140926640926641
97998,2.638888888888889
98000,2.7264150943396226
98013,2.9214285714285713
98017,3.6737967914438503
98019,3.308641975308642
98036,3.364864864864865
98054,2.668859649122807
98056,3.8464566929133857
98061,3.3653846153846154
98065,3.5833333333333335
98087,3.046153846153846
98107,2.810344827586207
98109,2.948717948717949
98116,2.1777777777777776
98122,3.729202037351443
98126,3.392156862745098
98154,3.6379310344827585
98175,2.875
98189,3.0652173913043477
98193,3.6596638655462184
98198,3.8176100628930816
98203,2.5495234148363033
98230,2.9060402684563758
98237,2.9642857142857144
98239,2.7248322147651005
98243,3.5016920473773268
98246,2.35
98279,3.0789473684210527
98296,3.0137614678899083
98361,3.3695121951219513
98373,3.2635869565217392
98381,1.9603174603174602
98400,3.2465753424657535
98402,3.0
98485,3.44
98491,4.107990506329114
98499,3.057142857142857
98552,3.042372881355932
98570,3.1491228070175437
98585,3.290969899665552
98587,3.6454545454545455
98604,3.8154145077720205
98607,3.8187772925764194
98623,3.2439024390243905
98629,3.238095238095238
98631,3.5606060606060606
98633,3.0441176470588234
98755,2.803030303030303
98759,3.274193548387097
98797,3.545714285714286
98809,3.62555769926444
98836,3.017699115044248
98838,2.455223880597015
98852,3.3875
98922,3.564516129032258
98956,3.671875
98961,3.7127340162486755
98963,3.604651162790698
98973,3.7846153846153845
98975,3.177725118483412
98981,3.1652542372881354
98983,2.9038461538461537
98985,3.5197368421052633
98994,3.0892857142857144
99007,3.294602012808783
99024,2.85
99030,3.4280575539568345
99041,2.91025641025641
99045,3.688888888888889
99047,3.090909090909091
99058,3.2204301075268815
99061,2.703125
99087,2.9210526315789473
99106,2.8340248962655603
99108,2.685185185185185
99110,3.151898734177215
99112,3.532404540763674
99114,4.033104988830975
99117,3.1609388097233864
99124,2.7738095238095237
99143,3.4607843137254903
99145,3.591997479521109
99149,3.5289197618372556
99178,3.2
99191,3.293103448275862
99217,3.209090909090909
99220,3.388888888888889
99222,2.486111111111111
99246,2.8452380952380953
99258,3.1607142857142856
99305,3.699421965317919
99351,2.189655172413793
99367,3.0865384615384617
99371,2.7158469945355193
99373,3.0714285714285716
99402,3.4038461538461537
99413,3.328767123287671
99415,3.0607142857142855
99434,3.5166666666666666
99437,3.4172099087353325
99468,3.8015873015873014
99470,3.222049689440994
99487,2.3125
99502,2.896551724137931
99530,3.5704225352112675
99537,3.3676470588235294
99574,3.2542662116040955
99602,3.5277777777777777
99613,3.107142857142857
99633,2.930379746835443
99636,3.7222222222222223
99638,3.625
99640,3.392857142857143
99642,3.310344827586207
99669,2.789473684210526
99675,3.3035714285714284
99695,2.9324324324324325
99721,2.5872641509433962
99728,3.158736349453978
99731,2.5277777777777777
99741,3.146039603960396
99746,2.697674418604651
99750,3.326923076923077
99764,4.077134986225896
99787,2.356164383561644
99795,3.6455696202531644
99811,3.6666666666666665
99839,3.6025641025641026
99841,3.6120689655172415
99843,3.590909090909091
99846,3.4722222222222223
99906,3.1315789473684212
99910,3.072927072927073
99912,3.136806596701649
99917,3.590715502555366
99957,2.9870689655172415
99964,3.5921052631578947
99968,3.080808080808081
99986,3.6695652173913045
99992,3.147727272727273
99996,3.4726775956284155
100017,3.04
100034,3.116279069767442
100044,4.181726907630522
100046,3.7325581395348837
100058,3.4305555555555554
100060,3.7868852459016393
100062,3.6328125
100075,2.7142857142857144
100083,2.3747072599531616
100087,2.8823529411764706
100106,3.788184438040346
100108,3.157994923857868
100138,3.8488372093023258
100150,3.4615384615384617
100159,3.371468926553672
100163,2.954570484581498
100169,2.9959016393442623
100185,3.539473684210526
100194,3.675531914893617
100196,3.85
100205,2.8854166666666665
100238,3.3142857142857145
100244,3.3820224719101124
100270,3.75
100272,3.7590909090909093
100277,3.5866666666666664
100302,3.2739726027397262
100304,3.13265306122449
100322,3.1867469879518073
100326,3.0787781350482315
100336,3.660919540229885
100344,3.7097902097902096
100359,2.8347826086956522
100383,3.5255731922398588
100390,2.9296351451973193
100397,2.667539267015707
100401,3.046875
100426,3.44
100436,3.8120567375886525
100438,2.269230769230769
100440,3.5614525139664805
100442,3.217948717948718
100444,3.3518518518518516
100469,2.8391812865497075
100485,3.3135593220338984
100487,3.2555066079295156
100498,2.5544239338001273
100507,3.109030837004405
100509,3.8726415094339623
100511,3.9307692307692306
100513,2.897727272727273
100515,3.4
100527,3.590805902383655
100529,2.7395833333333335
100538,3.4
100556,4.021378708551484
100579,2.668918918918919
100581,3.100852272727273
100611,2.5995934959349594
100714,3.971680302076778
100717,3.1666666666666665
100737,3.0559796437659035
100745,3.6594427244582044
100810,3.2777777777777777
100843,3.7745098039215685
100882,3.5764705882352943
100906,3.1140350877192984
101003,3.4166666666666665
101025,2.9911131898971
101060,2.55625
101070,3.7610619469026547
101074,3.5594594594594593
101076,2.7257709251101323
101079,3.6619718309859155
101088,3.4293193717277486
101097,3.0841584158415842
101106,3.7338709677419355
101112,2.8659274193548385
101137,3.215568862275449
101142,3.3612381287372495
101170,3.0875
101186,3.4141791044776117
101207,3.165137614678899
101210,3.4166666666666665
101218,3.3839285714285716
101222,2.727272727272727
101243,2.9464285714285716
101258,2.8195876288659796
101260,3.091463414634146
101262,3.299382716049383
101273,2.9594594594594597
101281,2.895631067961165
101283,2.762350936967632
101285,3.0063527653213753
101296,3.1432432432432433
101360,3.447478991596639
101362,3.2173004596740493
101413,3.078125
101415,3.6296875
101425,3.776315789473684
101498,3.6655844155844157
101525,3.687029738445002
101527,3.5739130434782607
101529,3.25
101531,2.966666666666667
101577,3.1699623352165727
101597,3.5
101599,2.7777777777777777
101612,2.8692307692307693
101640,3.2710280373831777
101653,3.641025641025641
101670,3.263157894736842
101687,2.9134615384615383
101710,3.106382978723404
101719,3.2023809523809526
101739,3.321922544951591
101741,3.3097165991902835
101747,2.6481481481481484
101756,2.8333333333333335
101761,2.8439153439153437
101763,3.2302631578947367
101765,3.3658536585365852
101850,3.955737704918033
101864,3.614161019869071
101880,3.2195121951219514
101884,2.2413793103448274
101891,3.8
101893,3.065610859728507
101895,3.7110576923076923
101904,3.654320987654321
101942,3.1488095238095237
101962,4.010586319218241
101964,3.9074074074074074
101969,3.730769230769231
101971,3.608433734939759
101973,3.616554054054054
101997,2.1263736263736264
102005,3.463768115942029
102033,3.1451612903225805
102062,3.60625
102066,3.5
102070,3.276639344262295
102072,3.1616379310344827
102088,3.14797507788162
102111,3.310344827586207
102123,3.2761976047904193
102125,3.4691833590138677
102152,3.0961538461538463
102160,2.9047619047619047
102194,3.6602902374670183
102245,3.0714285714285716
102263,3.2777777777777777
102286,3.2704918032786887
102294,3.7714285714285714
102354,2.4315068493150687
102356,2.972972972972973
102378,3.1420454545454546
102396,2.8289473684210527
102407,3.4928789420142423
102445,3.6971554224759053
102469,3.0961538461538463
102481,3.121763931548925
102485,3.8815789473684212
102517,3.564516129032258
102535,3.5555555555555554
102557,2.823529411764706
102588,3.7547892720306515
102590,3.3548387096774195
102596,3.6323529411764706
102602,3.9065656565656566
102604,3.1136363636363638
102662,2.4193548387096775
102666,4.054886211512717
102677,2.5833333333333335
102682,2.8125
102684,3.125779625779626
102686,2.9394736842105265
102716,3.243222427603204
102720,3.1677852348993287
102747,3.182926829268293
102753,3.816666666666667
102760,3.231707317073171
102798,3.2017543859649122
102800,3.7738246505717914
102819,3.381962864721485
102823,3.9423076923076925
102826,3.5
102854,2.3679245283018866
102856,3.25
102880,2.2694201312910285
102903,3.6225859098739686
102905,3.083673469387755
102941,3.151315789473684
102956,3.367088607594937
102989,3.625
102991,2.9690265486725664
102993,3.7772206303724927
103017,3.791011235955056
103027,3.3784722222222223
103030,3.6
103042,3.091607643993051
103048,3.6623563218390807
103050,3.349056603773585
103055,2.753787878787879
103057,3.7708333333333335
103059,3.5231481481481484
103075,2.9751809720785936
103083,3.3275862068965516
103085,2.7794117647058822
103105,2.6481481481481484
103107,3.632
103120,2.359375
103137,2.8286219081272086
103141,3.4666516786570742
103203,3.3515625
103210,3.5865724381625443
103219,2.9948979591836733
103221,2.727272727272727
103228,3.3321076903901283
103249,3.2881555988915117
103253,3.2767175572519083
103255,3.4711538461538463
103259,2.87
103269,3.532258064516129
103273,2.802325581395349
103275,3.413265306122449
103279,3.7018181818181817
103299,3.3262548262548264
103306,3.4174830444611906
103315,3.3974358974358974
103335,3.504572473708276
103339,3.2374618403837765
103341,3.5460039689698717
103366,3.122905027932961
103372,3.3184961106309423
103384,2.9326086956521737
103444,3.323529411764706
103449,2.75968992248062
103474,3.4926470588235294
103483,3.11228813559322
103506,2.5588235294117645
103521,3.369047619047619
103525,3.45
103534,3.6714285714285713
103539,3.6211063372717507
103541,3.3137254901960786
103543,2.819327731092437
103547,2.336206896551724
103549,3.683246073298429
103554,3.6129032258064515
103561,3.3653846153846154
103606,3.8126614987080103
103621,3.348360655737705
103624,3.649019607843137
103639,3.85
103651,3.032258064516129
103655,2.819753086419753
103657,2.7580645161290325
103661,3.618181818181818
103665,3.2916666666666665
103685,3.3775100401606424
103688,3.6801290827302955
103721,2.557471264367816
103727,2.8026315789473686
103736,3.4662162162162162
103755,2.962686567164179
103772,3.2194014447884416
103801,3.2266355140186915
103810,3.4586939417781273
103816,3.2578947368421054
103819,3.139344262295082
103825,2.574468085106383
103849,3.772307692307692
103867,3.5032467532467533
103873,3.4310344827586206
103883,3.3301825293350715
103972,3.0930232558139537
103980,3.6121709271270506
103982,2.9126984126984126
103984,3.9573584905660377
104072,3.923076923076923
104074,2.919435215946844
104076,2.3725806451612903
104078,3.5123873873873874
104085,3.0277777777777777
104089,3.2439024390243905
104093,3.625
104097,2.951388888888889
104099,3.0806451612903225
104135,2.6666666666666665
104137,3.1806930693069306
104155,3.1538461538461537
104177,3.6774193548387095
104211,3.494197124545297
104218,2.520316027088036
104231,3.402439024390244
104233,3.418918918918919
104241,3.135046728971963
104243,3.4336154456492993
104245,2.607142857142857
104272,3.8401937046004844
104274,2.868131868131868
104283,3.943217665615142
104298,2.727272727272727
104303,3.114723926380368
104312,3.1064102564102565
104319,3.539473684210526
104321,2.926829268292683
104337,3.5123655913978493
104339,3.3449197860962565
104350,3.598901098901099
104356,3.6184210526315788
104361,3.2832167832167833
104374,3.9806629834254146
104379,2.9870689655172415
104384,3.6578947368421053
104386,3.119047619047619
104390,3.392156862745098
104392,3.0948275862068964
104406,3.521276595744681
104408,2.971014492753623
104423,3.6857142857142855
104431,3.18
104441,3.064516129032258
104457,3.4696180555555554
104518,2.8181818181818183
104520,3.708
104552,2.232142857142857
104561,2.769230769230769
104576,3.0
104583,3.3732394366197185
104590,2.640625
104608,2.8653846153846154
104631,3.25
104636,3.925373134328358
104669,3.1382978723404253
104671,1.7592592592592593
104685,3.3227848101265822
104712,3.7236180904522613
104728,2.4047619047619047
104733,2.826923076923077
104736,3.0371621621621623
104757,3.607142857142857
104760,2.2
104762,2.5428571428571427
104807,3.7083333333333335
104829,3.361111111111111
104841,3.600736044699941
104863,3.5005422993492408
104867,3.392857142857143
104875,3.4653465346534653
104879,4.044535039735782
104881,3.3338301043219074
104883,3.272727272727273
104903,3.5135135135135136
104906,3.2570281124497993
104908,3.3910969793322736
104913,3.8803418803418803
104920,3.7615384615384615
104925,3.184143222506394
104944,3.998211091234347
104947,2.85
104975,3.3142857142857145
104998,3.316326530612245
105011,3.857142857142857
105028,3.4285714285714284
105037,3.033007334963325
105049,3.1607142857142856
105053,2.811111111111111
105086,2.767857142857143
105128,3.244186046511628
105130,3.5
105133,2.9936708860759493
105159,3.2697368421052633
105193,3.2857142857142856
105197,3.739342265529842
105204,2.2580645161290325
105206,3.2209302325581395
105211,3.475397973950796
105213,3.1294024535021765
105217,2.7704918032786887
105227,3.8333333333333335
105246,3.453917050691244
105250,4.221662468513854
105252,2.5892857142857144
105254,3.008403361344538
105302,3.4642857142857144
105340,3.861904761904762
105343,3.8488372093023258
105345,2.8703703703703702
105351,2.838129496402878
105355,3.743496801705757
105364,3.2857142857142856
105375,3.2857142857142856
105420,3.423469387755102
105429,3.838709677419355
105468,3.209242618741977
105477,3.2289156626506026
105504,3.7890594254230616
105519,3.16046511627907
105531,3.240506329113924
105585,2.940690690690691
105593,3.6259808195292065
105597,3.0384615384615383
105608,3.473684210526316
105620,2.8125
105653,3.3631525595539786
105703,3.4936708860759493
105715,3.01875
105731,2.8162768031189085
105742,3.1216666666666666
105755,2.754385964912281
105769,3.322314049586777
105778,3.521276595744681
105799,3.3197674418604652
105801,2.437007874015748
105811,2.78
105813,2.646551724137931
105835,3.4613196814562004
105837,2.9363636363636365
105844,3.888875986994891
105855,3.3833333333333333
105863,3.3863636363636362
105869,3.488943488943489
105943,3.8181818181818183
105952,3.4827586206896552
105954,3.486013986013986
105972,2.9423076923076925
106002,3.3724235963041935
106011,3.7582582582582584
106022,3.352861035422343
106030,2.877329192546584
106062,2.97864768683274
106072,3.1922020539765943
106094,2.9468085106382977
106100,3.9100676113735298
106109,3.5234375
106111,3.6122448979591835
106138,2.7596153846153846
106144,3.6176470588235294
106163,3.5436241610738257
106195,3.3205128205128207
106204,3.610169491525424
106212,3.6627906976744184
106234,3.383116883116883
106236,3.5057471264367814
106240,2.6144578313253013
106243,2.8870967741935485
106300,2.8125
106330,3.2055137844611528
106332,3.7567567567567566
106421,3.2435897435897436
106438,3.7433501078360893
106441,3.7338501291989665
106443,3.17
106452,3.75
106471,3.5833333333333335
106473,3.335526315789474
106487,3.502669476642079
106489,3.5907414829659317
106491,3.0415492957746477
106498,2.8333333333333335
106503,3.7976190476190474
106508,2.9185185185185185
106540,3.074681238615665
106542,3.2261904761904763
106559,2.6530612244897958
106624,3.625
106696,3.44811072056239
106762,3.6494252873563218
106766,3.7428622412562453
106782,3.9438314944834505
106785,3.286127167630058
106839,3.3076923076923075
106841,3.4977203647416415
106848,2.638888888888889
106852,3.4183673469387754
106870,2.778409090909091
106879,2.4166666666666665
106881,3.0
106883,2.478723404255319
106889,3.979338842975207
106892,3.896551724137931
106895,3.4393939393939394
106916,3.5341947683580206
106918,3.702618883528601
106920,3.9074873601090725
106927,2.7948717948717947
106983,3.601063829787234
107000,3.6
107004,2.8518518518518516
107024,3.6285714285714286
107042,3.7976190476190474
107052,3.5793650793650795
107061,4.03125
107069,3.7252032520325202
107081,3.6956521739130435
107083,3.3455882352941178
107117,3.8195876288659796
107130,3.9356060606060606
107137,2.9017857142857144
107141,3.6244725738396624
107159,3.3026315789473686
107185,3.185185185185185
107188,3.3653846153846154
107196,3.63
107274,3.5
107304,3.549019607843137
107306,3.738095238095238
107314,2.8260489510489513
107334,3.7666666666666666
107348,2.9699021820917983
107354,3.206896551724138
107359,2.8448275862068964
107368,3.3378378378378377
107380,3.5714285714285716
107406,3.546587775735294
107408,3.9148936170212765
107410,3.830246913580247
107412,4.046835443037975
107426,3.1666666666666665
107436,3.110810810810811
107447,3.2232142857142856
107462,2.9696969696969697
107477,3.595744680851064
107537,3.3783783783783785
107541,3.0365853658536586
107557,2.5694444444444446
107563,3.0789473684210527
107565,3.4157894736842107
107625,2.8085106382978724
107630,3.141304347826087
107649,3.5473933649289098
107653,3.493150684931507
107658,2.859375
107682,2.923076923076923
107684,1.7727272727272727
107700,3.658536585365854
107702,3.012962962962963
107707,3.2447916666666665
107723,3.0256410256410255
107737,3.01
107756,2.6991150442477876
107769,2.7715827338129495
107771,3.731820826061664
107883,3.8860544217687076
107910,3.5301204819277108
107916,3.242424242424242
107949,3.2338709677419355
107953,3.248
107958,2.5555555555555554
107987,2.643835616438356
108041,3.4015151515151514
108056,3.3823529411764706
108078,3.5760233918128654
108085,2.85
108143,3.2916666666666665
108156,3.190830235439901
108188,3.2484254723582926
108190,3.2239600665557404
108200,2.7967032967032965
108202,3.4705882352941178
108212,3.274193548387097
108220,3.8207547169811322
108243,2.1904761904761907
108289,3.198529411764706
108318,2.94
108445,3.3404255319148937
108447,2.764705882352941
108466,3.0
108506,2.526315789473684
108514,3.7183098591549295
108566,3.8260869565217392
108571,3.439655172413793
108575,3.2613636363636362
108579,2.7783018867924527
108599,3.0288461538461537
108647,3.514925373134328
108660,3.518867924528302
108689,2.4532442748091605
108715,3.1721311475409837
108727,3.577889447236181
108729,3.5937797524595365
108760,3.4153225806451615
108778,3.5114285714285716
108780,3.369649805447471
108787,3.5552325581395348
108791,3.588235294117647
108797,3.1587301587301586
108811,1.8611111111111112
108825,3.6020408163265305
108864,3.1704545454545454
108871,3.22
108873,3.6666666666666665
108879,3.0268456375838926
108899,3.282608695652174
108928,3.0481927710843375
108932,3.6664587930538235
108945,2.8828759180517975
108949,3.220720720720721
108977,3.884272997032641
108981,3.5252904989747096
108983,3.872478386167147
109027,3.129032258064516
109042,2.782967032967033
109072,2.718430034129693
109096,2.9655172413793105
109153,3.6923076923076925
109157,3.2882882882882885
109181,3.2245989304812834
109183,3.121212121212121
109185,3.660377358490566
109187,3.2665890570430736
109189,3.5833333333333335
109191,3.0246710526315788
109197,2.606060606060606
109199,3.0172413793103448
109241,2.581081081081081
109243,3.443502824858757
109265,2.823529411764706
109280,3.5153846153846153
109282,3.0555555555555554
109295,2.8076923076923075
109313,3.0428571428571427
109317,2.6792452830188678
109321,3.1574074074074074
109330,3.1704545454545454
109351,3.4166666666666665
109364,3.759259259259259
109372,3.1201923076923075
109374,4.034414235389757
109376,3.1315789473684212
109388,3.4615384615384617
109390,3.4838709677419355
109399,2.611111111111111
109420,2.7613636363636362
109423,3.1666666666666665
109425,3.1879432624113475
109448,3.375
109450,3.9404761904761907
109452,3.681318681318681
109455,3.53
109457,3.4827586206896552
109461,3.1933333333333334
109463,3.663265306122449
109472,3.050675675675676
109483,3.225219573400251
109485,3.4827586206896552
109487,4.1469718986281805
109569,3.085185185185185
109576,2.532051282051282
109578,3.4681818181818183
109580,3.0588235294117645
109596,3.712121212121212
109607,2.828358208955224
109627,3.561111111111111
109629,3.4556962025316458
109633,3.80367734282325
109673,2.9565124250214225
109675,2.765625
109684,2.8541666666666665
109687,3.8544303797468356
109697,3.6219512195121952
109720,2.768
109723,2.6492537313432836
109728,3.3421052631578947
109733,2.535211267605634
109738,3.0576923076923075
109740,3.479120879120879
109742,3.3106382978723405
109769,3.5060240963855422
109781,3.5555555555555554
109802,3.467948717948718
109810,3.269230769230769
109846,3.1875
109848,3.3974903474903475
109850,2.894148936170213
109853,3.2918781725888326
109864,3.297196261682243
109889,3.93859649122807
109895,3.3130590339892665
109897,3.426829268292683
109925,3.5
109941,2.85
109947,3.4107142857142856
109953,3.883116883116883
109963,3.223684210526316
109968,3.7485207100591715
109971,3.270408163265306
109991,3.4054054054054053
109993,2.514705882352941
110044,3.232142857142857
110102,3.690019058375097
110104,2.8518518518518516
110106,3.171875
110110,3.6650390625
110127,2.7015113350125946
110130,2.8538732394366195
110134,3.717948717948718
110181,2.433333333333333
110194,3.5294117647058822
110273,3.5555555555555554
110281,3.7547169811320753
110295,2.344155844155844
110297,3.097323600973236
110322,2.9345238095238093
110324,3.409090909090909
110328,3.696261682242991
110330,3.3974358974358974
110346,3.1621621621621623
110350,3.4347826086956523
110352,1.9722222222222223
110380,3.2027027027027026
110387,3.568548387096774
110407,3.1976987447698746
110426,3.0163934426229506
110433,2.9583333333333335
110453,3.285862785862786
110461,3.611111111111111
110501,3.7859733978234584
110503,3.7209302325581395
110553,3.0147732478240954
110586,3.7744493392070484
110591,3.410963455149502
110603,2.417004048582996
110611,3.3409893992932864
110655,3.062666666666667
110675,3.610599078341014
110678,3.5673076923076925
110718,3.126829268292683
110730,3.225849731663685
110746,2.7830188679245285
110748,2.7745098039215685
110750,2.877049180327869
110769,3.513157894736842
110771,3.3094294770206023
110773,2.3954545454545455
110796,3.357142857142857
110809,2.8792270531400965
110813,3.0185185185185186
110826,2.7916666666666665
110828,3.047008547008547
110867,2.6052631578947367
110882,3.6380222104706506
110899,2.357894736842105
110968,2.599442379182156
110975,2.814814814814815
111113,3.227413846631481
111130,4.029411764705882
111235,3.8728362183754994
111245,2.844155844155844
111249,3.6666666666666665
111251,3.2452380952380953
111255,3.8207964601769913
111259,2.7364864864864864
111266,3.1714285714285713
111287,3.0208333333333335
111290,3.689655172413793
111303,3.435483870967742
111314,3.5121951219512195
111320,2.9166666666666665
111360,3.1221225126804524
111362,3.697822878228782
111364,2.9722147288912866
111373,2.898550724637681
111375,2.962059620596206
111384,3.735492577597841
111387,3.494134897360704
111389,3.58
111403,3.896551724137931
111443,3.6874740771464123
111551,3.217391304347826
111592,3.564516129032258
111617,3.361512319456245
111622,3.7595155709342563
111624,3.2115384615384617
111630,2.7058823529411766
111647,3.314814814814815
111659,3.3498966748074395
111661,3.1282722513089007
111663,2.6494565217391304
111680,3.3442622950819674
111732,3.8624161073825505
111734,2.747311827956989
111743,3.024585635359116
111757,3.7142857142857144
111759,3.962416140247784
111762,3.4705882352941178
111778,3.7181208053691277
111781,3.6487024359178473
111815,3.3076923076923075
111817,2.546875
111852,3.4482758620689653
111856,2.30327868852459
111913,3.7739726027397262
111921,3.5453172205438066
111924,3.568527918781726
111931,2.5875
112066,3.640845070422535
112070,3.111111111111111
112085,3.104651162790698
112087,3.5542168674698793
112138,3.517887964851718
112171,3.6944998891106677
112175,3.726346153846154
112183,3.7324115140446996
112245,3.60625
112277,2.6083333333333334
112279,3.1785714285714284
112283,2.84375
112288,3.62
112290,3.799373040752351
112293,2.9069767441860463
112303,3.010204081632653
112316,3.353305785123967
112334,3.8623024830699775
112370,2.5254661209640745
112381,3.507575757575758
112399,3.8441295546558703
112404,3.0625
112412,3.0444444444444443
112421,3.5668358714043995
112434,3.6
112436,2.95679012345679
112450,3.00990099009901
112460,2.7933673469387754
112473,3.8035714285714284
112488,3.8295454545454546
112495,3.7432432432432434
112497,2.664383561643836
112501,3.240740740740741
112506,2.7906976744186047
112512,3.642156862745098
112519,3.0277777777777777
112550,3.362676056338028
112552,4.157039194156681
112556,3.9577251901185586
112580,2.7587412587412588
112582,3.7287356321839082
112623,3.556065169769989
112625,2.9655172413793105
112640,2.439189189189189
112653,3.7098765432098766
112655,2.933734939759036
112689,3.5942028985507246
112727,2.970873786407767
112733,3.8870967741935485
112749,2.8933333333333335
112767,2.9485981308411215
112788,2.6149700598802395
112804,3.723639455782313
112811,3.371794871794872
112818,3.1308835672997524
112850,3.3360655737704916
112852,3.9165034457743926
112866,3.1440677966101696
112868,3.1597533632286994
112890,3.4339622641509435
112895,2.615740740740741
112897,2.9263351749539597
112905,3.051282051282051
112907,3.09375
112911,2.789772727272727
112913,3.6538461538461537
112929,3.488095238095238
112940,3.44589774078478
112946,3.4322033898305087
112957,3.5
112974,2.9242424242424243
113035,3.2954545454545454
113048,3.142857142857143
113062,3.0344827586206895
113064,3.371369294605809
113066,3.826388888888889
113071,2.84640522875817
113080,3.1956521739130435
113089,3.742424242424242
113103,3.2644787644787643
113186,3.148936170212766
113188,3.255874673629243
113207,3.24
113214,3.914285714285714
113216,3.246376811594203
113225,3.401829268292683
113240,3.8333333333333335
113250,3.48828125
113252,3.5016638935108153
113275,3.8044838373305527
113313,3.081896551724138
113315,3.6736842105263157
113345,2.636968085106383
113348,2.585901639344262
113350,2.9126984126984126
113374,3.6307692307692307
113378,3.329103214890017
113394,3.246987951807229
113453,3.161985957873621
113521,2.5657894736842106
113532,3.2511627906976743
113534,3.3780487804878048
113559,3.566666666666667
113565,3.1947115384615383
113573,3.1984050265828903
113604,3.4566831683168315
113632,3.2037037037037037
113640,2.985207100591716
113674,2.811111111111111
113696,2.688073394495413
113705,3.588392857142857
113711,3.488888888888889
113741,3.897866744593805
113769,2.353896103896104
113771,2.8859649122807016
113775,2.9148936170212765
113780,3.391044776119403
113829,3.7087475149105367
113851,3.185185185185185
113862,3.4748700173310225
113866,1.853658536585366
113868,3.1136363636363638
113889,2.6
113906,2.5714285714285716
114007,3.29009900990099
114013,2.43859649122807
114028,3.9264884568651275
114033,2.8718354430379747
114035,3.1470588235294117
114042,3.015748031496063
114044,3.1030042918454934
114046,2.875
114060,3.587596899224806
114066,3.5220588235294117
114074,3.3450946643717727
114085,2.3275862068965516
114180,3.330375287901368
114182,2.925531914893617
114184,3.2968036529680367
114244,2.9525862068965516
114246,3.190954773869347
114248,3.2209302325581395
114250,3.263157894736842
114265,3.3611764705882354
114267,3.7586206896551726
114277,3.5406976744186047
114329,3.6133004926108376
114342,3.755730659025788
114378,3.4473684210526314
114392,3.350194552529183
114426,3.3703703703703702
114436,3.284313725490196
114439,3.111001964636542
114459,3.227272727272727
114461,3.2419354838709675
114486,3.676470588235294
114494,3.7161458333333335
114550,3.0833333333333335
114552,3.3400435255712733
114554,3.9334975369458127
114556,3.357142857142857
114563,3.5757575757575757
114601,3.32168458781362
114627,3.906716417910448
114635,4.084905660377358
114659,2.4765625
114662,3.4733154442456766
114670,2.6867572156196946
114678,3.5286298568507157
114680,3.072463768115942
114692,3.8209876543209877
114700,3.5375
114704,2.641304347826087
114713,2.765
114721,3.1578947368421053
114725,3.1578947368421053
114758,2.8125
114760,3.096330275229358
114762,3.4617940199335546
114793,3.478021978021978
114795,3.0894396551724137
114818,3.176706827309237
114838,2.909090909090909
114847,3.3375232774674117
114849,2.5
114856,2.5405405405405403
114873,2.75
114875,2.4
114925,2.984848484848485
114928,2.644230769230769
114933,3.742857142857143
114935,3.7985098541900335
114945,3.2010309278350517
114958,3.027027027027027
115008,3.6544117647058822
115065,2.744186046511628
115071,3.0505050505050506
115075,3.2282608695652173
115122,4.013152610441767
115130,3.6206896551724137
115135,3.65625
115147,3.588235294117647
115149,3.851780303030303
115151,2.984848484848485
115162,2.8333333333333335
115170,3.5091401489505754
115172,3.261904761904762
115174,3.4070796460176993
115178,3.1923076923076925
115203,3.558139534883721
115207,3.2142857142857144
115210,3.750736842105263
115216,3.2735849056603774
115231,3.4829093799682034
115235,3.195876288659794
115240,3.0813953488372094
115244,2.774193548387097
115287,2.7058823529411766
115291,2.5294117647058822
115309,3.0377358490566038
115381,3.069090909090909
115414,1.8783068783068784
115437,3.2732558139534884
115467,3.4242424242424243
115471,2.4466019417475726
115502,3.140449438202247
115534,2.405292479108635
115569,3.9773858150761234
115617,3.8746905753788563
115629,3.610869565217391
115664,3.5174464710547184
115667,3.780160857908847
115669,3.433333333333333
115678,3.5428571428571427
115680,3.6128318584070795
115685,3.6557377049180326
115687,2.8205128205128207
115703,3.380434782608696
115705,3.59375
115708,3.425
115713,3.9907429107101007
115727,3.338709677419355
115770,3.688976377952756
115777,2.8035714285714284
115819,3.1746031746031744
115824,3.2929824561403507
115828,3.605095541401274
115871,2.5789473684210527
115875,3.0464285714285713
115879,3.0725806451612905
115881,3.4858012170385395
115909,2.8068181818181817
115921,2.3513513513513513
115927,3.4827586206896552
115941,3.036231884057971
115943,3.1372549019607843
115947,3.1
115949,3.10752688172043
115963,3.3970588235294117
115965,3.5692307692307694
115967,3.4827586206896552
115969,4.034351145038168
115973,3.632978723404255
115991,3.3225806451612905
115998,3.423076923076923
116002,3.7452830188679247
116004,3.5547945205479454
116024,3.242857142857143
116028,2.2906976744186047
116030,2.671875
116032,2.517857142857143
116034,2.0416666666666665
116036,2.6153846153846154
116080,2.875
116136,4.028443113772455
116138,3.786166842661035
116155,3.5538461538461537
116161,3.3702490170380077
116169,3.465909090909091
116171,2.951219512195122
116191,3.0458715596330275
116213,2.988095238095238
116215,2.641509433962264
116217,3.2282608695652173
116219,3.0963855421686746
116225,3.3285714285714287
116261,3.34
116275,3.073170731707317
116289,3.4375
116299,2.635135135135135
116307,3.5806451612903225
116317,2.926470588235294
116397,3.429499072356215
116411,3.873913043478261
116413,3.2157894736842105
116453,3.04
116465,3.08974358974359
116483,3.7777777777777777
116489,3.5
116491,3.564516129032258
116493,3.08
116503,3.1264367816091956
116505,3.1555555555555554
116529,2.5952380952380953
116578,3.341463414634146
116660,3.5845410628019323
116668,3.2039800995024876
116680,3.1785714285714284
116720,2.5
116722,3.3333333333333335
116724,3.802325581395349
116726,3.074074074074074
116742,3.6145833333333335
116770,2.9864864864864864
116781,2.676
116797,4.009793150477345
116799,3.4746689694876225
116801,3.6633663366336635
116807,3.4510869565217392
116817,3.6979166666666665
116823,3.4153946575617593
116831,3.0375
116833,3.9453125
116837,3.25
116839,3.7925531914893615
116841,3.3009708737864076
116845,4.034246575342466
116849,2.5
116853,2.642857142857143
116855,3.8333333333333335
116857,3.1808510638297873
116859,3.5923076923076924
116861,3.453125
116887,2.7653288740245263
116893,3.4541284403669725
116897,4.107788366743345
116905,3.7605421686746987
116907,3.6655844155844157
116941,2.6796875
116943,3.1826923076923075
116951,3.949380165289256
116957,3.6630434782608696
116963,2.5925925925925926
116971,2.913793103448276
116975,3.910958904109589
116977,2.5864661654135337
116985,2.782051282051282
116989,3.4545454545454546
117065,2.604651162790698
117107,2.9683544303797467
117109,3.761627906976744
117121,3.0816326530612246
117123,3.1577868852459017
117129,3.1486486486486487
117133,3.5483870967741935
117136,3.625
117138,3.3658536585365852
117146,3.142857142857143
117176,3.7989481233564426
117194,3.0806451612903225
117308,3.0421686746987953
117310,3.2916666666666665
117312,2.772222222222222
117322,2.9642857142857144
117334,3.163793103448276
117344,3.034090909090909
117364,3.930635838150289
117368,3.3233082706766917
117370,3.268292682926829
117372,2.510135135135135
117420,2.757575757575758
117430,3.326923076923077
117434,3.07429718875502
117438,3.8083989501312336
117442,2.549019607843137
117444,4.013521288837745
117446,3.033333333333333
117456,3.5
117464,3.4019607843137254
117466,3.327272727272727
117506,3.3833333333333333
117511,3.1025641025641026
117517,3.2333333333333334
117529,3.275933147632312
117533,3.9301745635910224
117543,3.169491525423729
117545,3.4668141592920354
117549,3.329519450800915
117555,3.8461538461538463
117565,3.125
117590,3.187116564417178
117638,2.466666666666667
117646,2.4864864864864864
117682,3.5
117726,3.3703703703703702
117849,3.76
117851,3.2197962154294033
117861,3.1988636363636362
117867,3.663064833005894
117871,3.371987951807229
117877,3.574324324324324
117879,3.425925925925926
117881,3.766512549537649
117885,2.4571428571428573
117887,3.584411384217335
117893,2.9873417721518987
117895,3.187392055267703
117897,2.759259259259259
117909,2.8846153846153846
117920,3.3392857142857144
117922,3.202020202020202
117928,3.5316455696202533
118082,3.258450704225352
118085,3.9774774774774775
118101,3.355
118103,3.0714285714285716
118117,2.810810810810811
118166,3.9755244755244754
118173,2.962025316455696
118189,3.391304347826087
118198,3.6911764705882355
118202,3.77027027027027
118244,3.7888888888888888
118246,3.5123839009287927
118248,2.278688524590164
118252,2.9722222222222223
118256,2.8309859154929575
118260,3.1235955056179776
118300,1.9375
118302,3.9743589743589745
118328,2.8947368421052633
118338,3.3230769230769233
118354,3.373665480427046
118392,2.923076923076923
118466,3.7743055555555554
118496,3.23
118512,2.746031746031746
118570,2.6363636363636362
118572,3.4705882352941178
118684,1.5925925925925926
118696,3.481502561183836
118700,3.6869795609386826
118702,3.5823723228995057
118706,3.0823045267489713
118710,3.3066666666666666
118760,3.660287081339713
118814,3.104575163398693
118854,3.890909090909091
118862,3.3035714285714284
118866,3.8625
118876,2.72972972972973
118880,3.608665749656121
118888,3.9548458149779737
118894,3.2254901960784315
118896,3.910272277227723
118898,3.5631524008350732
118900,3.568118948824343
118922,2.5686274509803924
118924,3.168085106382979
118930,3.9255050505050506
118970,3.0925925925925926
118972,2.14
118985,3.358918918918919
118997,2.9911008569545157
119065,3.5072992700729926
119068,3.490867579908676
119126,3.230769230769231
119139,3.472
119141,3.093841312654529
119145,3.807312440645774
119153,3.9427083333333335
119155,3.0513698630136985
119171,3.966666666666667
119182,3.5625
119218,3.68359375
119222,2.297872340425532
119224,2.450980392156863
119432,3.5757575757575757
119454,2.7666666666666666
119563,3.088709677419355
119567,3.5961538461538463
119629,2.9375
119655,2.7680776014109347
119672,3.2325581395348837
119705,1.6964285714285714
119714,3.3035714285714284
119782,2.723684210526316
119904,3.7096774193548385
119907,3.888888888888889
119909,3.696969696969697
119948,2.577777777777778
119964,2.5416666666666665
119966,3.09375
120110,3.090909090909091
120112,3.21875
120130,3.860377358490566
120132,2.781115879828326
120138,3.7831241283124126
120222,0.9456521739130435
120292,2.967741935483871
120294,2.7222222222222223
120301,3.5833333333333335
120311,3.889473684210526
120392,3.5708661417322833
120412,3.142857142857143
120438,2.2884615384615383
120462,3.3703703703703702
120466,3.3901921358355676
120468,3.3315217391304346
120474,3.251453488372093
120478,4.016566265060241
120486,2.95
120574,3.425
120625,3.9201680672268906
120635,2.9660138248847927
120637,2.724946695095949
120775,3.7903225806451615
120783,3.1620689655172414
120795,3.3866666666666667
120799,2.9792261338407866
120805,3.5
120807,4.095375722543353
120811,3.605769230769231
120813,3.6515151515151514
120815,3.5294117647058822
120825,2.717171717171717
120827,3.607142857142857
120835,3.402173913043478
120853,3.8347826086956522
120869,3.051282051282051
120919,3.3333333333333335
120934,3.5961538461538463
120936,3.272727272727273
120938,3.019230769230769
120940,3.0185185185185186
120944,3.3333333333333335
120946,3.185185185185185
121007,2.364864864864865
121023,2.8095238095238093
121035,3.4597701149425286
121099,2.872093023255814
121103,1.2936507936507937
121109,2.8153846153846156
121111,3.446564885496183
121113,2.2027027027027026
121115,2.357142857142857
121117,1.6029411764705883
121119,3.230769230769231
121126,2.891304347826087
121129,1.8855421686746987
121133,3.0405405405405403
121135,2.4609375
121137,2.8175675675675675
121143,3.319277108433735
121148,3.388888888888889
121155,3.1306818181818183
121157,2.5
121159,3.175925925925926
121169,3.427807486631016
121171,3.759124087591241
121184,2.657142857142857
121186,2.759259259259259
121190,2.6823529411764704
121194,2.7
121202,3.411764705882353
121221,3.1538461538461537
121225,3.1379310344827585
121227,3.7033898305084745
121231,3.6456961429915333
121235,2.507042253521127
121241,3.6555555555555554
121247,2.0
121253,2.8623853211009176
121255,2.8676470588235294
121261,1.796875
121269,2.193548387096774
121275,3.107142857142857
121279,3.676470588235294
121284,2.45
121302,3.4651162790697674
121308,3.051470588235294
121314,3.1904761904761907
121316,3.894230769230769
121330,2.215686274509804
121366,3.1666666666666665
121370,2.492857142857143
121372,3.871376811594203
121374,4.008810572687224
121413,3.0256410256410255
121453,2.736842105263158
121457,2.7241379310344827
121483,2.5319148936170213
121583,3.032258064516129
122041,3.017857142857143
122104,3.391566265060241
122129,3.1578947368421053
122246,1.9102564102564104
122260,3.6964285714285716
122282,4.206896551724138
122288,3.0081967213114753
122300,2.460526315789474
122308,3.6122448979591835
122425,3.0
122466,2.95
122480,2.8548387096774195
122517,2.4571428571428573
122770,3.2714285714285714
122789,3.1481481481481484
122876,2.8620689655172415
122880,3.223684210526316
122882,3.8701449143687823
122884,3.1974043715846996
122886,3.6336162814481487
122888,2.831372549019608
122890,3.212974551522737
122892,3.4968926553672315
122896,3.208133971291866
122898,2.7273482959268494
122900,3.5470785262374394
122902,2.1325057736720554
122904,3.857195481335953
122906,3.62257376865253
122908,2.079710144927536
122910,3.2534639273769708
122912,3.9213375402128188
122914,3.900817438692098
122916,3.8969151851591595
122918,3.8218965134354876
122920,3.7001158542019428
122922,3.756980802792321
122924,3.1793853230190257
122926,3.772411547644888
122940,3.142857142857143
122948,3.3404255319148937
123107,3.4193548387096775
123159,3.026315789473684
123180,3.090909090909091
123192,2.803030303030303
123200,3.712121212121212
123264,3.1964285714285716
123288,3.6342105263157896
123294,3.7386363636363638
123353,3.425925925925926
123493,3.5384615384615383
123497,3.467741935483871
123565,3.0
123571,3.73
123589,3.585714285714286
123947,3.202325581395349
124131,3.4833333333333334
124273,2.926470588235294
124575,3.4473684210526314
124859,3.016216216216216
124861,3.5833333333333335
124867,3.1419213973799125
124869,2.730769230769231
124919,3.6607142857142856
125211,3.953125
125537,3.6777777777777776
125543,2.896551724137931
125545,3.2837837837837838
125565,3.6551724137931036
125661,3.119565217391304
125874,2.772727272727273
125906,3.462962962962963
125912,3.096774193548387
125914,2.7872137404580153
125916,2.097790314997649
125918,2.9767441860465116
125926,3.4055944055944054
125936,3.5483870967741935
125966,3.0106382978723403
125970,3.3971119133574006
125972,3.2831632653061225
125974,3.330188679245283
126008,3.8533333333333335
126016,3.3125
126020,3.1511627906976742
126036,2.744186046511628
126046,3.3275862068965516
126048,3.5625
126066,3.6470588235294117
126072,3.546875
126074,3.423076923076923
126084,3.2278481012658227
126086,3.7083333333333335
126088,2.796875
126090,4.0035799522673035
126106,3.924778761061947
126393,2.4
126405,2.138888888888889
126420,2.263157894736842
126426,3.939542483660131
126430,4.008844339622642
126432,3.603448275862069
126482,3.15
126510,2.7222222222222223
126546,3.225806451612903
126548,3.331283627978478
126550,2.816666666666667
126562,2.2941176470588234
126575,2.549107142857143
126584,3.45
126595,2.980769230769231
126599,3.4783549783549783
126733,2.6136363636363638
126775,3.0375
126919,3.6
126921,3.0
126927,3.7583333333333333
126929,3.641304347826087
126933,3.2941176470588234
126937,3.462962962962963
126953,3.7604166666666665
126975,3.5357142857142856
126983,3.486111111111111
127021,3.5084745762711864
127040,3.5040650406504064
127042,3.5308641975308643
127044,3.58
127052,4.116220735785953
127054,3.244186046511628
127066,3.3285714285714287
127084,3.186868686868687
127088,2.8360655737704916
127090,2.413793103448276
127096,3.280588235294118
127098,3.9136641740312714
127108,3.7998869417750143
127110,2.89375
127112,2.783333333333333
127114,3.685279187817259
127116,3.384105960264901
127118,2.941860465116279
127120,2.75
127122,2.953125
127124,3.32
127128,3.34703196347032
127130,3.40234375
127132,2.9571428571428573
127134,3.296116504854369
127136,3.1742857142857144
127138,2.824324324324324
127140,3.3878504672897196
127144,3.3125
127146,3.6021798365122617
127148,3.585714285714286
127152,3.9071954210956665
127154,3.8125
127156,3.522222222222222
127158,3.4393939393939394
127164,3.7253886010362693
127178,3.508223684210526
127180,4.096899224806202
127182,2.925
127184,3.077777777777778
127186,3.6578947368421053
127188,3.2896825396825395
127192,2.8505747126436782
127194,2.8369565217391304
127196,3.5628491620111733
127198,3.6324161650902838
127200,3.036363636363636
127202,3.853269867549669
127204,3.027173913043478
127206,3.48159509202454
127208,2.827272727272727
127210,3.5892857142857144
127212,3.5147420147420148
127216,2.7027027027027026
127218,2.997685185185185
127226,3.8823529411764706
127234,3.403225806451613
127260,3.5576923076923075
127266,3.370967741935484
127294,3.8015873015873014
127298,3.6298245614035087
127305,2.975609756097561
127309,3.142857142857143
127311,3.467948717948718
127315,2.448529411764706
127319,3.1483333333333334
127321,2.7881944444444446
127323,2.5210084033613445
127390,3.2876106194690267
127441,3.8963414634146343
127565,3.261764705882353
127583,3.6285714285714286
127724,3.338235294117647
127974,2.7551020408163267
128029,2.7857142857142856
128089,3.543956043956044
128093,3.8047619047619046
128099,3.810810810810811
128149,2.838709677419355
128151,3.5
128165,3.121212121212121
128169,2.1463414634146343
128320,3.632911392405063
128360,3.886965553055219
128366,3.4272727272727272
128425,3.289473684210526
128429,3.076923076923077
128478,3.1842105263157894
128488,2.9722222222222223
128512,3.168831168831169
128518,3.1216216216216215
128520,3.363720073664825
128538,3.0185185185185186
128540,3.13953488372093
128542,3.056390977443609
128548,3.013157894736842
128556,2.6724137931034484
128558,2.7142857142857144
128560,2.4166666666666665
128592,2.656862745098039
128594,3.3316831683168315
128600,3.212121212121212
128604,3.0826612903225805
128606,3.5275482093663912
128608,2.4166666666666665
128610,3.5416666666666665
128620,3.8493723849372383
128622,3.9814814814814814
128626,3.661764705882353
128632,2.5543478260869565
128671,3.5787878787878786
128679,3.3875
128684,3.783333333333333
128695,3.5
128736,3.4523809523809526
128830,3.5
128832,3.2635658914728682
128838,3.279672131147541
128842,2.2045454545454546
128852,3.524
128854,3.7846153846153845
128862,3.90625
128868,3.6486486486486487
128872,3.888888888888889
128878,3.1206896551724137
128908,3.49
128912,3.813131313131313
128914,3.74375
128918,3.5952380952380953
128924,3.7745098039215685
128944,2.5514018691588785
128968,3.2472826086956523
128975,2.642
128981,3.78125
128991,3.4051724137931036
129009,3.5
129013,3.6315789473684212
129032,3.8465346534653464
129078,3.1785714285714284
129229,2.7714285714285714
129241,3.596774193548387
129245,3.240740740740741
129250,2.316666666666667
129299,3.140625
129313,3.7205882352941178
129337,3.6346153846153846
129354,3.506060606060606
129358,3.1973684210526314
129362,3.8607594936708862
129364,3.086206896551724
129370,2.8231382978723403
129372,2.6770833333333335
129397,3.270642201834862
129401,3.0681818181818183
129428,3.407608695652174
129437,3.78125
129490,3.0952380952380953
129514,3.961313868613139
129657,2.7559055118110236
129659,3.733974358974359
129669,3.5689655172413794
129675,3.25
129707,2.635593220338983
129713,3.8106060606060606
129737,2.841530054644809
129739,3.7532467532467533
129749,3.5846153846153848
129771,3.227272727272727
129779,3.7253886010362693
129781,3.510752688172043
129788,3.4705882352941178
129818,3.717391304347826
129820,3.730337078651685
129830,2.1296296296296298
129836,3.425
129845,2.6145833333333335
129859,3.09375
129913,3.142857142857143
129937,3.194789081885856
129941,3.3970588235294117
129951,3.8378378378378377
130016,3.0961538461538463
130034,3.236111111111111
130044,2.897590361445783
130050,3.150943396226415
130052,2.861290322580645
130073,3.3671059857221306
130075,3.0950520833333335
130083,2.845833333333333
130087,2.862222222222222
130233,3.3275862068965516
130347,3.783582089552239
130351,3.6875
130374,3.926470588235294
130384,1.3928571428571428
130402,3.409090909090909
130442,2.2837837837837838
130444,3.29
130448,2.6779141104294477
130450,2.679738562091503
130452,3.2652705061082026
130462,2.8541666666666665
130474,3.6796875
130478,3.1621621621621623
130482,3.3125
130488,3.1444444444444444
130490,3.159132559560171
130492,3.5174418604651163
130496,2.646788990825688
130506,3.684090909090909
130508,3.7015810276679844
130510,3.924731182795699
130518,3.515151515151515
130520,3.2223955084217093
130522,2.817073170731707
130576,3.2925925925925927
130578,2.9228855721393034
130580,3.588709677419355
130582,3.4925373134328357
130588,3.2285714285714286
130618,3.5585106382978724
130628,3.816666666666667
130630,3.0
130634,3.3421706710853356
130636,2.8002680965147455
130642,3.2245989304812834
130644,3.707547169811321
130684,2.995614035087719
130686,3.3325688073394497
130734,2.019230769230769
130784,3.451923076923077
130840,3.478211009174312
130842,3.301980198019802
130862,2.3461538461538463
130956,3.0121107266435985
130970,4.0
130976,3.6981981981981984
130978,3.875
130988,3.351449275362319
130992,3.727272727272727
131013,3.098226466575716
131017,3.139705882352941
131023,3.600806451612903
131050,3.8264604810996565
131056,3.193548387096774
131066,3.0097087378640777
131080,2.8529411764705883
131092,3.33203125
131094,2.673076923076923
131104,3.55
131168,3.6899563318777293
131170,3.035326086956522
131176,3.4615384615384617
131180,2.566666666666667
131237,3.7900943396226414
131241,2.576923076923077
131248,3.123481781376518
131252,3.4615384615384617
131258,3.4833333333333334
131270,3.3385416666666665
131389,3.1032608695652173
131433,3.5869565217391304
131439,2.9174757281553396
131444,3.4948979591836733
131446,3.5330578512396693
131448,3.0
131451,3.1036585365853657
131453,2.8518518518518516
131457,3.3902439024390243
131464,3.0144927536231885
131470,2.869565217391304
131474,2.521276595744681
131478,2.411764705882353
131480,2.776595744680851
131502,3.5
131570,2.4833333333333334
131656,3.4983974358974357
131658,3.407563025210084
131660,2.658536585365854
131714,3.1024305555555554
131724,4.13338192419825
131739,3.2860262008733625
131749,3.6142857142857143
131796,3.685964912280702
131826,3.1574074074074074
131830,3.3821138211382116
131834,2.409090909090909
131842,2.9375
131848,2.35
131880,2.426470588235294
131920,3.6226993865030677
132012,3.217948717948718
132046,3.1951844262295084
132056,2.9324324324324325
132068,3.7717391304347827
132074,3.4047619047619047
132112,3.3067484662576687
132118,3.269230769230769
132122,3.467741935483871
132128,3.5066079295154187
132130,2.71
132136,2.9
132140,2.9827586206896552
132146,2.8098591549295775
132153,3.206896551724138
132157,2.0391304347826087
132167,3.6403508771929824
132169,3.4
132173,3.059322033898305
132182,3.3225806451612905
132335,3.532051282051282
132344,2.693877551020408
132358,3.4705882352941178
132360,2.526315789473684
132362,3.8105263157894735
132377,2.1818181818181817
132381,3.482142857142857
132424,3.6545961002785514
132430,3.3676470588235294
132442,2.8
132446,3.3097014925373136
132456,3.701863354037267
132458,3.3777777777777778
132468,3.7051282051282053
132472,3.622448979591837
132480,3.682960131075915
132492,3.925531914893617
132494,3.3833333333333333
132496,3.3705357142857144
132524,2.9634146341463414
132539,3.074074074074074
132547,3.524390243902439
132549,3.472560975609756
132555,3.819277108433735
132561,3.8333333333333335
132569,3.210526315789474
132577,3.1447368421052633
132579,2.8666666666666667
132584,2.9225352112676055
132590,3.5
132594,3.192857142857143
132614,3.35
132616,2.375
132618,2.3529411764705883
132626,2.3529411764705883
132630,3.3187919463087248
132632,3.34375
132638,3.3620689655172415
132648,3.2666666666666666
132650,2.911764705882353
132652,3.1474358974358974
132656,2.2435897435897436
132658,3.1481481481481484
132660,3.5042158516020234
132758,3.671875
132796,2.8801426220515634
132798,2.793577981651376
132800,3.1566265060240966
132846,3.657142857142857
132883,3.6627906976744184
132888,3.4471544715447155
132906,2.242424242424242
132952,3.7131147540983607
132961,3.605995717344754
132965,3.352112676056338
132971,3.5098039215686274
132977,2.8653846153846154
132979,3.1785714285714284
132989,3.324324324324324
132991,3.462962962962963
132997,2.94
133001,3.734375
133123,3.2945205479452055
133125,3.074712643678161
133127,3.0588235294117645
133129,2.1451612903225805
133131,2.3620689655172415
133133,3.126984126984127
133135,2.810810810810811
133139,3.1839622641509435
133143,3.130434782608696
133145,3.0220588235294117
133149,3.0121951219512195
133151,3.084507042253521
133153,2.627906976744186
133155,2.8524590163934427
133157,2.85
133159,2.7211538461538463
133163,2.719298245614035
133165,2.8142857142857145
133167,3.1192307692307693
133171,2.8703703703703702
133173,2.9705882352941178
133185,3.729032258064516
133195,3.0273132664437012
133205,3.6475409836065573
133207,3.5833333333333335
133219,3.15625
133229,3.3863636363636362
133276,3.1923076923076925
133281,2.824404761904762
133295,3.532258064516129
133333,4.0
133347,3.1666666666666665
133349,3.2413793103448274
133357,3.8043478260869565
133361,3.7916666666666665
133371,3.484375
133377,2.8259911894273126
133383,3.351063829787234
133385,3.359375
133389,3.5547445255474455
133417,1.8870967741935485
133419,3.243043087971275
133545,3.020661157024793
133583,3.2613636363636362
133645,3.631082725060827
133653,3.3378378378378377
133695,3.6206896551724137
133697,3.4038461538461537
133699,3.7386363636363638
133703,3.3636363636363638
133710,2.86734693877551
133712,3.9159021406727827
133716,3.7196969696969697
133729,2.419642857142857
133731,2.738095238095238
133741,3.303030303030303
133747,2.2333333333333334
133753,2.858974358974359
133767,3.611111111111111
133769,3.6598639455782314
133771,3.6712316343188824
133780,3.8214285714285716
133782,2.6955645161290325
133798,2.7170263788968825
133802,3.5305498981670063
133824,1.61986301369863
133832,2.806159420289855
133867,2.933333333333333
133869,3.0594059405940595
133873,3.4375
133945,3.456730769230769
134021,3.5488721804511276
134023,3.5833333333333335
134041,3.8264462809917354
134045,3.269230769230769
134073,3.6029411764705883
134083,3.590909090909091
134093,3.3
134095,3.87
134101,3.0142857142857142
134107,3.6555555555555554
134109,3.7591623036649215
134115,3.871794871794872
134117,1.8414634146341464
134130,4.034644910438337
134158,2.7734375
134170,3.621059268600252
134178,3.5104166666666665
134180,3.523076923076923
134182,3.142857142857143
134184,3.6882716049382718
134204,3.728125
134214,3.5993827160493828
134230,3.6049382716049383
134234,3.467391304347826
134236,3.5454545454545454
134244,4.064102564102564
134246,2.9532019704433496
134248,2.9925373134328357
134250,3.4859154929577465
134252,4.0
134326,3.9423076923076925
134332,3.5584415584415585
134342,3.5384615384615383
134354,3.303030303030303
134368,3.5285195747990667
134374,3.259259259259259
134378,3.627906976744186
134393,3.1179245283018866
134515,2.710526315789474
134517,2.6666666666666665
134519,3.338235294117647
134528,2.690340909090909
134565,3.6451612903225805
134569,3.0828402366863905
134575,3.1372549019607843
134579,3.6125
134583,2.8703703703703702
134587,2.9782608695652173
134601,3.6
134621,3.685185185185185
134643,2.240740740740741
134659,3.675438596491228
134680,3.725925925925926
134704,2.971014492753623
134708,3.0
134751,3.6486486486486487
134775,2.904255319148936
134777,3.2578125
134779,2.892857142857143
134781,3.1176470588235294
134783,3.0360576923076925
134796,4.134057971014493
134819,3.0
134821,3.140625
134843,3.1153846153846154
134849,4.063725490196078
134851,2.9936708860759493
134853,3.9218135756093297
134859,3.452127659574468
134861,3.3974358974358974
134867,3.546511627906977
134879,3.5948275862068964
134881,3.71978021978022
134883,3.5833333333333335
134915,2.8333333333333335
135023,3.5185185185185186
135127,3.272727272727273
135133,3.4090074935005354
135135,3.099056603773585
135137,2.5387135199523527
135141,3.133289560078792
135143,3.621249536979874
135166,3.7583333333333333
135168,3.3421052631578947
135182,3.6875
135184,3.3208955223880596
135204,3.418918918918919
135216,1.3991935483870968
135248,2.75
135264,3.211764705882353
135266,2.9913793103448274
135268,3.272727272727273
135270,2.769230769230769
135274,2.898550724637681
135278,2.7214285714285715
135288,3.422103861517976
135426,3.189715536105033
135436,3.2123827392120075
135442,3.7485207100591715
135444,3.413793103448276
135456,4.082245430809399
135488,2.7857142857142856
135500,2.9054054054054053
135502,3.6009174311926606
135504,3.6037735849056602
135508,2.425
135512,3.3923076923076922
135518,3.341890790546047
135520,2.6607142857142856
135528,3.4583333333333335
135530,3.020565552699229
135532,3.1468531468531467
135534,3.11178247734139
135536,2.6473821501770076
135557,3.0588235294117645
135567,2.7378902045209905
135569,3.5319572506286674
135597,2.6944444444444446
135599,2.6625
135601,3.5955882352941178
135603,3.6808510638297873
135623,3.2948717948717947
135625,2.7401960784313726
135627,2.8088235294117645
135643,2.141025641025641
135655,2.8448275862068964
135693,3.074074074074074
135695,3.522727272727273
135715,3.5576923076923075
135753,3.6686046511627906
135759,3.5606060606060606
135761,3.5
135763,3.5
135765,2.7285714285714286
135767,3.775
135769,3.217948717948718
135777,3.66
135803,3.1447368421052633
135823,2.866279069767442
135825,2.8947368421052633
135829,3.208791208791209
135831,2.8768115942028984
135848,3.1901408450704225
135852,3.25
135861,3.0402864816472697
135867,3.9185185185185185
135875,3.7981927710843375
135877,2.4054054054054053
135885,2.973007712082262
135887,3.039477679927118
135889,2.972972972972973
135933,2.2222222222222223
135937,2.5161290322580645
135953,3.154320987654321
135979,2.704081632653061
135991,3.0952380952380953
136016,3.0907297830374754
136018,3.3396868618107556
136020,3.3924511545293075
136024,3.161290322580645
136030,1.663265306122449
136200,3.1451612903225805
136204,3.9205607476635516
136217,2.893939393939394
136239,2.8917525773195876
136245,3.121212121212121
136247,3.5023364485981308
136249,2.9655172413793105
136251,3.0256410256410255
136253,2.7413793103448274
136297,2.6923076923076925
136305,1.90625
136307,2.1666666666666665
136309,2.7916666666666665
136333,3.2650602409638556
136337,3.272108843537415
136339,3.196969696969697
136345,3.198717948717949
136347,3.1065573770491803
136349,3.0918367346938775
136359,2.9
136369,2.8974358974358974
136373,3.0319148936170213
136431,3.7
136441,3.3015873015873014
136443,3.366279069767442
136445,4.039893617021277
136447,4.051971326164875
136449,4.034587995930824
136451,3.0303030303030303
136457,3.11046511627907
136459,3.210843373493976
136463,3.7906976744186047
136467,3.41015625
136469,4.111578947368421
136471,3.1402439024390243
136475,3.4523809523809526
136477,3.9549763033175354
136483,3.0660377358490565
136485,3.4844827586206897
136495,3.8278688524590163
136497,3.8620689655172415
136501,3.3734939759036147
136515,3.2209302325581395
136517,3.1346153846153846
136530,2.762295081967213
136538,3.325892857142857
136542,3.667441860465116
136556,3.6156716417910446
136562,3.494954859267127
136564,3.351758793969849
136588,3.435185185185185
136590,2.9210526315789473
136596,3.7133333333333334
136598,3.238782051282051
136602,3.558428128231644
136618,2.046875
136620,2.8974358974358974
136622,2.975806451612903
136624,3.0714285714285716
136626,2.742424242424242
136636,2.4722222222222223
136642,3.081818181818182
136654,2.232142857142857
136656,2.9107142857142856
136666,2.802325581395349
136698,2.588888888888889
136722,2.6363636363636362
136784,2.926470588235294
136786,3.08974358974359
136798,3.086021505376344
136800,2.1875
136844,3.5
136857,2.6363636363636362
136864,2.702810810810811
136894,3.7666666666666666
136926,3.1320754716981134
136938,2.611111111111111
136972,3.4444444444444446
137062,3.2567567567567566
137108,2.85
137112,3.0555555555555554
137278,3.2818181818181817
137296,3.521276595744681
137311,2.9444444444444446
137337,3.7642015005359055
137365,2.985294117647059
137387,3.0833333333333335
137457,2.9415584415584415
137475,2.923076923076923
137561,3.3703703703703702
137563,2.611111111111111
137595,2.904225352112676
137759,3.2586206896551726
137761,3.5923076923076924
137857,3.468227923627685
137859,2.9886363636363638
137863,3.2023121387283235
137900,2.0606060606060606
137904,3.9827586206896552
138036,3.6976348324673
138104,3.396135265700483
138202,2.6625
138204,3.291497975708502
138208,3.569329660238751
138210,3.7578274760383388
138212,3.0998509687034277
138230,3.036144578313253
138416,3.6666666666666665
138500,3.3076923076923075
138610,2.5043103448275863
138632,3.1702127659574466
138702,3.9065934065934065
138798,1.9741379310344827
138808,3.0833333333333335
138835,3.966666666666667
138944,2.955357142857143
139046,3.2444444444444445
139052,3.0766129032258065
139056,2.066666666666667
139084,3.127450980392157
139086,3.8375
139090,3.7755102040816326
139092,3.4615384615384617
139098,3.65625
139100,3.946969696969697
139102,3.657142857142857
139106,3.972972972972973
139108,3.9714285714285715
139114,3.7
139116,3.85
139120,3.7254335260115607
139124,3.52
139130,3.432017543859649
139148,3.5947712418300655
139195,3.9836065573770494
139205,3.4126984126984126
139207,2.9239130434782608
139317,3.0
139385,3.784111532750371
139415,3.3402317880794703
139417,3.2427536231884058
139419,3.6157894736842104
139423,3.216666666666667
139511,2.9285714285714284
139517,3.106060606060606
139519,2.7777777777777777
139521,2.810344827586207
139525,3.60752688172043
139553,3.7419354838709675
139575,3.608974358974359
139584,2.8369565217391304
139608,3.3214285714285716
139620,3.8333333333333335
139634,3.4727272727272727
139640,3.0
139642,3.5159646739130435
139644,3.8871566443949517
139655,3.385642737896494
139713,3.377049180327869
139715,2.4814814814814814
139721,3.7577319587628866
139723,2.732394366197183
139747,3.600997506234414
139757,3.8341463414634145
139759,2.1875
139775,3.642857142857143
139847,3.1384615384615384
139855,3.5985915492957745
139857,3.4750733137829912
139859,3.5467625899280577
139861,3.5789473684210527
139863,3.626984126984127
139879,3.8275862068965516
139915,3.052941176470588
140038,3.757575757575758
140074,2.5714285714285716
140106,3.8055555555555554
140108,3.157142857142857
140110,3.6839001376056615
140115,2.0875
140131,2.946564885496183
140133,2.5357142857142856
140146,3.090909090909091
140160,3.131004366812227
140162,3.3516129032258064
140174,3.9501200120012
140212,2.6153846153846154
140228,3.05
140237,2.4285714285714284
140239,3.3076923076923075
140247,3.5339345040341716
140265,4.03265306122449
140267,3.7699926632428467
140269,3.730769230769231
140275,3.6666666666666665
140289,3.466666666666667
140291,3.3482142857142856
140301,3.2280701754385963
140309,3.103448275862069
140315,3.682926829268293
140339,3.3656716417910446
140341,3.310344827586207
140349,3.402173913043478
140367,3.423076923076923
140383,3.0294117647058822
140397,2.8472222222222223
140481,3.366782006920415
140511,2.953333333333333
140523,3.3093944099378882
140525,3.1274900398406373
140529,3.0066844919786098
140539,2.8214285714285716
140545,3.340909090909091
140551,2.9722222222222223
140553,3.588235294117647
140565,2.7083333333333335
140581,3.1639344262295084
140627,3.4516129032258065
140701,2.475806451612903
140709,3.276315789473684
140711,3.228896103896104
140713,3.4778481012658227
140715,3.7092559787422497
140725,3.2229965156794425
140737,3.992134831460674
140747,2.8086956521739133
140769,3.71
140773,3.5
140795,3.138888888888889
140799,3.2666666666666666
140805,2.938311688311688
140809,3.475806451612903
140816,3.6517543859649124
140820,2.706140350877193
140844,3.382978723404255
140850,2.8636363636363638
140852,3.013157894736842
140862,3.2384615384615385
140868,3.2777777777777777
140878,3.596774193548387
140928,3.2934966216216215
140942,3.486111111111111
140944,3.0
140956,3.5416111850865515
141004,2.8991416309012874
141038,2.642857142857143
141050,3.506849315068493
141058,3.69811320754717
141060,3.707792207792208
141131,1.865546218487395
141133,3.480769230769231
141135,3.823529411764706
141139,3.5892857142857144
141166,2.588235294117647
141251,3.8275862068965516
141393,3.372340425531915
141395,2.532258064516129
141397,3.154377880184332
141402,2.9864864864864864
141408,3.1945244956772334
141416,3.0535714285714284
141418,3.0833333333333335
141420,3.1416666666666666
141422,3.511627906976744
141428,3.3333333333333335
141432,3.65748031496063
141452,3.232142857142857
141493,2.4367816091954024
141505,3.35
141536,3.542372881355932
141538,3.5636363636363635
141544,3.4876681614349776
141642,2.8970588235294117
141648,3.258454106280193
141668,3.638888888888889
141674,3.627906976744186
141676,3.0751633986928106
141688,3.4561855670103094
141690,2.9186046511627906
141692,2.8448275862068964
141698,3.3902439024390243
141702,3.7825
141712,2.6447368421052633
141714,3.0821917808219177
141718,3.1991525423728815
141749,3.5634441087613293
141761,2.4468085106382977
141799,2.8732718894009217
141806,3.8492063492063493
141810,3.8653846153846154
141812,3.4785714285714286
141816,3.852272727272727
141820,3.769230769230769
141822,3.757142857142857
141826,3.7830188679245285
141830,3.626086956521739
141834,3.257575757575758
141836,3.6129032258064515
141840,3.1956521739130435
141844,3.901015228426396
141846,3.2900763358778624
141866,3.6745043798985706
141874,3.457627118644068
141890,3.817289719626168
141912,3.0185185185185186
141924,3.3031496062992125
141926,3.282608695652174
141928,3.088709677419355
141942,2.792682926829268
141946,3.9701195219123506
141950,3.170886075949367
141954,2.611111111111111
141956,2.9583333333333335
141964,2.537037037037037
141968,3.5714285714285716
141976,2.793103448275862
141994,0.8611111111111112
142020,3.9056603773584904
142032,2.989399293286219
142052,3.4814814814814814
142056,2.6346153846153846
142058,3.6891025641025643
142070,2.69672131147541
142072,2.825
142074,2.6002227171492205
142082,3.2027027027027026
142084,3.5543478260869565
142086,3.1153846153846154
142110,2.6363636363636362
142113,3.225806451612903
142115,4.25
142117,3.3703703703703702
142158,3.0043103448275863
142184,3.8421052631578947
142204,3.3461538461538463
142210,3.7733333333333334
142212,2.7444444444444445
142222,3.5586932447397563
142226,3.25
142228,2.641304347826087
142258,3.7409638554216866
142364,2.8444444444444446
142366,3.3223684210526314
142372,2.9315068493150687
142374,2.653225806451613
142382,3.1315789473684212
142384,3.259259259259259
142386,3.203333333333333
142388,3.0
142420,2.866785079928952
142422,3.258522727272727
142424,3.0442708333333335
142426,2.8055555555555554
142444,3.066666666666667
142448,3.497840838988279
142450,3.6390977443609023
142452,3.8401639344262297
142456,3.6170798898071626
142472,3.2037037037037037
142482,2.95
142488,4.077383543752721
142492,3.706858407079646
142503,2.69811320754717
142507,3.5010266940451746
142509,3.334440227703985
142534,3.8043478260869565
142536,3.3096774193548386
142538,2.7777777777777777
142540,2.6202531645569622
142566,3.509433962264151
142574,2.536363636363636
142598,3.2635135135135136
142602,2.7903225806451615
142604,2.767543859649123
142628,3.380952380952381
142677,3.3461538461538463
142765,3.2163461538461537
142791,3.5517241379310347
142799,3.4743589743589745
142819,3.8055555555555554
142823,3.2142857142857144
142831,3.0
142833,3.338709677419355
142843,3.519230769230769
142861,3.3559322033898304
142867,2.9166666666666665
142909,3.3333333333333335
142911,3.0392156862745097
142925,2.9583333333333335
142929,3.3181818181818183
142969,3.8389830508474576
142975,1.734375
142993,3.4859154929577465
142997,3.4198751300728407
142999,3.416317991631799
143009,3.448717948717949
143029,3.3484848484848486
143031,2.859154929577465
143033,2.985294117647059
143035,2.4384615384615387
143053,3.59375
143069,3.5
143199,2.990740740740741
143209,2.6435643564356437
143237,3.301282051282051
143239,2.6648351648351647
143245,3.6839677047289503
143249,3.3275862068965516
143257,3.492957746478873
143271,3.5945121951219514
143275,2.359154929577465
143309,3.947058823529412
143345,3.351900639819345
143347,3.1240931653302786
143355,3.547359651371443
143361,2.6666666666666665
143365,2.650743099787686
143367,3.579858030168589
143369,3.319277108433735
143377,3.723684210526316
143385,3.7973751058425065
143387,3.017345399698341
143389,3.8313253012048194
143404,3.5185185185185186
143410,3.5172413793103448
143440,3.633720930232558
143444,3.350840336134454
143458,3.5384615384615383
143462,3.5
143472,2.526315789473684
143476,3.621657754010695
143506,3.0303030303030303
143511,4.080745341614906
143515,3.1029411764705883
143519,3.35
143531,3.324074074074074
143547,3.8271028037383177
143647,3.619205298013245
143653,2.9285714285714284
143657,3.5449367088607593
143713,3.2051282051282053
143715,2.8703703703703702
143859,3.258171482709616
143868,3.3098591549295775
143886,3.142857142857143
143969,3.5132325141776937
143990,3.9611111111111112
144062,3.7037037037037037
144064,3.5104166666666665
144066,3.142857142857143
144134,3.0238095238095237
144138,3.6451612903225805
144172,3.1621160409556315
144182,3.375
144196,2.4642857142857144
144222,2.8518518518518516
144224,3.0401785714285716
144262,3.3020833333333335
144268,2.0535714285714284
144294,3.203125
144296,2.1551724137931036
144298,3.090909090909091
144302,3.4310344827586206
144348,3.358695652173913
144352,3.4166666666666665
144382,3.824074074074074
144398,3.4489795918367347
144416,2.6923076923076925
144422,3.4583333333333335
144426,2.3046875
144482,3.261730969760167
144524,3.642857142857143
144538,3.2903225806451615
144540,3.3469387755102042
144550,2.9310344827586206
144556,3.2419354838709675
144580,3.268292682926829
144606,3.4437799043062203
144614,3.0576923076923075
144618,3.5403225806451615
144620,3.0407542579075426
144632,3.4060402684563758
144634,2.838235294117647
144636,2.9878048780487805
144656,3.3545454545454545
144688,3.078125
144690,3.1666666666666665
144698,3.1588235294117646
144714,2.7560975609756095
144716,2.8291666666666666
144734,3.047008547008547
144738,3.390625
144760,3.1058823529411765
144762,2.775
144782,2.731707317073171
144784,3.638888888888889
144910,3.142857142857143
144934,3.1323529411764706
144962,3.2
144976,3.6064777327935222
144982,2.584070796460177
145028,2.1271186440677967
145030,3.2699386503067487
145058,3.4833333333333334
145064,3.746153846153846
145066,2.986111111111111
145070,3.3202247191011236
145080,3.034090909090909
145094,2.908450704225352
145096,1.1923076923076923
145112,3.5789473684210527
145132,3.629032258064516
145140,3.514925373134328
145142,2.793103448275862
145146,2.8333333333333335
145150,3.600472813238771
145168,3.347826086956522
145180,3.517857142857143
145194,3.4107142857142856
145384,3.4311926605504586
145418,3.6052072263549415
145468,2.3796296296296298
145489,2.9285714285714284
145491,2.7613636363636362
145493,2.6451612903225805
145514,3.09375
145520,2.0892857142857144
145584,3.1666666666666665
145765,3.909090909090909
145771,3.3333333333333335
145839,3.570728291316527
145915,1.868421052631579
145935,3.2184466019417477
145994,4.0
146002,3.840659340659341
146006,3.7580645161290325
146024,3.8125
146028,4.060377358490566
146030,3.142857142857143
146040,3.7318840579710146
146048,3.5
146050,3.702127659574468
146156,3.460526315789474
146196,3.6202531645569622
146242,3.2115384615384617
146244,3.522222222222222
146279,2.9
146305,3.8333333333333335
146307,2.9966442953020134
146309,3.8008565310492504
146317,3.25
146327,4.15819209039548
146329,3.5949367088607596
146423,2.9098360655737703
146443,3.4107142857142856
146604,3.1144578313253013
146642,3.5
146656,3.646472392638037
146662,3.717488789237668
146668,3.3
146670,3.372549019607843
146672,3.5694444444444446
146674,3.135593220338983
146682,3.626865671641791
146684,2.9740259740259742
146688,3.2036423841059603
146702,3.5517241379310347
146866,3.4285714285714284
146878,3.5714285714285716
146900,3.1414473684210527
146904,2.7966101694915255
146926,2.3263157894736843
146928,3.2903225806451615
147002,3.073529411764706
147006,3.5185185185185186
147008,3.326923076923077
147010,3.9464285714285716
147022,2.931297709923664
147024,2.3448275862068964
147124,4.239130434782608
147142,3.735294117647059
147144,4.0
147186,3.282051282051282
147188,3.5
147194,3.588888888888889
147196,3.879166666666667
147198,3.3823529411764706
147206,3.171875
147212,3.6666666666666665
147232,3.7555555555555555
147240,3.4473684210526314
147244,3.5483870967741935
147246,3.550632911392405
147250,4.1291208791208796
147252,3.480392156862745
147262,2.9767441860465116
147268,3.9696969696969697
147282,3.5425531914893615
147290,4.076470588235294
147300,3.9927007299270074
147326,4.059375
147328,4.062189054726368
147330,4.110849056603773
147348,2.1666666666666665
147362,2.5535714285714284
147410,3.594972067039106
147432,3.736111111111111
147441,3.742424242424242
147726,3.0961538461538463
147738,3.3125
147750,3.658273381294964
147831,3.773913043478261
147833,4.091836734693878
147845,2.9342105263157894
147847,2.8232142857142857
147911,3.536363636363636
147927,3.707317073170732
147940,3.4411764705882355
147942,3.7033898305084745
148036,3.8911764705882352
148048,3.1216216216216215
148050,2.573529411764706
148054,3.3
148058,3.7925531914893615
148062,3.9411764705882355
148095,3.84
148108,2.585714285714286
148166,3.4885057471264367
148172,2.922145328719723
148238,2.5097222222222224
148242,3.236842105263158
148280,3.6129032258064515
148286,2.3255813953488373
148365,3.9038461538461537
148367,3.3972602739726026
148369,3.375
148372,3.391891891891892
148424,2.8622047244094486
148426,2.774390243902439
148440,3.207547169811321
148442,3.019230769230769
148466,3.4909090909090907
148468,3.3529411764705883
148470,3.4078947368421053
148472,3.25
148474,3.6219512195121952
148480,2.2027027027027026
148482,3.4
148620,3.6486486486486487
148626,4.070588235294117
148634,2.2972972972972974
148652,2.3278508771929824
148665,3.1607142857142856
148667,4.032656023222061
148671,3.7376298106292
148679,2.8225806451612905
148683,2.7327586206896552
148685,3.369565217391304
148689,3.227272727272727
148709,3.0
148727,2.9583333333333335
148775,2.977653631284916
148789,3.533333333333333
148838,3.6666666666666665
148855,3.3282828282828283
148867,2.4545454545454546
148881,4.008210180623974
148888,2.271951219512195
148921,3.130952380952381
148954,3.6724137931034484
148956,3.1434977578475336
148976,2.2241379310344827
148978,3.125
148980,3.293103448275862
148984,3.4827586206896552
149011,3.376923076923077
149144,3.2777777777777777
149186,1.9615384615384615
149334,3.734446130500759
149352,3.2065124250214225
149354,2.9554794520547945
149394,3.0161290322580645
149406,3.5336805555555557
149412,4.085714285714285
149418,3.8703703703703702
149508,3.25
149532,3.0754716981132075
149552,3.456140350877193
149572,3.3333333333333335
149590,3.1893939393939394
149606,3.597826086956522
149650,3.4291338582677167
149658,3.192857142857143
149670,3.2796610169491527
149723,3.227272727272727
149822,4.048387096774194
149830,2.9606382978723405
150194,3.386904761904762
150230,1.2903225806451613
150234,2.9285714285714284
150254,3.163551401869159
150258,2.860869565217391
150262,3.159340659340659
150268,2.4814814814814814
150270,3.25
150272,2.5833333333333335
150278,2.9390243902439024
150294,2.5570866141732282
150296,3.189655172413793
150324,2.2888888888888888
150334,2.5
150342,3.5980392156862746
150344,3.231707317073171
150538,2.462962962962963
150552,2.1527777777777777
150602,2.9583333333333335
150604,2.9095744680851063
150694,3.1733333333333333
150696,4.051724137931035
150776,3.0670103092783507
150894,2.9081632653061225
150993,3.0416666666666665
150995,3.25
151113,3.895440251572327
151199,3.3955223880597014
151309,2.9310344827586206
151311,3.1343283582089554
151313,1.5086206896551724
151315,3.23046875
151317,3.1783625730994154
151345,3.342436974789916
151357,3.1774193548387095
151414,3.5
151455,3.6433649289099526
151459,3.4277777777777776
151501,2.3780487804878048
151507,2.772727272727273
151515,3.388888888888889
151557,2.7037037037037037
151573,3.39
151587,3.7714285714285714
151593,2.5844155844155843
151597,3.5727272727272728
151605,3.4762845849802373
151639,3.021137026239067
151645,2.4507042253521125
151647,3.6607142857142856
151687,3.2445255474452557
151693,3.557142857142857
151695,3.377314814814815
151703,3.7386363636363638
151707,3.487012987012987
151717,3.369565217391304
151731,3.517123287671233
151735,2.691860465116279
151739,3.0720620842572064
151745,2.0416666666666665
151759,3.8761061946902653
151763,3.9241573033707864
151765,3.730769230769231
151767,3.2837837837837838
151769,3.8679245283018866
151777,3.359249329758713
151781,3.857487922705314
151789,2.1052631578947367
151911,3.0588235294117645
151913,1.25
151927,3.5
151933,3.3559322033898304
151941,3.5375
151951,3.5572916666666665
152011,3.173076923076923
152017,3.6725263686589655
152019,2.676470588235294
152025,3.5657894736842106
152031,2.5952380952380953
152037,3.06140350877193
152055,2.201492537313433
152057,3.108433734939759
152059,3.0083333333333333
152061,2.9686648501362396
152063,2.678970917225951
152065,3.870550161812298
152067,3.6451612903225805
152071,3.5045454545454544
152077,3.7330427072558003
152079,3.105148658448151
152081,3.8643112819832957
152083,3.306581059390048
152085,3.0714285714285716
152091,3.0
152099,3.242424242424242
152103,2.6346153846153846
152123,3.5307692307692307
152143,3.0357142857142856
152163,3.3716216216216215
152171,3.2954545454545454
152198,2.7794117647058822
152228,2.8545454545454545
152254,3.6323529411764706
152280,2.625
152284,3.8703703703703702
152290,3.813953488372093
152362,3.4814814814814814
152372,3.2452830188679247
152457,3.7903225806451615
152515,2.36046511627907
152545,3.3828125
152575,3.0606060606060606
152579,3.1923076923076925
152591,3.634453781512605
152613,3.0
152664,3.2333333333333334
152755,1.3653846153846154
152836,3.3333333333333335
152838,2.618181818181818
152842,3.85
152866,3.3258426966292136
152870,3.076923076923077
152970,4.026466165413534
152976,3.066265060240964
152984,3.074074074074074
153070,3.4340277777777777
153648,3.0689655172413794
153758,3.628205128205128
153766,3.5267857142857144
153780,3.5172413793103448
153790,3.1029411764705883
153792,2.9027777777777777
153794,3.1379310344827585
153798,3.1666666666666665
153804,2.7241379310344827
153931,3.6056338028169015
153959,3.491869918699187
154051,3.6265060240963853
154065,2.8
154075,2.81
154079,2.6451612903225805
154160,2.6724137931034484
154218,3.65625
154268,2.5238095238095237
154348,3.5365853658536586
154354,3.3857142857142857
154358,3.957920792079208
154470,3.380952380952381
154474,3.9523809523809526
154476,2.5441176470588234
154678,3.4411764705882355
154858,3.7708333333333335
154890,3.4765625
154915,3.6842105263157894
154939,2.963157894736842
154941,3.7096774193548385
154996,3.2641509433962264
155018,2.7831858407079646
155056,3.409090909090909
155062,3.3
155064,3.2081196581196583
155074,3.0051020408163267
155076,3.4285714285714284
155078,3.5353982300884956
155090,3.757575757575758
155109,3.851063829787234
155129,1.838235294117647
155181,3.122950819672131
155285,3.378787878787879
155288,3.630841121495327
155362,3.4166666666666665
155384,1.921875
155392,3.328767123287671
155501,2.75
155509,3.438365650969529
155545,2.968421052631579
155561,2.725806451612903
155581,2.861344537815126
155583,3.3457943925233646
155595,3.1228070175438596
155599,3.4375
155625,3.359848484848485
155627,3.6486486486486487
155659,3.335073068893528
155715,3.0813953488372094
155727,3.196969696969697
155743,2.8470790378006874
155748,3.4903846153846154
155798,3.486111111111111
155800,3.422727272727273
155810,3.0652173913043477
155812,2.8152173913043477
155814,2.642857142857143
155820,3.0421216848673946
155828,3.263779527559055
155830,3.208955223880597
155832,2.3846153846153846
155846,2.872093023255814
155874,3.307142857142857
155966,3.0
155968,3.859027777777778
155970,2.7241379310344827
156000,3.163265306122449
156002,3.3333333333333335
156017,3.378787878787879
156025,3.0849056603773586
156125,2.8625
156187,3.857142857142857
156369,3.8
156371,3.55643994211288
156387,3.9204747774480713
156410,3.3703703703703702
156547,2.6911764705882355
156553,3.0555555555555554
156581,3.466666666666667
156605,3.7196581196581198
156607,2.965006729475101
156609,2.947802197802198
156706,2.6392045454545454
156726,3.4544025157232703
156755,3.340909090909091
156771,3.857142857142857
156773,3.7325581395348837
156775,3.588888888888889
156777,3.4239130434782608
156779,3.484375
156781,3.663793103448276
156783,3.482142857142857
156785,3.6744186046511627
156787,3.7083333333333335
156819,3.389830508474576
156846,4.029411764705882
156896,4.013513513513513
156898,2.803030303030303
156903,3.1328125
156944,3.750836120401338
156956,3.4479166666666665
157077,3.4545454545454546
157091,2.871794871794872
157100,2.8518518518518516
157106,2.828125
157122,3.705921052631579
157128,3.306451612903226
157132,2.806451612903226
157142,2.8823529411764706
157164,3.0344827586206895
157176,3.0738636363636362
157186,3.693548387096774
157200,3.2257462686567164
157212,2.8421052631578947
157224,2.675141242937853
157268,3.297153024911032
157270,2.903225806451613
157274,3.5810185185185186
157276,3.121301775147929
157296,3.541535226077813
157312,2.753993610223642
157318,3.9688922610015176
157326,3.1837606837606836
157338,3.483160621761658
157340,2.7648970747562296
157342,3.2567567567567566
157361,3.759815242494226
157365,2.878787878787879
157373,4.1935975609756095
157385,2.7142857142857144
157387,2.6904761904761907
157407,2.511627906976744
157432,2.727272727272727
157498,3.6737967914438503
157561,3.480769230769231
157569,3.3846153846153846
157667,2.5128205128205128
157671,3.2752808988764044
157673,3.0166666666666666
157699,3.7023148148148146
157721,3.4464285714285716
157797,2.865168539325843
157835,2.2794117647058822
157847,3.2410714285714284
157851,3.5369127516778525
157853,3.304054054054054
157865,2.8349056603773586
157881,2.7278481012658227
157959,2.704081632653061
157961,3.1018957345971563
158003,3.63
158070,3.323943661971831
158092,3.9279661016949152
158157,4.083333333333333
158159,3.661764705882353
158238,3.778486997635934
158254,1.8636363636363635
158260,3.0709677419354837
158268,3.0185185185185186
158270,3.8
158284,3.5517241379310347
158296,3.5689655172413794
158310,3.5816326530612246
158314,3.453125
158316,3.727272727272727
158336,2.960526315789474
158382,2.8855421686746987
158388,2.8857142857142857
158398,3.3333333333333335
158402,3.3625
158408,3.2916666666666665
158412,2.5638297872340425
158414,3.7327586206896552
158428,2.142857142857143
158528,3.125291375291375
158530,2.5113636363636362
158538,3.8125
158575,3.1
158651,3.689655172413793
158691,2.392857142857143
158727,2.875
158783,4.106494920174166
158813,3.0262968299711814
158830,3.094929245283019
158842,3.4846153846153847
158844,3.736842105263158
158846,3.8214285714285716
158848,3.838235294117647
158852,3.8518518518518516
158856,3.625
158858,3.6578947368421053
158860,3.78125
158864,3.9594594594594597
158868,3.725806451612903
158872,2.7740912933220625
158956,2.8700980392156863
158958,3.8636363636363638
158962,3.1021505376344085
158966,3.930857675574891
158972,3.719219219219219
158974,3.3629032258064515
159000,3.573170731707317
159061,3.791539245667686
159077,3.088495575221239
159093,3.4638066851181604
159161,3.536231884057971
159163,3.061111111111111
159177,3.511904761904762
159185,3.790909090909091
159191,3.5950413223140494
159193,3.2920353982300883
159195,3.8662587412587412
159223,2.5714285714285716
159403,3.7280701754385963
159415,3.505661231884058
159427,3.41
159439,3.517857142857143
159441,2.6956018518518516
159447,3.203422053231939
159451,3.559055118110236
159484,2.925925925925926
159606,3.566666666666667
159614,3.17816091954023
159626,2.0675675675675675
159690,2.7176724137931036
159692,3.462962962962963
159696,2.4257425742574257
159717,3.7723449001051526
159719,3.661290322580645
159755,3.305064782096584
159811,3.911042944785276
159813,2.4444444444444446
159817,4.448092868988391
159827,3.5918367346938775
159849,3.958498023715415
159858,3.5083565459610027
159917,3.827777777777778
159970,2.86734693877551
159972,2.4214285714285713
159976,3.54
160010,3.757575757575758
160020,3.462025316455696
160080,2.6659533999048977
160084,3.201923076923077
160110,3.211864406779661
160112,2.2962962962962963
160114,2.9871794871794872
160124,3.230769230769231
160149,2.769230769230769
160161,3.015625
160187,2.64
160201,3.5846153846153848
160209,3.627450980392157
160236,2.9642857142857144
160271,3.212855637513172
160289,4.119676945668135
160301,3.1298701298701297
160317,3.7083333333333335
160333,3.6285714285714286
160335,3.5703125
160400,3.3969465648854964
160416,3.6379310344827585
160436,3.486111111111111
160438,3.5215281989084293
160474,2.6296296296296298
160533,2.8970588235294117
160553,3.39375
160555,3.3333333333333335
160559,3.1094890510948905
160563,2.9693223443223444
160565,2.978337236533958
160567,3.2051612903225806
160569,2.9084084084084085
160571,3.1178909952606637
160573,3.160480349344978
160581,2.7704918032786887
160590,4.029411764705882
160598,2.683333333333333
160608,3.2903225806451615
160644,3.419047619047619
160646,2.806122448979592
160648,2.789473684210526
160656,3.5085714285714285
160666,3.3653846153846154
160674,2.7681159420289854
160678,3.0
160684,2.854609929078014
160700,2.357142857142857
160710,2.738095238095238
160718,4.160438465371201
160726,3.3333333333333335
160730,2.564516129032258
160848,3.642436149312377
160872,2.2857142857142856
160874,3.4556962025316458
160876,3.5056818181818183
160880,3.40625
160892,3.721518987341772
160952,3.564516129032258
160954,3.4553695955369594
160980,3.792545507078879
160982,3.215686274509804
160988,3.467391304347826
160990,3.6019108280254777
160992,2.85
161024,3.8074074074074074
161032,3.5526315789473686
161034,3.3333333333333335
161060,3.269230769230769
161062,3.2338709677419355
161078,3.25
161111,2.7857142857142856
161127,3.5373900293255134
161131,3.667923235092529
161179,3.3
161240,3.6323529411764706
161312,2.864864864864865
161334,3.2
161346,3.032258064516129
161348,3.318032786885246
161354,3.0
161580,3.223926380368098
161582,3.9072736030828517
161584,3.1056338028169015
161586,3.3133333333333335
161588,2.0813953488372094
161594,3.1625766871165646
161604,2.5576923076923075
161616,2.9074074074074074
161620,3.486111111111111
161622,3.3703703703703702
161634,3.530497592295345
161650,2.7940140845070425
161658,2.3275862068965516
161686,2.6136363636363638
161738,2.40625
161852,2.814814814814815
161918,1.7228915662650603
161920,2.4791666666666665
161922,3.704740148486579
161940,3.421875
161942,3.823529411764706
161954,3.5
161956,3.2168508287292816
161958,3.0873015873015874
161966,3.4880191693290734
162082,3.8389010302841085
162148,2.6140350877192984
162150,2.0625
162160,2.8615384615384616
162162,2.5
162210,3.84375
162308,3.0961538461538463
162316,3.0384615384615383
162322,3.270755885997522
162344,3.8237704918032787
162346,2.4594594594594597
162348,3.1076923076923078
162350,3.426829268292683
162356,3.026315789473684
162396,2.9466666666666668
162414,3.8454631379962194
162416,3.4489795918367347
162418,3.4326923076923075
162448,3.237704918032787
162460,3.1454545454545455
162464,4.075757575757576
162470,3.357142857142857
162478,2.905117270788913
162540,2.8125
162542,3.3684210526315788
162566,3.9146341463414633
162576,2.971014492753623
162578,3.8531148509005018
162590,3.0724191063174113
162592,3.5551020408163265
162594,3.065028901734104
162596,3.7135922330097086
162598,3.5500681198910082
162600,3.38366124893071
162602,3.2618733509234827
162604,2.9242424242424243
162606,3.740673750847841
162608,3.2586206896551726
162632,3.3333333333333335
162634,3.0531914893617023
162660,2.578125
162716,3.5517241379310347
162726,3.0342465753424657
162730,3.09375
162732,3.240740740740741
162738,3.7
162828,3.304556354916067
162842,2.870967741935484
162844,2.875
162864,3.8206521739130435
162882,3.184357541899441
162968,3.647887323943662
162982,3.8252032520325203
162990,3.5779220779220777
163020,3.2534246575342465
163022,2.84
163056,3.572139303482587
163060,2.688888888888889
163062,2.0576923076923075
163064,2.6379310344827585
163066,3.903361344537815
163072,3.8734439834024896
163092,2.909090909090909
163094,3.2291666666666665
163112,3.9455958549222796
163118,2.965909090909091
163122,2.234375
163134,4.16751269035533
163136,3.78125
163312,3.625
163386,3.873456790123457
163464,2.9285714285714284
163474,3.3448275862068964
163496,3.6058823529411765
163504,2.941666666666667
163508,3.454861111111111
163510,3.625
163512,3.6974522292993632
163527,3.2142857142857144
163547,2.8461538461538463
163571,3.0172413793103448
163585,3.528169014084507
163587,2.9886363636363638
163645,3.8981856784404556
163653,3.2142857142857144
163663,3.3780487804878048
163713,2.967741935483871
163715,2.5961538461538463
163717,3.522222222222222
163719,3.2714285714285714
163761,3.462962962962963
163765,3.4655172413793105
163771,3.3315217391304346
163809,4.256993006993007
163909,3.9357142857142855
163911,2.5873015873015874
163921,3.257575757575758
163925,3.6363636363636362
163931,2.9318181818181817
163935,3.2884615384615383
163937,2.641843971631206
163941,3.383116883116883
163949,3.710191082802548
163951,2.5754716981132075
163955,3.4269662921348316
163959,3.397286821705426
163965,3.403409090909091
163971,3.4675
163979,3.616279069767442
163981,2.7616822429906542
163983,3.5166666666666666
163985,3.295741324921136
163993,2.242424242424242
164019,3.369565217391304
164047,3.3833333333333333
164103,2.017857142857143
164107,3.7880794701986753
164141,2.7559055118110236
164145,2.91025641025641
164147,3.242857142857143
164149,3.732142857142857
164163,3.102803738317757
164175,3.6194516971279374
164179,4.053164618448536
164200,3.210124826629681
164204,3.703125
164226,2.2738095238095237
164228,3.0344827586206895
164236,3.2857142857142856
164260,3.9065040650406506
164264,3.375
164268,3.3214285714285716
164280,3.9074074074074074
164367,3.4359351988217965
164369,3.705
164373,2.4431818181818183
164395,3.209090909090909
164397,3.25
164411,3.8252314814814814
164455,3.5865384615384617
164540,3.5244565217391304
164546,2.8376623376623376
164598,3.42
164606,2.9464285714285716
164616,2.4444444444444446
164639,3.07
164643,3.767857142857143
164649,3.421875
164655,3.443661971830986
164699,3.6041666666666665
164709,2.75
164725,2.605769230769231
164727,3.173076923076923
164729,2.7282608695652173
164735,2.7604166666666665
164767,3.086206896551724
164801,2.890625
164821,3.1457253886010363
164869,3.0
164893,3.326923076923077
164899,3.752314814814815
164905,3.1574074074074074
164909,3.738556812062466
164917,3.8869918699186994
164921,3.787037037037037
164931,3.546816479400749
164933,3.4925373134328357
164935,3.642857142857143
164949,3.8455882352941178
164959,2.5405405405405403
164981,3.53003003003003
164983,2.7837837837837838
165023,2.3970588235294117
165069,4.018072289156627
165085,2.8815789473684212
165087,3.4152542372881354
165101,3.102962962962963
165103,3.2121710526315788
165105,3.182730923694779
165115,3.1944444444444446
165117,3.5294117647058822
165119,2.951492537313433
165123,3.1206896551724137
165125,2.838709677419355
165139,2.9714285714285715
165141,2.996420047732697
165163,3.2083333333333335
165179,3.176056338028169
165219,2.5
165235,3.039473684210526
165239,3.7371134020618557
165329,3.142857142857143
165337,3.5303738317757007
165343,2.4375
165347,3.151743264659271
165349,2.8253968253968256
165351,3.2413793103448274
165353,2.995575221238938
165395,3.265957446808511
165407,3.6555555555555554
165413,3.540983606557377
165421,3.532520325203252
165441,3.0
165483,3.389423076923077
165487,2.9
165489,3.5303030303030303
165491,3.6686746987951806
165503,3.8191489361702127
165527,3.8
165537,2.5555555555555554
165539,2.509433962264151
165549,3.860292012596622
165551,3.92865275142315
165553,3.1511627906976742
165601,2.740740740740741
165603,3.5135327635327633
165635,3.202127659574468
165639,3.592814371257485
165641,3.6707317073170733
165643,3.2653061224489797
165645,2.6940298507462686
165669,2.725609756097561
165673,3.6052631578947367
165681,2.877551020408163
165699,3.228723404255319
165709,3.5789473684210527
165723,3.0256410256410255
165823,3.5245901639344264
165831,3.4423076923076925
165841,3.769230769230769
165843,3.2037037037037037
165853,3.5128205128205128
165855,2.574074074074074
165859,3.028409090909091
165869,3.6944444444444446
165883,3.4245283018867925
165885,3.2142857142857144
165897,2.717741935483871
165933,3.769230769230769
165937,3.4065420560747666
165939,3.4814814814814814
165947,2.9789719626168223
165959,3.5833333333333335
165961,3.507042253521127
165963,3.28
165969,4.034883720930233
166015,3.5555555555555554
166020,2.1791044776119404
166024,4.2319908316961365
166042,3.366336633663366
166140,2.951923076923077
166143,3.6206896551724137
166149,3.4626168224299065
166183,3.7685185185185186
166203,3.216666666666667
166213,2.980769230769231
166235,2.5
166245,3.5508474576271185
166285,3.477777777777778
166291,4.04972972972973
166295,3.65625
166310,3.75
166369,3.9242424242424243
166379,3.7142857142857144
166461,3.8222102619303913
166478,2.8636363636363638
166480,3.1296296296296298
166486,3.1869627507163325
166492,3.031609195402299
166494,3.4107142857142856
166526,3.2857142857142856
166528,3.7603086756567152
166530,3.017094017094017
166532,3.084090909090909
166534,3.6095403295750215
166544,2.5625
166558,3.212651413189771
166562,3.2777777777777777
166568,3.8099273607748185
166572,2.811320754716981
166589,1.7878787878787878
166615,2.9779411764705883
166635,3.522523271276596
166643,3.996002041510718
166653,3.5833333333333335
166655,3.3363636363636364
166705,3.475765306122449
166721,3.4655172413793105
166741,1.53125
166755,3.381818181818182
166767,3.7448979591836733
166777,2.99468085106383
166788,3.790650406504065
166802,3.3295454545454546
166918,2.952355460385439
166940,3.61
166946,3.7612612612612613
166958,2.609375
166964,3.7037037037037037
166974,3.1724137931034484
167018,3.318921232876712
167036,3.401388085598612
167038,3.3421052631578947
167064,3.7262247838616713
167122,3.0344827586206895
167126,3.2222222222222223
167136,3.175
167152,2.7777777777777777
167174,2.5135135135135136
167184,2.603448275862069
167186,2.25
167234,3.8333333333333335
167248,3.730366492146597
167334,3.163265306122449
167352,2.580357142857143
167366,3.9310344827586206
167370,2.655078125
167378,3.4642857142857144
167380,3.622529644268775
167392,3.9365217391304346
167426,3.3727272727272726
167470,3.7710843373493974
167488,2.7758620689655173
167494,3.0833333333333335
167498,2.7714285714285714
167502,3.037037037037037
167536,2.5483870967741935
167544,3.694060773480663
167546,3.46
167564,3.1107142857142858
167570,3.6508620689655173
167620,3.1242774566473988
167634,2.847985347985348
167636,2.6777777777777776
167638,2.7142857142857144
167640,3.230142566191446
167644,3.4594594594594597
167682,3.269230769230769
167696,3.2244897959183674
167732,3.6580459770114944
167738,2.7884615384615383
167740,2.0822368421052633
167744,2.9130434782608696
167746,3.5769398430688755
167762,3.3461538461538463
167764,3.0142857142857142
167772,3.3142857142857145
167780,3.176470588235294
167788,3.585714285714286
167792,4.058673469387755
167794,3.7211538461538463
167800,3.3068181818181817
167832,4.052067946824224
167838,2.8174603174603177
167842,2.135593220338983
167850,3.642857142857143
167856,3.6219512195121952
167858,2.7083333333333335
167870,3.4693877551020407
167964,3.7045454545454546
167980,2.242424242424242
167986,2.6354166666666665
167990,3.4946236559139785
168026,3.625
168040,3.4029126213592233
168058,3.5714285714285716
168060,2.3444444444444446
168090,3.816901408450704
168122,3.6125827814569536
168126,2.5555555555555554
168130,3.15
168134,3.5
168154,2.425925925925926
168166,3.607142857142857
168172,3.7133333333333334
168174,3.4516129032258065
168218,3.6640625
168248,3.820999858777009
168250,4.0017543859649125
168252,3.916783371415936
168254,3.19949281487743
168266,3.5987815491731943
168274,2.4732142857142856
168278,2.765151515151515
168282,4.0212765957446805
168286,3.2157738095238093
168288,3.2655502392344498
168326,3.803224687933426
168328,3.3249027237354087
168330,3.50642523364486
168334,3.59375
168344,3.3170454545454544
168348,3.125
168352,2.692857142857143
168358,2.686046511627907
168366,3.3880090497737556
168370,2.359375
168408,2.267123287671233
168418,3.0124246987951806
168420,3.265765765765766
168426,3.2109375
168430,2.87
168462,3.7794117647058822
168492,3.948675989288902
168498,2.872773536895674
168554,2.9455445544554455
168586,3.0
168608,3.6630170316301705
168610,3.5174482006543077
168612,3.2162806539509536
168626,3.206896551724138
168632,3.599236641221374
168636,3.4328358208955225
168650,2.5425531914893615
168652,2.1774193548387095
168660,2.95
168668,3.757575757575758
168712,2.5404255319148934
168714,2.6666666666666665
168722,2.8658536585365852
168738,2.6363636363636362
168760,4.0
168772,2.875
168774,3.4166666666666665
168784,3.0
168798,3.861111111111111
168806,3.535031847133758
168838,3.1666666666666665
168846,3.5096153846153846
168862,3.077777777777778
168884,3.0308641975308643
168910,3.6458333333333335
168996,3.514705882352941
169022,3.9285714285714284
169028,3.084967320261438
169034,3.5294117647058822
169164,3.103723404255319
169166,3.5034129692832763
169168,2.488372093023256
169172,3.0689655172413794
169180,2.606060606060606
169188,3.342857142857143
169198,2.9814814814814814
169204,3.6595744680851063
169216,3.1153846153846154
169218,3.890909090909091
169220,3.5112359550561796
169250,3.4
169252,4.028061224489796
169256,3.1176470588235294
169264,3.6166666666666667
169288,3.35
169294,3.9224137931034484
169390,3.0
169400,3.4166666666666665
169488,3.8333333333333335
169530,3.7115384615384617
169654,2.7416666666666667
169656,3.5141509433962264
169666,3.0757575757575757
169668,3.2
169670,3.176706827309237
169692,3.442622950819672
169694,3.706896551724138
169756,3.426282051282051
169758,3.3392857142857144
169760,3.2379679144385025
169762,3.1785714285714284
169764,3.096514745308311
169776,3.433333333333333
169782,3.6794871794871793
169792,3.413793103448276
169814,2.375
169828,3.3260869565217392
169842,3.1677631578947367
169864,3.3039931300987546
169880,3.024390243902439
169888,3.375
169900,3.2579298831385644
169902,2.8819444444444446
169906,4.129824561403509
169912,3.265625
169948,3.5950413223140494
169954,4.085106382978723
169958,3.296
169982,2.6462628865979383
169984,3.1925858951175408
169992,3.096852300242131
170024,2.831168831168831
170046,1.6741573033707866
170117,3.371794871794872
170125,3.4910714285714284
170127,3.7906976744186047
170129,2.7954545454545454
170151,3.068345323741007
170153,2.5
170191,1.9880952380952381
170193,3.0166666666666666
170197,3.3846153846153846
170213,3.4642857142857144
170235,3.0166666666666666
170241,3.2794117647058822
170253,2.7028985507246377
170263,3.5544554455445545
170273,2.375
170285,1.875
170287,2.106060606060606
170289,2.1147540983606556
170291,2.875
170293,3.1076923076923078
170297,3.215686274509804
170303,3.1847826086956523
170317,3.1875
170355,4.1311365164761265
170357,3.778588807785888
170361,3.5096153846153846
170365,2.8970588235294117
170369,3.073529411764706
170371,1.6896551724137931
170393,3.582089552238806
170399,3.0099337748344372
170401,3.0704845814977975
170403,3.4076819407008085
170405,2.7777777777777777
170407,3.3153846153846156
170411,3.712328767123288
170423,2.94
170425,3.9454545454545453
170477,2.629032258064516
170481,2.8482142857142856
170489,3.301470588235294
170509,3.5641025641025643
170537,2.8333333333333335
170551,3.264705882352941
170555,3.2029411764705884
170591,3.4318181818181817
170597,3.7333333333333334
170599,3.480769230769231
170601,3.151898734177215
170605,3.6956521739130435
170611,3.7666666666666666
170615,3.5526315789473686
170623,3.1346153846153846
170627,2.832116788321168
170629,3.2657563025210083
170635,3.881188118811881
170637,3.46875
170645,3.672025723472669
170697,3.900386847195358
170705,4.423985890652557
170709,3.1842105263157894
170729,3.652542372881356
170745,3.4698162729658795
170751,2.860869565217391
170775,3.396551724137931
170777,4.153579676674365
170781,3.3189655172413794
170787,3.19205298013245
170789,2.1630434782608696
170799,3.7869318181818183
170809,3.5656565656565657
170813,2.853061224489796
170815,2.5342465753424657
170817,2.4331683168316833
170827,2.5948275862068964
170835,2.4696969696969697
170837,3.2096774193548385
170865,2.9166666666666665
170875,3.203598484848485
170891,3.3454545454545452
170897,2.5225225225225225
170901,3.125
170907,3.7242990654205608
170913,3.1739130434782608
170915,3.3666666666666667
170917,3.1451612903225805
170937,3.0547945205479454
170939,2.8565573770491803
170943,3.3275862068965516
170945,3.262108262108262
170947,3.5993589743589745
170949,2.877551020408163
170957,3.161680092059839
170959,3.615079365079365
170961,3.0107913669064748
170973,3.388888888888889
170993,2.9074074074074074
171007,2.984848484848485
171011,4.451739343459089
171013,3.779220779220779
171023,3.2971014492753623
171049,3.161654135338346
171067,3.742857142857143
171093,3.861111111111111
171095,3.526315789473684
171109,2.9078947368421053
171111,3.27
171113,3.453488372093023
171141,3.6030534351145036
171153,2.717948717948718
171167,2.95
171169,2.6481481481481484
171179,3.950617283950617
171187,3.7241379310344827
171191,3.234375
171207,2.6436781609195403
171213,2.4827586206896552
171227,3.2088607594936707
171233,3.35
171251,3.0694444444444446
171253,3.6982758620689653
171263,3.3448275862068964
171265,3.3958333333333335
171315,3.2261904761904763
171349,3.7777777777777777
171439,3.4366666666666665
171455,3.517857142857143
171463,2.8461538461538463
171465,2.6621621621621623
171467,3.5759493670886076
171491,3.269662921348315
171495,4.3432
171497,2.80188679245283
171501,2.711864406779661
171505,3.370967741935484
171541,3.509259259259259
171561,1.75
171581,2.9150943396226414
171583,3.403225806451613
171601,2.3333333333333335
171603,3.769230769230769
171605,3.1097560975609757
171609,2.9857142857142858
171611,3.5221518987341773
171631,2.75
171647,3.966666666666667
171689,3.1271186440677967
171695,3.508771929824561
171703,3.515625
171727,2.2830188679245285
171737,2.896551724137931
171749,4.093320235756385
171751,3.571969696969697
171757,2.4523809523809526
171759,3.151006711409396
171763,3.8105672851354235
171765,3.5212355212355213
171767,2.6607142857142856
171769,4.166666666666667
171803,3.0526315789473686
171805,2.8846153846153846
171835,3.3
171867,2.5938511326860842
171869,3.0714285714285716
171879,3.2083333333333335
171881,3.0583941605839415
171925,3.1627906976744184
171983,3.196969696969697
172009,3.7308970099667773
172017,3.7857142857142856
172067,3.8333333333333335
172107,3.0327868852459017
172117,2.988372093023256
172223,3.1515151515151514
172255,3.66875
172289,1.8269230769230769
172343,3.5256410256410255
172409,3.3378378378378377
172429,3.3461538461538463
172433,2.6363636363636362
172455,3.127906976744186
172461,3.52212389380531
172489,2.1379310344827585
172501,3.293103448275862
172511,3.611111111111111
172529,3.533333333333333
172541,3.46875
172547,3.1186567164179104
172549,3.5294117647058822
172573,2.893617021276596
172577,3.9836065573770494
172583,3.69811320754717
172585,3.8151260504201683
172587,3.966867469879518
172589,3.927480916030534
172593,3.1666666666666665
172609,3.576923076923077
172621,3.0789473684210527
172623,3.575
172635,3.9193548387096775
172637,3.78
172641,3.1444444444444444
172661,3.8552631578947367
172667,3.727272727272727
172671,3.4857142857142858
172699,3.8055555555555554
172731,3.197674418604651
172743,3.279255319148936
172763,3.46
172777,3.0833333333333335
172789,2.93
172793,3.6875
172795,3.715909090909091
172799,3.125
172803,3.2962962962962963
172807,3.390909090909091
172809,2.9069767441860463
172813,3.358490566037736
172819,3.8974358974358974
172825,3.9361702127659575
172865,2.0
172877,3.7572254335260116
172879,3.65
172881,3.674074074074074
172887,3.7409638554216866
172889,3.6196319018404908
172915,3.2753623188405796
172935,3.5357142857142856
173007,3.25
173093,3.081081081081081
173137,2.452830188679245
173139,2.9121621621621623
173145,3.5842269111034244
173161,3.1188811188811187
173197,3.637990762124711
173203,3.186046511627907
173205,3.4513274336283186
173207,3.316666666666667
173209,2.9974554707379135
173223,3.107142857142857
173255,3.394230769230769
173267,3.3666666666666667
173273,3.1794871794871793
173283,3.150943396226415
173285,3.326923076923077
173291,3.168890934192361
173307,1.9285714285714286
173345,3.8555555555555556
173351,3.838888888888889
173355,3.8902439024390243
173359,3.6964285714285716
173369,3.5456375838926175
173417,2.8333333333333335
173429,3.630434782608696
173467,3.3214285714285716
173499,3.261904761904762
173523,3.0
173541,3.5344827586206895
173619,3.827272727272727
173621,3.6481481481481484
173623,3.050724637681159
173627,3.2413793103448274
173629,3.122448979591837
173687,3.669811320754717
173731,3.044642857142857
173735,3.9054054054054053
173815,3.75
173817,3.5964912280701755
173823,3.2551020408163267
173827,3.5476190476190474
173831,2.75
173835,2.925925925925926
173837,2.625
173845,3.0405405405405403
173847,2.1774193548387095
173873,3.2037037037037037
173879,2.894230769230769
173891,3.8620689655172415
173913,3.6666666666666665
173925,3.4416802610114194
173933,2.823529411764706
173939,3.8349514563106797
173941,3.3440298507462685
173955,3.7734375
173957,3.66
173963,3.546875
174017,3.6861702127659575
174031,2.9285714285714284
174035,3.4814814814814814
174045,2.752577319587629
174055,3.792244391838575
174085,3.5185185185185186
174087,3.6346153846153846
174141,3.8470149253731343
174157,3.1206896551724137
174181,3.6818181818181817
174241,2.7884615384615383
174371,2.529166666666667
174395,3.2738853503184715
174403,3.108108108108108
174407,2.992957746478873
174423,3.4504950495049505
174479,3.2796610169491527
174481,3.1206896551724137
174483,3.0638297872340425
174485,3.1666666666666665
174487,3.792604501607717
174489,3.8290598290598292
174491,3.686046511627907
174503,2.888888888888889
174515,2.858974358974359
174533,2.6555555555555554
174535,2.6363636363636362
174541,2.513157894736842
174543,2.675925925925926
174545,2.551282051282051
174549,3.091463414634146
174551,4.133928571428571
174565,3.63265306122449
174585,2.348360655737705
174615,3.4375
174645,3.060344827586207
174665,2.7432432432432434
174681,3.5123456790123457
174685,3.7142857142857144
174703,4.151515151515151
174711,2.489795918367347
174719,3.086206896551724
174727,3.8730830248545742
174815,2.9047619047619047
174819,3.6666666666666665
174829,3.709090909090909
174831,3.658333333333333
174857,2.603448275862069
174859,3.5314685314685317
174879,4.0344827586206895
174887,2.810344827586207
174893,2.8346456692913384
174901,3.689655172413793
174909,3.5497326203208557
174933,3.728395061728395
174957,3.5084745762711864
175139,3.276595744680851
175141,3.6714285714285713
175143,3.7421875
175151,3.1808510638297873
175155,3.0161290322580645
175165,3.252136752136752
175187,2.578125
175191,1.9814814814814814
175195,2.4464285714285716
175197,2.6956726246472247
175199,3.2482468443197754
175231,3.0833333333333335
175233,2.6979166666666665
175243,2.8333333333333335
175247,3.909090909090909
175253,2.6904761904761907
175277,3.8762886597938144
175281,3.225925925925926
175291,3.7162162162162162
175293,3.8550724637681157
175301,2.689189189189189
175303,3.5082080696202533
175309,3.586206896551724
175311,3.6818181818181817
175351,2.693548387096774
175387,3.8098591549295775
175397,3.9177215189873418
175401,3.84375
175429,3.6904761904761907
175431,3.727272727272727
175435,3.8518518518518516
175441,3.4069767441860463
175475,1.7092307692307693
175477,3.0526315789473686
175485,2.1507936507936507
175505,2.0384615384615383
175531,3.3541666666666665
175569,3.877727952167414
175579,3.2746478873239435
175585,3.695945945945946
175593,3.6578947368421053
175603,2.9453125
175639,3.603448275862069
175643,3.625
175649,2.4358974358974357
175655,2.978
175657,3.2818181818181817
175659,3.539087947882736
175661,3.5589754627636676
175665,3.4926470588235294
175667,3.772972972972973
175669,3.1091954022988504
175671,2.925
175673,1.9315068493150684
175695,3.7906976744186047
175755,3.0555555555555554
175765,3.27027027027027
175779,3.5
175783,2.544642857142857
175791,4.0
175795,2.982608695652174
175797,3.421875
175809,3.4193548387096775
175813,3.838372093023256
175831,3.587378640776699
176057,3.1481481481481484
176073,3.3051948051948052
176101,3.427187008905186
176103,2.8964646464646466
176105,2.7781350482315115
176173,3.175
176211,3.6233766233766236
176219,2.902061855670103
176223,3.527027027027027
176265,2.462962962962963
176339,2.8275862068965516
176349,3.648026315789474
176351,2.2465753424657535
176355,3.1479289940828403
176365,3.2564102564102564
176371,3.9596281424581004
176389,2.642857142857143
176391,1.8255813953488371
176397,2.8472222222222223
176403,3.8793103448275863
176419,3.4977298524404086
176423,3.9905555555555554
176487,3.205607476635514
176521,2.5153061224489797
176523,3.5710059171597632
176533,3.6176470588235294
176551,3.0985915492957745
176567,3.611334002006018
176571,3.3828125
176599,2.6554621848739495
176601,4.2247403210576016
176603,2.3962848297213624
176605,3.4722222222222223
176609,3.3970588235294117
176619,3.35
176625,3.296875
176653,3.45
176681,2.8403361344537816
176699,3.375
176701,3.3666666666666667
176751,3.677175612298072
176753,3.7093023255813953
176759,3.189655172413793
176801,3.6622119815668204
176829,3.12992125984252
176849,2.717391304347826
176887,3.802521008403361
176919,3.153225806451613
176921,3.2847222222222223
176923,2.584507042253521
176927,2.4838709677419355
176929,3.4501694915254237
176933,3.5323779193205946
176935,2.7514836795252227
176937,2.8790786948176583
176943,3.388059701492537
176987,3.259259259259259
176997,3.1875
177003,3.284090909090909
177013,3.3448275862068964
177095,3.6186440677966103
177101,2.876984126984127
177113,3.5526315789473686
177119,2.6984126984126986
177123,3.2195121951219514
177225,3.0717391304347825
177231,3.1887417218543046
177233,3.4148936170212765
177237,3.335211267605634
177239,3.3291666666666666
177241,2.5974025974025974
177243,3.5303867403314917
177245,3.303030303030303
177285,3.254385964912281
177287,2.790243902439024
177297,2.203125
177379,2.8194444444444446
177381,3.0
177483,3.292307692307692
177495,3.694915254237288
177497,3.5555555555555554
177545,3.0
177555,3.9423076923076925
177587,3.638888888888889
177593,4.003846638920419
177601,3.6875
177607,3.004950495049505
177611,2.8904109589041096
177615,3.8000192381685265
177651,3.8855670103092783
177689,3.678268630075859
177725,3.310810810810811
177737,3.6818181818181817
177757,3.1206896551724137
177763,3.341406908171862
177765,4.033521769314688
177769,2.8333333333333335
177771,2.7588028169014085
177787,3.1575342465753424
177807,3.4642857142857144
177865,3.3214285714285716
177867,3.4511494252873565
177871,3.477551020408163
177883,3.111607142857143
177913,3.4545454545454546
177939,3.851010101010101
177951,3.797979797979798
177993,2.639705882352941
178059,3.609375
178061,3.7604848018468644
178063,3.2540983606557377
178079,3.628205128205128
178083,2.7432432432432434
178085,2.8793103448275863
178111,2.9782608695652173
178323,3.092391304347826
178335,3.497560975609756
178355,2.360215053763441
178371,3.573529411764706
178375,3.642857142857143
178401,3.54149377593361
178419,2.9140625
178447,2.56687898089172
178477,3.43
178509,3.4859154929577465
178517,2.7058823529411766
178521,3.2748387096774194
178523,3.028109028960818
178529,2.3518518518518516
178613,4.001440922190202
178639,2.857142857142857
178667,3.2780269058295963
178679,3.5303030303030303
178715,3.0
178827,3.8053719008264464
178839,3.2203389830508473
178843,3.4682539682539684
178885,3.507575757575758
178907,3.391812865497076
178933,3.4711538461538463
178997,2.660377358490566
179005,3.376470588235294
179053,3.610655737704918
179055,3.3806818181818183
179085,3.5111408199643495
179091,3.576923076923077
179099,3.1203703703703702
179119,3.7275086505190314
179133,3.703402366863905
179135,4.312943962115233
179137,3.5376984126984126
179155,3.388888888888889
179163,2.9469026548672566
179173,4.088803088803089
179175,3.1578947368421053
179211,3.1153846153846154
179221,3.632978723404255
179247,3.235820895522388
179275,3.3
179285,2.9805825242718447
179287,3.4797979797979797
179293,3.486842105263158
179295,3.1748633879781423
179297,3.8783783783783785
179299,3.6222222222222222
179301,3.576923076923077
179325,3.519230769230769
179329,3.475
179331,3.7111111111111112
179333,3.130081300813008
179345,3.7268041237113403
179371,3.0892857142857144
179397,3.472972972972973
179401,3.5217948717948717
179409,3.2335329341317367
179411,3.388392857142857
179415,3.1875
179417,3.326388888888889
179437,2.8448275862068964
179451,3.7711864406779663
179491,3.286842105263158
179495,2.8229166666666665
179497,1.864864864864865
179593,2.59375
179647,3.5
179701,3.3
179709,3.076923076923077
179749,3.565315315315315
179761,3.9204545454545454
179779,3.801282051282051
179785,3.152173913043478
179795,3.4078947368421053
179811,3.4358974358974357
179813,3.338709677419355
179815,3.171875
179817,3.7856809701492535
179819,3.275910991636798
179821,3.0606060606060606
179823,2.5833333333333335
179827,3.238095238095238
179863,3.18974358974359
179881,2.792381974248927
179901,3.046666666666667
179919,3.8469387755102042
179925,3.697247706422018
179941,3.5
179953,2.7421259842519685
179967,3.6481481481481484
179977,3.403225806451613
179983,3.756172839506173
180001,3.435483870967742
180031,3.508376288659794
180033,3.330188679245283
180037,3.026315789473684
180039,3.2413793103448274
180043,2.7432432432432434
180045,3.7798124162572577
180091,2.846774193548387
180093,2.0588235294117645
180095,3.816917728852839
180129,3.5238095238095237
180137,3.66
180161,3.45
180205,3.2241379310344827
180211,3.548076923076923
180231,3.134228187919463
180245,3.533333333333333
180249,3.5185185185185186
180261,3.094736842105263
180263,3.1741573033707864
180265,3.566361556064073
180297,3.582093134901584
180325,2.922222222222222
180367,3.2796052631578947
180435,2.101123595505618
180453,3.1785714285714284
180497,3.6605482134116496
180555,2.828042328042328
180587,3.496124031007752
180591,3.75
180737,2.8552631578947367
180833,2.4098360655737703
180985,3.5599910793933986
180987,3.2275862068965515
181065,3.4642857142857144
181075,3.52212389380531
181077,2.9444444444444446
181115,2.7142857142857144
181155,3.5357142857142856
181217,3.7126436781609193
181231,3.25
181235,3.1025641025641026
181245,3.45
181267,3.62
181277,3.46875
181315,3.7749590834697218
181355,3.3676470588235294
181357,3.6030927835051547
181413,3.7333333333333334
181415,3.5
181453,3.1973684210526314
181475,3.0476190476190474
181601,2.7232142857142856
181671,3.699074074074074
181695,2.9814814814814814
181751,3.742424242424242
181925,3.302325581395349
182137,3.4324324324324325
182199,3.375
182297,3.5135135135135136
182341,2.3137254901960786
182353,3.2708333333333335
182359,2.817073170731707
182369,3.3043478260869565
182387,3.5317460317460316
182407,3.3555555555555556
182419,3.34375
182445,2.9705882352941178
182467,3.601123595505618
182475,2.881818181818182
182477,2.6904761904761907
182479,3.4029535864978904
182551,3.1025641025641026
182557,3.578125
182559,3.4423076923076925
182563,2.5
182615,3.3840579710144927
182637,3.8577981651376145
182679,2.70625
182713,3.3035714285714284
182715,3.594757281553398
182723,4.259599332220367
182749,2.8846153846153846
182783,3.6982758620689653
182819,2.759433962264151
182823,2.9581353919239906
182825,3.3656195462478187
182835,2.2945205479452055
182853,3.6474358974358974
182871,3.6481481481481484
182941,3.2222222222222223
182993,3.357142857142857
183011,3.318230277185501
183055,2.6231884057971016
183073,3.472972972972973
183077,3.1052631578947367
183087,3.25
183125,3.7884615384615383
183151,3.079710144927536
183155,3.450413223140496
183157,3.0441176470588234
183159,3.5405405405405403
183197,3.8145454545454545
183227,3.7953586497890295
183231,3.4242424242424243
183295,3.1521084337349397
183309,3.432926829268293
183323,3.3870967741935485
183339,3.84375
183353,2.296875
183379,2.9594594594594597
183397,3.50561797752809
183411,3.7884615384615383
183413,2.875
183419,2.795774647887324
183421,3.266025641025641
183423,4.0494296577946765
183445,3.6296296296296298
183457,2.175438596491228
183461,3.7046783625730995
183497,2.9705882352941178
183507,2.675
183529,3.4910714285714284
183589,2.5859188544152745
183597,3.5595238095238093
183611,3.597053726169844
183613,3.4440184049079754
183619,3.440320232896652
183633,3.4038461538461537
183635,3.234929810074319
183641,3.79
183651,2.803030303030303
183661,2.7373737373737375
183671,3.49438202247191
183695,3.1835106382978724
183699,3.585889570552147
183701,3.3002717391304346
183703,3.241573033707865
183727,2.671875
183739,3.5961538461538463
183795,3.482142857142857
183815,1.768939393939394
183817,3.45
183827,2.878787878787879
183831,2.9680851063829787
183833,2.8383620689655173
183837,3.855120481927711
183843,3.526378896882494
183855,2.691823899371069
183865,3.095505617977528
183867,2.923076923076923
183869,3.8724897430360614
183891,3.0555555555555554
183897,3.854855588112181
183909,3.3358208955223883
183911,2.5064102564102564
183915,3.1949685534591197
183959,3.8161764705882355
183979,3.723404255319149
183981,3.3666666666666667
183985,3.4743589743589745
184009,2.789473684210526
184015,3.2134328358208957
184017,2.7301587301587302
184023,3.2209302325581395
184069,3.255813953488372
184071,2.5172413793103448
184089,2.6980676328502415
184099,2.4242424242424243
184119,2.9886363636363638
184129,3.8625
184157,2.8448275862068964
184165,3.3806818181818183
184169,3.8902439024390243
184189,2.6491228070175437
184193,3.185185185185185
184213,3.5588235294117645
184223,2.8846153846153846
184229,2.870967741935484
184233,2.7586206896551726
184239,3.0551601423487544
184253,2.829197684036394
184257,3.914316702819957
184265,2.988095238095238
184269,3.4833333333333334
184313,2.2666666666666666
184315,1.8775510204081634
184353,3.4915254237288136
184383,4.074074074074074
184399,3.772560975609756
184445,3.35625
184469,3.084070796460177
184471,3.094433399602386
184473,3.1129032258064515
184583,3.193548387096774
184623,3.012422360248447
184637,2.9838709677419355
184641,2.3852459016393444
184689,2.77027027027027
184721,3.747403210576015
184739,3.435483870967742
184741,2.984848484848485
184791,2.8529411764705883
184793,3.193548387096774
184797,3.272727272727273
184807,3.7282608695652173
184835,3.4705882352941178
184865,2.4943181818181817
184925,3.1
184931,3.0951276102088165
184987,2.3
184989,2.984375
184997,3.6808695652173915
184999,3.2199312714776633
185001,2.9083769633507854
185013,3.734234234234234
185025,2.573529411764706
185029,3.7030560806553243
185031,3.321138211382114
185033,2.9536290322580645
185039,3.0961538461538463
185109,3.388316151202749
185169,2.8384615384615386
185171,2.665
185231,3.4078947368421053
185295,2.9603174603174605
185313,3.2
185319,3.4364864864864866
185335,2.7096774193548385
185353,3.0166666666666666
185365,3.484375
185385,3.308219178082192
185425,2.2641509433962264
185433,3.015151515151515
185435,2.6793478260869565
185437,3.03
185443,3.4658385093167703
185473,3.1996974281391832
185475,3.67
185481,3.1377245508982035
185537,2.953125
185539,3.5
185545,3.323170731707317
185569,2.912087912087912
185571,3.549382716049383
185585,2.7577777777777777
185597,2.7941176470588234
185601,3.448717948717949
185841,3.2865168539325844
185851,3.090909090909091
185869,2.620967741935484
185905,3.2222222222222223
185927,3.946111869031378
185957,3.6
185975,3.0638297872340425
185977,3.076923076923077
185979,3.176605504587156
185981,2.95
185987,3.703319502074689
185989,2.6968503937007875
185991,2.3653846153846154
185997,2.786729857819905
185999,3.3058252427184467
186001,2.27
186003,3.1052631578947367
186005,2.956989247311828
186045,2.95
186159,2.9411764705882355
186249,2.7
186251,1.975
186253,3.3617021276595747
186263,3.3838383838383836
186305,3.4391304347826086
186311,3.630434782608696
186331,3.34375
186333,3.269230769230769
186339,3.00625
186351,3.392857142857143
186363,3.701923076923077
186365,3.512987012987013
186367,3.7444444444444445
186381,3.4732142857142856
186533,3.409090909090909
186539,3.1714285714285713
186541,3.1285714285714286
186555,2.7261904761904763
186573,3.5714285714285716
186587,2.921
186631,3.4555555555555557
186749,3.5172413793103448
186777,3.0641025641025643
186863,3.2572115384615383
186905,2.872093023255814
186935,2.484848484848485
186947,3.206422018348624
186949,3.2395833333333335
186953,3.3144654088050314
186955,1.860655737704918
186983,3.7464589235127477
186985,2.9648241206030153
187001,2.8947368421052633
187023,3.5880281690140845
187031,2.9362745098039214
187051,3.569672131147541
187055,2.1964285714285716
187067,3.0267857142857144
187069,2.8255813953488373
187085,2.99
187109,2.4918032786885247
187123,3.2027027027027026
187127,3.522222222222222
187145,3.728395061728395
187167,2.8484848484848486
187213,2.888059701492537
187215,2.757142857142857
187229,3.380434782608696
187231,3.5645973154362416
187283,3.723684210526316
187309,2.6941747572815533
187311,3.1125
187323,3.533333333333333
187455,2.8125
187463,3.127906976744186
187479,3.71875
187493,3.586206896551724
187495,3.262295081967213
187501,3.692643391521197
187505,3.5150501672240804
187523,3.6791044776119404
187531,4.027196652719665
187541,3.6653811252268604
187577,3.0673076923076925
187583,3.5742574257425743
187593,3.7932603853975015
187595,3.302539168017288
187601,3.1693548387096775
187611,3.418300653594771
187613,3.0065176908752327
187713,2.3666666666666667
187717,3.947956823438705
187719,3.492857142857143
187723,3.4335604770017034
187725,2.953488372093023
187751,1.6794871794871795
187815,3.6634615384615383
187959,3.361111111111111
188067,3.3620689655172415
188109,3.2222222222222223
188175,3.4431818181818183
188187,2.8421052631578947
188189,3.7466800804828972
188207,3.6780442804428044
188215,3.4903846153846154
188217,3.556179775280899
188299,3.2452830188679247
188301,3.473239135088846
188303,2.76271186440678
188305,3.428870292887029
188307,3.045647558386412
188309,2.869014084507042
188311,3.0491803278688523
188317,2.652941176470588
188341,3.5217391304347827
188383,3.273615635179153
188477,3.359375
188505,3.4690721649484537
188509,3.5892857142857144
188515,3.074074074074074
188541,3.2681660899653977
188575,2.357142857142857
188623,3.8182218309859155
188625,3.6359447004608296
188659,3.210526315789474
188675,3.6807909604519775
188679,2.484536082474227
188697,3.5751445086705202
188731,2.022727272727273
188749,3.4481818181818182
188751,3.1332872928176796
188753,3.0725
188757,3.1704545454545454
188761,3.293103448275862
188773,4.031976744186046
188797,3.3438237608182533
188823,3.0689655172413794
188829,3.9305263157894736
188833,3.2309322033898304
188859,3.189655172413793
188941,3.4215686274509802
188953,3.108108108108108
189037,3.3714285714285714
189041,3.54040404040404
189061,2.745614035087719
189065,2.9827586206896552
189071,3.6375838926174495
189195,3.567073170731707
189203,3.794828744123573
189205,2.533333333333333
189241,3.1390086206896552
189249,2.6842105263157894
189329,3.1835443037974684
189331,3.17560553633218
189333,3.787705326032852
189363,3.2211776348342407
189381,2.488372093023256
189399,2.5253164556962027
189475,3.5839416058394162
189481,3.34375
189483,3.5921052631578947
189549,2.5454545454545454
189567,3.2983870967741935
189577,2.99468085106383
189641,3.150943396226415
189643,3.3902439024390243
189667,3.6029411764705883
189669,3.259259259259259
189701,4.046875
189713,3.7534636318654133
189781,2.5948275862068964
189783,3.489071038251366
189805,3.5621019108280256
189809,3.209090909090909
189819,2.2639751552795033
189853,3.189655172413793
189855,3.0
189867,3.314814814814815
189873,3.7223214285714286
189879,3.2569444444444446
189885,3.854082998661312
189889,3.6623931623931623
189893,2.8308457711442787
189991,3.5609756097560976
190017,3.310810810810811
190029,2.7
190077,3.9695652173913043
190085,2.5949074074074074
190087,2.9571428571428573
190089,3.738609112709832
190181,3.5892857142857144
190183,2.9954337899543377
190193,3.0
190305,3.554263565891473
190339,3.263888888888889
190349,3.3442211055276383
190355,3.342857142857143
190397,2.875
190399,3.1774193548387095
190401,3.454901960784314
190507,3.5233644859813085
190509,3.7051282051282053
190551,3.7544378698224854
190553,3.0319148936170213
190555,3.7794117647058822
190623,2.537037037037037
190651,3.2777777777777777
190739,3.053030303030303
190741,3.2462962962962965
190743,3.2023809523809526
190745,2.783333333333333
190747,2.5
190749,3.2681159420289854
190751,3.478723404255319
190755,2.7421875
190759,2.261904761904762
190813,3.0257731958762886
190835,3.3703703703703702
190939,3.504843517138599
190945,2.712871287128713
190947,3.132978723404255
190949,2.7648221343873516
190957,2.8181818181818183
190963,3.5303030303030303
190979,2.2846153846153845
191113,3.611111111111111
191235,2.84375
191253,2.8153846153846156
191351,3.465533522190746
191359,3.246987951807229
191367,2.606922126081582
191441,2.4744897959183674
191457,3.5
191459,3.4317789291882557
191469,2.5722379603399435
191479,3.1048689138576777
191483,2.606230031948882
191489,3.158707865168539
191491,2.922222222222222
191495,3.2628205128205128
191687,3.010344827586207
191799,2.9485488126649075
191805,2.7083333333333335
191811,3.308333333333333
191857,3.425925925925926
191869,3.345971563981043
191873,3.727272727272727
191901,2.814814814814815
191941,3.79375
191965,2.926470588235294
191991,2.8142857142857145
192001,4.060975609756097
192025,3.5132743362831858
192045,3.563508064516129
192051,3.175675675675676
192055,3.107843137254902
192081,2.9682539682539684
192105,3.2796610169491527
192107,3.5303030303030303
192109,3.8980582524271843
192121,2.984375
192123,2.9051724137931036
192157,3.6216216216216215
192159,3.163265306122449
192209,3.219178082191781
192245,3.5893491124260355
192265,3.647727272727273
192283,3.513780431786863
192285,3.630434782608696
192307,2.726923076923077
192315,2.5972222222222223
192319,3.4383259911894273
192341,3.371794871794872
192357,3.425925925925926
192359,3.4871794871794872
192365,3.480769230769231
192375,3.0
192377,2.56
192379,3.6279976019184654
192381,3.191235059760956
192383,3.728712871287129
192385,3.5839416058394162
192389,3.2594644506001846
192393,2.795744680851064
192411,2.3333333333333335
192489,3.5851063829787235
192491,2.896551724137931
192497,3.388888888888889
192503,3.5230414746543777
192545,3.2083333333333335
192551,3.0041322314049586
192559,2.9771505376344085
192561,2.8036363636363637
192565,3.4625
192579,3.327830188679245
192649,3.493827160493827
192693,3.453125
192697,3.1369565217391306
192701,2.658536585365854
192749,3.75
192753,2.5
192761,2.7717391304347827
192765,2.816666666666667
192781,2.975
192787,2.8257575757575757
192803,3.709255162241888
192849,3.433333333333333
192911,2.95625
192953,4.16
192981,3.409090909090909
192997,3.5564024390243905
192999,2.693548387096774
193041,3.7674418604651163
193065,3.7921686746987953
193073,3.5757575757575757
193137,2.5689655172413794
193147,3.6053203040173725
193175,3.050185873605948
193185,3.2439024390243905
193243,2.9877300613496933
193395,2.357142857142857
193405,3.328125
193445,3.038793103448276
193449,3.7375132837407015
193451,3.04040404040404
193455,3.464673913043478
193477,3.4131944444444446
193533,3.046875
193589,3.3615702479338845
193595,3.015873015873016
193599,3.6225124378109452
193603,2.7962962962962963
193605,3.1654676258992804
193637,3.5974025974025974
193647,2.988986784140969
193683,2.9516129032258065
193697,3.035476718403548
193725,3.6857142857142855
193749,2.75
193759,2.740740740740741
193771,2.7794117647058822
193779,2.563380281690141
193813,3.519230769230769
193821,3.272727272727273
193843,3.7264150943396226
193884,3.0483870967741935
193894,2.7816901408450705
193898,3.4270833333333335
193900,3.2025316455696204
193904,2.951219512195122
193906,3.5164473684210527
193916,3.3914285714285715
193942,3.7291666666666665
193944,3.6662264150943398
193946,3.282051282051282
193950,4.038209095171121
193952,3.310996563573883
193954,2.8149038461538463
193956,3.0352697095435683
193958,3.3871173469387754
193960,3.5355871886120998
193974,3.4411764705882355
194004,3.2288329519450802
194006,2.6911764705882355
194012,3.1890243902439024
194016,3.3879310344827585
194026,2.8366336633663365
194052,3.4808429118773945
194058,2.8947368421052633
194074,3.6492753623188405
194100,2.597826086956522
194134,3.330357142857143
194200,2.869565217391304
194206,3.0396039603960396
194222,3.096774193548387
194238,2.5053763440860215
194256,3.277227722772277
194312,3.625
194348,3.506309148264984
194396,3.3027989821882953
194398,3.060344827586207
194400,3.313570487483531
194402,3.5694444444444446
194440,1.75
194448,3.98197505552708
194450,2.9461538461538463
194520,2.9814814814814814
194532,2.517857142857143
194556,3.265
194636,3.125
194638,3.3404907975460123
194664,3.8638328530259365
194680,2.515625
194696,3.850597609561753
194722,2.8015873015873014
194729,3.0930232558139537
194738,3.0365853658536586
194762,3.435546875
194801,3.1666666666666665
194861,3.6
194903,3.3378378378378377
194919,3.3214285714285716
194927,2.838235294117647
194947,3.050139275766017
194951,3.237797498991529
194959,3.121693121693122
194969,3.088235294117647
194975,2.9479166666666665
194983,2.1666666666666665
194991,2.566666666666667
195001,3.424812030075188
195009,3.810810810810811
195041,3.246153846153846
195045,3.0347222222222223
195067,2.5344827586206895
195071,2.923076923076923
195075,2.9140625
195095,3.409090909090909
195159,4.192053284336242
195161,3.094151212553495
195163,3.2363041700735895
195165,1.9452830188679244
195167,3.6784922394678494
195175,2.5384615384615383
195207,3.211864406779661
195209,3.168253968253968
195251,2.7934782608695654
195255,3.2875
195293,2.9746835443037973
195295,3.490566037735849
195297,3.618556701030928
195303,3.556291390728477
195305,3.3886925795053005
195307,3.0106382978723403
195315,3.5422535211267605
195343,3.1129032258064515
195349,2.7142857142857144
195485,3.207070707070707
195497,3.595731707317073
195529,4.121212121212121
195533,3.1481481481481484
195551,3.487704918032787
195561,3.1535433070866143
195619,3.230769230769231
195639,2.888059701492537
195671,4.00625
195681,3.9242424242424243
195707,2.7222222222222223
195713,3.010204081632653
195723,3.6923076923076925
195745,3.359090909090909
195755,3.3846153846153846
195757,2.4833333333333334
195777,2.9616171954964177
195823,3.1528150134048256
195847,2.623529411764706
195849,3.356573705179283
195921,3.3877314814814814
195931,3.802325581395349
196021,3.0625
196035,3.2096774193548385
196067,4.043283582089552
196073,3.865217391304348
196081,3.2782608695652176
196113,3.3260869565217392
196117,3.4909090909090907
196175,2.9225352112676055
196191,3.3987341772151898
196223,2.665942028985507
196257,3.0625
196341,2.9744897959183674
196343,3.4577464788732395
196365,3.2413793103448274
196381,2.2586206896551726
196417,3.7412609238451937
196487,3.0761904761904764
196491,3.370967741935484
196511,2.857142857142857
196567,3.2901234567901234
196597,2.3194444444444446
196611,2.9452054794520546
196705,3.142857142857143
196773,3.316666666666667
196801,3.5753424657534247
196889,3.244989451476793
196891,3.291801510248112
196893,3.0755813953488373
196895,2.752314814814815
196931,3.8264462809917354
196937,3.759259259259259
196997,3.4386694386694385
197009,3.8877551020408165
197071,3.1166666666666667
197141,3.3636363636363638
197175,3.62125748502994
197177,3.409375
197179,2.818702290076336
197195,3.02
197197,3.6882716049382718
197199,2.8474903474903477
197201,3.3703703703703702
197203,3.150563607085346
197207,3.4919093851132685
197209,2.7948717948717947
197225,3.3360655737704916
197343,3.241699867197875
197379,3.871657754010695
197389,2.953846153846154
197411,3.1666666666666665
197419,2.888157894736842
197453,3.707317073170732
197491,3.535928143712575
197523,2.8392857142857144
197529,3.6032258064516127
197537,2.741350906095552
197579,2.685185185185185
197591,3.3013698630136985
197597,3.395348837209302
197605,3.0833333333333335
197651,3.6363065326633164
197663,3.0996932515337425
197689,3.1024844720496896
197691,3.620985010706638
197697,3.4944444444444445
197707,2.568702290076336
197709,2.9479166666666665
197711,3.562010078387458
197815,3.426470588235294
197831,3.6184210526315788
197849,3.5972222222222223
197875,3.2913832199546484
197877,3.711779448621554
197879,3.986095017381228
197881,3.289855072463768
197883,3.8345896147403686
197885,3.628992628992629
197889,3.1514084507042255
197909,3.5201612903225805
197957,3.727272727272727
198075,2.6363636363636362
198101,3.5144927536231885
198111,2.63953488372093
198121,2.8392857142857144
198129,2.8175675675675675
198141,2.8360655737704916
198143,3.382716049382716
198145,3.0148936170212766
198147,3.654794520547945
198151,3.0050675675675675
198153,3.100502512562814
198157,3.1625
198185,4.302561837455831
198265,2.921985815602837
198577,2.841463414634146
198611,3.8622047244094486
198619,3.3421052631578947
198667,3.4427083333333335
198701,3.3173076923076925
198703,3.0625
198801,3.5776699029126213
198831,3.5689655172413794
198865,3.5365853658536586
199013,2.942857142857143
199017,3.1296296296296298
199065,3.171875
199073,2.975663716814159
199075,3.0904255319148937
199095,3.780821917808219
199101,2.782828282828283
199205,2.7058823529411766
199207,2.511111111111111
199219,3.3555133079847907
199223,2.7390939597315436
199237,3.6377245508982035
199255,2.7837837837837838
199305,3.6538461538461537
199307,2.9207920792079207
199311,3.377551020408163
199333,3.6791044776119404
199337,3.3846153846153846
199340,3.3214285714285716
199350,3.7688172043010755
199430,3.2142857142857144
199432,1.7407407407407407
199434,3.515625
199470,3.529850746268657
199476,3.663101604278075
199538,3.482876712328767
199566,3.1927710843373496
199580,3.4411764705882355
199626,3.2142857142857144
199688,3.391891891891892
199866,3.6136363636363638
199910,3.4779116465863456
199948,3.2941176470588234
199964,3.2941176470588234
199966,3.5576923076923075
199974,3.667874396135266
199982,2.7333333333333334
199992,3.72
199998,3.326923076923077
200008,2.807065217391304
200042,3.353846153846154
200052,3.0757575757575757
200054,3.7428057553956835
200062,2.8333333333333335
200080,3.0416666666666665
200110,3.424124513618677
200118,2.2413793103448274
200200,3.6593886462882095
200254,2.9722222222222223
200256,2.82010582010582
200266,3.3902439024390243
200272,2.4875
200300,3.015151515151515
200306,3.6674382716049383
200322,2.7822164948453607
200324,2.6984126984126986
200326,2.5547945205479454
200328,3.3636363636363638
200330,3.3797468354430378
200332,3.579750346740638
200354,3.580669710806697
200418,2.806451612903226
200448,2.6449275362318843
200520,3.657142857142857
200530,3.574074074074074
200540,3.237718802936194
200598,3.4846938775510203
200614,2.6610169491525424
200630,3.0058365758754864
200638,3.3466981132075473
200668,3.2941176470588234
200678,2.8472222222222223
200686,2.875
200766,3.554054054054054
200768,3.4074074074074074
200794,3.5
200806,3.411764705882353
200814,2.7299107142857144
200818,3.7721708718461153
200820,2.8418217433888344
200822,2.658311345646438
200824,3.1589473684210527
200838,3.2662105889351576
200842,3.508241758241758
200864,3.0314685314685317
200866,3.4159663865546217
200938,2.720353982300885
200982,3.0944444444444446
200986,3.6481481481481484
201072,3.596026490066225
201074,3.1551724137931036
201200,3.024822695035461
201242,3.0631229235880397
201266,3.689655172413793
201304,3.0454545454545454
201306,2.310810810810811
201314,2.738578680203046
201316,3.06993006993007
201320,3.17816091954023
201340,3.80059245400686
201356,2.4814814814814814
201368,3.3910642570281126
201436,3.619565217391304
201444,3.8253968253968256
201476,2.2641509433962264
201488,3.1206896551724137
201540,3.65
201586,2.7858472998137804
201588,3.5965848452508005
201594,2.9992223950233283
201638,3.1911764705882355
201646,3.80393487109905
201654,2.7
201662,3.1864406779661016
201704,3.6323529411764706
201706,2.842857142857143
201725,2.5675675675675675
201729,2.8577235772357725
201737,3.1540880503144653
201739,2.3550724637681157
201743,3.338709677419355
201747,2.828125
201749,3.0388457269700333
201773,3.6985827860352574
201811,3.389364739471806
201889,3.435185185185185
201993,3.7738095238095237
202057,3.622448979591837
202099,3.3823529411764706
202101,3.0285285285285286
202103,3.5243399339933994
202155,3.4238476953907817
202159,3.005122950819672
202187,2.7037037037037037
202195,2.6064814814814814
202237,3.775347912524851
202325,2.9473684210526314
202359,3.230769230769231
202393,3.337859424920128
202421,2.849264705882353
202427,2.8142857142857145
202429,3.7771860986547083
202431,3.5775862068965516
202433,3.6944444444444446
202435,3.472826086956522
202437,2.988888888888889
202439,4.3299459633841435
202443,3.765151515151515
202479,2.227272727272727
202497,3.758720930232558
202499,3.185567010309278
202517,3.6219512195121952
202519,2.5551181102362204
202533,3.2916666666666665
202561,3.104651162790698
202575,3.1921965317919074
202599,3.7109375
202711,3.5022522522522523
202749,4.063836285888821
202799,2.1375
202803,3.6551724137931036
202880,3.3846153846153846
202934,3.2855477855477857
203022,2.65625
203048,3.6979166666666665
203110,3.013888888888889
203154,3.5
203160,3.673076923076923
203208,2.9642147117296225
203218,3.5
203222,3.049186991869919
203224,2.9426605504587156
203244,3.123853211009174
203278,3.4475524475524475
203296,3.293103448275862
203322,3.82171226831421
203375,3.9632947976878614
203449,3.147727272727273
203503,3.3425925925925926
203513,2.8359872611464967
203517,2.7467532467532467
203519,3.1373165618448637
203523,2.1621621621621623
203557,3.3225806451612905
203619,3.685990338164251
203691,3.611111111111111
203749,3.3359375
203751,3.1923076923076925
203757,3.8846153846153846
203881,3.196078431372549
203898,3.566666666666667
203904,3.4375
203922,3.8958333333333335
203928,3.5
203934,3.480964467005076
204018,2.69
204056,2.4857142857142858
204064,2.65625
204132,2.2181818181818183
204152,3.16692789968652
204158,3.786618444846293
204188,2.2972972972972974
204246,3.267857142857143
204268,2.712895377128954
204294,3.4860335195530725
204318,3.5355648535564854
204328,3.2674418604651163
204334,2.996124031007752
204342,3.9722222222222223
204352,3.195790504160548
204388,3.831288343558282
204496,3.1375
204542,3.095222513089005
204556,2.7857142857142856
204558,3.186046511627907
204578,3.8469387755102042
204584,2.6538461538461537
204656,2.4107142857142856
204686,3.344311377245509
204688,3.154471544715447
204690,3.035483870967742
204692,2.8830645161290325
204694,3.2322485207100593
204696,2.4578313253012047
204698,3.9264014033968584
204702,3.1783625730994154
204704,3.5212282031842306
204708,2.9402985074626864
204710,3.1653225806451615
204750,3.230769230769231
204826,2.6634615384615383
204832,3.02
204834,3.2209302325581395
204836,3.5531914893617023
204840,2.8857142857142857
204868,3.406862745098039
204878,3.564963503649635
204966,3.25
205048,3.2665562913907285
205054,3.1896802325581395
205064,3.1
205066,3.4078947368421053
205072,3.2507966857871256
205074,2.725663716814159
205076,3.5705445544554455
205082,3.3207547169811322
205106,2.9210526315789473
205128,3.8445945945945947
205130,2.9765625
205156,3.983680447622008
205205,2.4635416666666665
205257,3.767857142857143
205287,3.621700879765396
205291,3.56
205297,2.7713365539452495
205303,3.914338919925512
205325,3.46875
205327,3.45114006514658
205329,3.524390243902439
205379,3.6923076923076925
205383,3.5698051948051948
205425,3.7952488687782804
205441,3.8018201575658788
205473,3.736842105263158
205509,3.0458333333333334
205515,3.4152542372881354
205545,3.7223529411764704
205575,3.106382978723404
205583,3.1625
205661,3.1533219761499147
205769,3.4193548387096775
205809,2.641025641025641
205839,3.435483870967742
205841,2.7976190476190474
205857,3.3059701492537314
205893,3.725806451612903
205945,3.4770992366412212
205992,2.6379310344827585
206018,1.8513513513513513
206022,2.5384615384615383
206107,3.4649122807017543
206150,2.3625
206200,3.3529411764705883
206208,3.820388349514563
206246,3.6375
206262,3.017857142857143
206268,3.486842105263158
206272,3.2356687898089174
206293,2.53125
206307,3.5865384615384617
206311,3.1846153846153844
206393,3.618811881188119
206399,3.9693877551020407
206419,3.7305790960451977
206449,3.4554317548746516
206451,3.5428994082840237
206499,3.0154241645244215
206527,3.0555555555555554
206653,3.1923076923076925
206670,2.787878787878788
206686,3.5925925925925926
206698,3.3142857142857145
206702,1.9102564102564104
206714,3.4203389830508475
206741,3.4456521739130435
206795,3.189189189189189
206805,3.064139941690962
206845,3.0604395604395602
206857,3.6737155833096793
206887,3.0416666666666665
206893,3.7542372881355934
206899,2.536723163841808
206937,2.9886363636363638
206939,3.8643122676579926
206959,3.2467398764584763
207027,3.189189189189189
207075,3.1944444444444446
207117,2.6834319526627217
207141,2.5441176470588234
207189,2.6943127962085307
207213,3.3728813559322033
207227,3.1296296296296298
207229,2.9198473282442747
207233,3.3468264248704664
207249,3.1818181818181817
207273,3.5185185185185186
207297,3.493333333333333
207301,3.4285714285714284
207309,3.3312101910828025
207311,3.123943661971831
207313,4.058669623059867
207349,3.173076923076923
207367,3.2316176470588234
207403,3.189655172413793
207405,3.5572792362768495
207612,3.690909090909091
207632,3.683333333333333
207638,3.598360655737705
207642,3.121212121212121
207656,2.3846153846153846
207670,3.1370967741935485
207678,3.7183098591549295
207796,3.251173708920188
207830,2.9574358974358974
207856,3.8225806451612905
207874,3.257575757575758
207888,3.2204301075268815
207890,2.9432624113475176
207930,2.574074074074074
208002,2.9655172413793105
208040,3.65
208096,3.5346820809248554
208108,3.8827225130890053
208110,3.292372881355932
208205,2.8663268661624466
208207,1.6513157894736843
208289,3.691285081240768
208295,2.2448979591836733
208385,3.0
208429,3.753807106598985
208469,3.8006230529595015
208517,2.692982456140351
208531,3.219298245614035
208621,3.1695178849144634
208655,2.9224137931034484
208703,4.049816998779992
208715,3.0294117647058822
208737,3.354755784061697
208747,3.36875
208773,3.505730659025788
208800,2.7717391304347827
208807,3.451923076923077
208813,3.1037735849056602
208885,2.9148936170212765
208887,3.7875
208939,3.9214922048997773
208971,3.5637254901960786
209097,2.533333333333333
209099,2.95
209173,3.6912751677852347
209213,2.6615384615384614
209311,3.636111111111111
209315,3.836484593837535
209321,3.397810218978102
209333,3.326530612244898
209423,2.619565217391304
209433,3.7525252525252526
209437,2.283333333333333
209459,3.25
209477,2.3125
209497,3.385330578512397
209525,3.6666666666666665
209595,3.1634615384615383
209917,3.410364145658263
209949,3.0641025641025643
209965,3.7537785105798296
209971,2.2023809523809526
209999,2.4361702127659575
210035,3.0096153846153846
210115,2.1607142857142856
210159,3.0405405405405403
210175,3.7282958199356915
210227,3.4411764705882355
210235,3.861290322580645
210271,2.9937782805429864
210331,1.9017857142857142
210455,2.85752688172043
210469,2.1186440677966103
210479,2.675675675675676
210539,3.7771084337349397
210569,2.9926144756277697
210571,2.5316205533596836
210573,3.0717905405405403
210575,2.4347826086956523
210577,3.01853813559322
210825,3.7545454545454544
210847,2.8081683168316833
210849,3.3409961685823757
210851,3.4712041884816753
210855,2.6645569620253164
210857,2.3805970149253732
210859,3.406172839506173
210861,3.8795740032768977
210863,2.5363984674329503
210865,3.042834890965732
210867,3.0233739837398375
210869,3.1065989847715736
210877,3.372340425531915
210897,3.442622950819672
210939,3.6372549019607843
210973,3.363157894736842
211137,2.806451612903226
211223,2.4260869565217393
211225,3.33
211243,2.8448275862068964
211245,2.6328125
211391,2.2960526315789473
211393,2.9423076923076925
211414,3.2439024390243905
211510,3.5952380952380953
211726,3.3795811518324608
211952,3.336734693877551
211966,3.276923076923077
212016,3.5804597701149423
212024,2.8059701492537314
212046,3.1979166666666665
212052,2.806451612903226
212066,3.656716417910448
212074,3.1339285714285716
212088,3.1462264150943398
212180,3.1904761904761907
212225,2.8461538461538463
212227,3.814814814814815
212271,3.0789473684210527
212281,2.644699140401146
212303,3.230952380952381
212309,3.6551724137931036
212361,3.8415686274509806
212363,3.4324324324324325
212371,2.608991825613079
212373,3.4929166666666664
212387,3.4680851063829787
212389,2.0
212395,2.7551020408163267
212461,3.4848806366047747
212563,2.585714285714286
212573,3.486111111111111
212583,3.231707317073171
212587,2.93768115942029
212833,3.69140625
212851,3.1343283582089554
212853,2.9313725490196076
212863,3.3015873015873014
212869,3.0354330708661417
212883,3.367021276595745
213103,1.9375
213129,2.9121621621621623
213207,3.5990460157126822
213213,2.979591836734694
213319,3.179738562091503
213343,3.057142857142857
213347,3.475444538526672
213353,3.7745098039215685
213355,2.922794117647059
213363,2.75
213367,2.5428571428571427
213369,3.0
213397,3.700218023255814
213423,2.7435897435897436
213533,2.826923076923077
213541,3.5692307692307694
213551,3.2115384615384617
213565,3.5625
213585,3.1714285714285713
213602,3.232142857142857
213604,3.393258426966292
213614,3.7142857142857144
213666,2.78
213668,3.7243589743589745
213892,3.2334360554699537
213898,3.6207729468599035
213900,3.5729166666666665
213914,3.5490074441687347
213976,3.0416666666666665
213988,3.25
213990,2.8513513513513513
213992,3.0545454545454547
214050,3.6186440677966103
214070,3.2
214138,2.6527777777777777
214216,3.7037037037037037
214240,2.9191176470588234
214242,3.2601626016260163
214292,2.3846153846153846
214320,3.8010204081632653
214398,2.9
214494,2.8793103448275863
214612,3.824675324675325
214644,3.1625
214736,3.546875
214772,3.6448598130841123
214776,3.2818280739934713
214854,2.951219512195122
214894,2.8175675675675675
214922,2.613013698630137
214939,2.6222222222222222
214955,3.8923076923076922
215089,2.9404761904761907
215105,3.1911764705882355
215203,2.9615384615384617
215229,2.879432624113475
215335,3.246153846153846
215353,3.7304609218436875
215525,1.9337606837606838
215527,3.537940379403794
215529,3.4479166666666665
215553,3.2083333333333335
215567,2.8653846153846154
215623,3.1454545454545455
215683,2.943609022556391
215685,3.3536036036036037
215707,3.150943396226415
215711,3.0833333333333335
215763,3.1095238095238096
215911,3.3852459016393444
215947,2.7241379310344827
215951,2.8780487804878048
216007,2.5961538461538463
216107,3.451219512195122
216167,2.527586206896552
216326,3.3275862068965516
216338,2.8230769230769233
216366,2.7395833333333335
216402,3.5347885402455663
216408,3.5303030303030303
216426,2.8214285714285716
216525,2.9038461538461537
216671,3.3267326732673266
216745,2.641935483870968
216817,2.483568075117371
216859,2.6458333333333335
216881,2.3506493506493507
216937,3.233167082294264
216963,3.446067415730337
217119,3.566666666666667
217146,3.0051724137931033
217186,2.4107142857142856
217463,3.510869565217391
217465,3.597228637413395
217469,3.4186046511627906
217511,2.9516129032258065
217629,3.811926605504587
217655,3.8085004775549187
217711,3.015151515151515
217899,3.164233576642336
217903,2.2837837837837838
217905,3.0721153846153846
217913,2.9361702127659575
217917,3.8152173913043477
217929,2.86
217959,3.2346938775510203
218091,3.1356382978723403
218525,2.9166666666666665
218537,3.889898024219248
218653,2.6808510638297873
218657,3.2752293577981653
218679,3.622950819672131
218715,2.9215686274509802
218743,2.480392156862745
218803,3.8424657534246576
218867,2.8610108303249095
218997,2.9198473282442747
219003,3.702127659574468
219015,3.1761006289308176
219059,3.3422131147540983
219392,3.1404761904761904
219430,2.7580645161290325
219444,3.4761904761904763
219669,3.453488372093023
219705,2.550632911392405
219726,3.259918616480163
219848,2.3445945945945947
219994,4.026404023470243
220052,2.7333333333333334
220058,3.4074074074074074
220170,3.125
220224,3.3970588235294117
220362,3.6074074074074076
220380,3.506117908787542
220518,2.8714285714285714
220528,4.305722891566265
220530,3.388888888888889
220540,2.9414893617021276
220724,1.9074074074074074
220792,2.95188679245283
220854,2.50974025974026
220920,2.3088235294117645
220922,2.864406779661017
221090,1.8857142857142857
221160,3.2427184466019416
221164,2.8194444444444446
221176,2.8676470588235294
221234,2.3285714285714287
221244,3.4452554744525545
221246,2.9307116104868913
221256,3.3875
221296,3.5
221390,3.423076923076923
221396,3.345486111111111
221454,2.875
221488,3.0798319327731094
221548,3.1216216216216215
221564,3.4558823529411766
221576,3.369620253164557
221586,2.75
221632,3.5714285714285716
221660,2.7613636363636362
221850,3.315315315315315
221880,2.6545454545454548
221886,3.554054054054054
222011,3.255434782608696
222131,3.2051282051282053
222137,3.428792569659443
222356,3.048223350253807
222414,3.0875
222455,3.045918367346939
222461,3.0
222477,2.4750844594594597
222561,2.9166666666666665
222591,3.111111111111111
222593,3.125766871165644
222611,2.3515625
222627,3.576923076923077
222647,2.7613636363636362
222713,2.75
222757,3.1724137931034484
222907,3.0465686274509802
222913,3.3846153846153846
222949,3.6818181818181817
223027,3.4525862068965516
223204,3.610659072416599
223222,2.7569444444444446
223296,2.532258064516129
223464,2.7790697674418605
223492,2.3
223570,3.6904761904761907
223594,2.6133333333333333
223638,3.541284403669725
223826,3.0535714285714284
223830,3.1315789473684212
223876,3.8759259259259258
223910,3.2333333333333334
223918,3.591549295774648
223944,3.6369274809160306
223988,2.842857142857143
224028,3.032710280373832
224032,2.8076923076923075
224052,3.897798742138365
224202,3.21875
224206,3.390625
224208,3.9326923076923075
224212,2.893617021276596
224220,3.2271386430678466
224262,3.4626358695652173
224264,3.689201877934272
224266,2.4545454545454546
224268,3.4864864864864864
224272,2.5
224276,3.102189781021898
224280,3.4849323493234934
224324,3.044262295081967
224338,3.371875
224463,3.0941176470588236
224545,2.27027027027027
224639,3.625
224641,3.032258064516129
224665,3.3035714285714284
224675,3.236842105263158
224733,2.870967741935484
224781,3.290909090909091
224943,3.235978112175103
224955,2.767857142857143
224959,2.532258064516129
224983,3.236180904522613
225145,3.615899581589958
225165,3.273469387755102
225169,3.43859649122807
225171,3.0
225173,3.9336320066680557
225221,3.425287356321839
225263,2.664383561643836
225289,2.629032258064516
225485,3.3012048192771086
225565,3.2720588235294117
225625,3.2887719298245615
225709,3.511904761904762
225758,4.053217821782178
225762,3.203125
225766,3.28125
225776,3.3076923076923075
225788,2.4375
225912,3.2091836734693877
225918,1.5701754385964912
225920,2.8874172185430464
225970,3.2413087934560325
225984,3.8063226744186047
225986,2.5972222222222223
225998,3.01840490797546
226024,3.5384615384615383
226046,3.189189189189189
226202,3.4853085210577865
226204,3.8
226258,3.967391304347826
226270,3.8614670790985417
226280,3.1535714285714285
226290,3.576923076923077
226574,3.110576923076923
226580,3.57909604519774
226588,2.0625
226594,3.441860465116279
226626,3.7427184466019416
226644,3.2636363636363637
226680,2.697841726618705
226692,3.275
226698,2.5833333333333335
226704,3.1129032258064515
226720,2.4468085106382977
226746,2.9318181818181817
226758,2.625
226886,3.1536144578313254
226888,2.9239130434782608
227002,3.119047619047619
227256,3.41025641025641
227258,2.771954674220963
227482,2.9444444444444446
227496,2.978114478114478
227526,2.7134831460674156
227618,3.011904761904762
227626,3.3333333333333335
227636,2.3815789473684212
227688,2.8452380952380953
227703,3.121212121212121
227877,3.3548387096774195
228059,2.5675675675675675
228099,4.174301675977653
228157,3.7545454545454544
228563,3.448809523809524
228855,3.2435897435897436
228861,3.2
228863,3.2288135593220337
228881,3.8904109589041096
228899,3.227272727272727
229005,2.923076923076923
229037,3.3802083333333335
229119,3.1129032258064515
229125,3.675
229207,2.9482758620689653
229413,3.0
229431,3.5182724252491693
229443,2.75
229483,3.355392156862745
229547,2.8421052631578947
229699,3.1538461538461537
229701,3.210526315789474
229797,3.196113074204947
230039,2.642857142857143
230111,3.1515151515151514
230183,3.454887218045113
230231,3.3313253012048194
230709,3.0348837209302326
230723,3.6236559139784945
230813,2.7298387096774195
231057,3.507751937984496
231145,2.3214285714285716
231147,2.5795454545454546
231181,3.2096774193548385
231291,3.798076923076923
231413,3.8
231471,3.3548387096774195
231527,2.8444444444444446
231701,4.089211618257261
231833,3.704081632653061
231835,3.3857142857142857
231971,3.0422535211267605
232017,3.581818181818182
232131,2.9107142857142856
232731,1.6578947368421053
232829,3.0531914893617023
232847,2.2941176470588234
233083,3.6944444444444446
233095,3.4662162162162162
233171,3.1821561338289963
233203,3.6458333333333335
233477,3.425
233555,3.054263565891473
233573,3.4871794871794872
233661,3.680650684931507
233689,3.2790697674418605
233953,2.8338926174496644
233967,3.2
233993,3.7169069462647446
233997,2.86046511627907
234257,3.37109375
234536,2.5142857142857142
234957,3.4696969696969697
234991,3.566666666666667
235099,2.519230769230769
235117,3.057142857142857
235293,2.71
235295,2.880434782608696
235301,3.710801393728223
235435,2.9224137931034484
235471,3.340659340659341
235509,2.8261904761904764
235577,2.984848484848485
235595,3.6515151515151514
235799,3.2857142857142856
236117,2.915
236119,3.6538461538461537
236135,3.706896551724138
236209,2.7410714285714284
236309,3.3857142857142857
236947,2.8010204081632653
236989,2.9423076923076925
236991,3.925429184549356
236995,3.748062015503876
237119,2.806451612903226
237227,3.425313568985177
237240,3.3173076923076925
237242,2.8536585365853657
237262,3.0833333333333335
237372,2.4482200647249193
237953,3.453125
237964,3.215686274509804
238036,2.5441176470588234
239040,3.1780821917808217
239254,3.764705882352941
239258,3.364406779661017
239262,3.4411764705882355
239316,4.212765957446808
239424,2.9790419161676644
239428,3.068452380952381
239484,3.2547169811320753
239486,2.6625
239490,3.5421686746987953
240224,2.780701754385965
240270,2.7628865979381443
240296,3.5098039215686274
240338,3.2714285714285714
240452,2.834841628959276
241032,2.3181818181818183
241272,3.6876160990712075
241294,3.5454545454545454
241518,2.8484848484848486
241780,3.032258064516129
241784,1.6
241800,3.6511627906976742
241872,3.3152173913043477
241960,3.2212389380530975
242062,3.4901960784313726
242150,3.42
242204,3.7329974811083124
242254,2.9761904761904763
242774,3.1806883365200767
242778,2.861607142857143
242894,2.9749403341288785
242906,3.4427710843373496
242942,2.9191176470588234
243208,2.8676470588235294
243234,3.1296296296296298
243470,2.909090909090909
243586,3.5288461538461537
243642,3.4661921708185055
243750,3.185185185185185
244172,2.557377049180328
244178,3.519548218940052
244334,3.5107398568019095
244368,3.5641025641025643
244492,3.568548387096774
244906,2.324074074074074
244908,2.6904761904761907
245078,3.2884615384615383
245136,3.5789473684210527
245140,3.2051282051282053
245258,3.0425531914893615
245344,3.1691176470588234
245444,3.4038461538461537
245452,3.082089552238806
245812,2.2023809523809526
245902,2.8426395939086295
246224,3.0128205128205128
246604,3.928030303030303
246846,3.914285714285714
247150,2.9964788732394365
247780,2.789473684210526
247916,2.7196969696969697
247988,3.646885521885522
248000,3.210526315789474
248012,3.255813953488372
248762,2.95
248912,2.7235772357723578
249122,3.368600682593857
249536,3.683333333333333
249540,3.5025252525252526
249964,2.754569190600522
250010,3.9563049853372436
250028,3.232142857142857
250362,3.1259541984732824
250364,3.1296296296296298
250494,2.9411764705882355
250546,3.194915254237288
250852,3.4661016949152543
250968,3.4612403100775193
251086,3.463807785888078
251234,3.1684782608695654
251244,2.3620689655172415
251396,3.973684210526316
251516,3.2
251606,3.0294871794871794
251662,2.6492537313432836
251726,3.291946308724832
251738,3.544736842105263
251794,2.323529411764706
251900,3.2686567164179103
251922,2.61139896373057
252086,3.597826086956522
252180,3.5784919653893694
252184,3.433333333333333
252188,3.0303030303030303
252212,3.011111111111111
252214,2.982300884955752
252272,3.1818181818181817
252360,3.4831460674157304
252590,3.1076923076923078
252626,2.5
252646,2.0576923076923075
252662,3.022222222222222
252706,2.9705882352941178
252710,4.1216730038022815
252930,2.877431906614786
252932,3.297979797979798
253126,2.7941176470588234
253128,2.701923076923077
253130,2.6065573770491803
253138,3.09480122324159
253234,2.8055555555555554
253332,3.0693430656934306
253498,3.330258302583026
253536,3.597826086956522
253616,2.6710526315789473
253618,1.8696428571428572
253620,3.2349726775956285
253690,3.7951541850220263
253692,3.25531914893617
253772,2.6097560975609757
253906,2.63265306122449
253960,2.991228070175439
253972,3.293103448275862
253976,2.921818181818182
254072,3.6147540983606556
254100,3.730769230769231
254178,3.28125
254194,3.5123456790123457
254238,3.4144144144144146
254338,3.557142857142857
254394,2.727272727272727
254450,3.475609756097561
254452,3.0080645161290325
254460,3.1951219512195124
254464,3.5384615384615383
254514,2.776315789473684
254682,2.9583333333333335
254684,3.4893617021276597
254718,2.9774436090225564
254720,3.178723404255319
254722,2.7850467289719627
254724,2.96875
254726,3.966893507448961
254744,3.414473684210526
255279,2.661764705882353
255335,3.501943364797335
255337,2.878306878306878
255339,2.7247191011235956
255489,3.522727272727273
255639,3.55
255655,3.1085526315789473
255657,2.9367088607594938
255699,3.46875
255881,2.8625
256075,3.1194029850746268
256325,2.48
256369,3.7777777777777777
256393,3.1319444444444446
256567,3.9768518518518516
256819,3.341666666666667
257037,3.7867924528301886
257251,2.746376811594203
257281,3.5199275362318843
257379,2.806451612903226
257387,3.303370786516854
257581,3.590909090909091
257589,3.6511627906976742
257595,3.408333333333333
257637,3.180297397769517
257745,3.1710526315789473
257751,3.103448275862069
257805,3.203125
257953,2.2291666666666665
257969,3.0625
258001,3.622950819672131
258451,3.447242206235012
258565,3.1951219512195124
258575,3.452054794520548
258591,2.657142857142857
258637,3.1875
258671,2.2012987012987013
258857,3.6503067484662575
258859,3.4545454545454546
258881,3.5883838383838382
258929,3.2108167770419427
259005,2.9692307692307693
259035,3.1142857142857143
259077,2.966666666666667
259191,3.1578947368421053
259199,3.015625
259265,3.1654545454545455
259283,3.413793103448276
259337,2.4625
259575,3.4545454545454546
259647,2.75
259659,3.593175853018373
259665,3.473913043478261
259751,3.574468085106383
259835,2.9468085106382977
259859,3.275147928994083
259891,2.86
259919,3.9915254237288136
260175,3.0
260201,3.7062937062937062
260243,3.4435774309723888
260617,3.4838709677419355
260647,2.8142857142857145
260665,2.894817073170732
260667,3.6086810228802153
260669,2.50418410041841
260705,3.054054054054054
260895,2.7232142857142856
260929,3.4363636363636365
261131,3.7018348623853212
261271,3.2716763005780347
261273,3.4270833333333335
261275,3.274080560420315
261435,2.1097560975609757
261595,3.025
261687,3.4125
261705,3.664855072463768
261759,3.0715948777648427
261809,3.4673202614379086
261839,3.4746835443037973
261845,3.8780487804878048
261955,4.092198581560283
262055,2.9285714285714284
262061,2.939655172413793
262099,2.980769230769231
262129,3.693396226415094
262655,2.5425531914893615
262721,3.217289719626168
262755,1.8571428571428572
262759,3.0096153846153846
263005,3.441724941724942
263007,3.8071513706793803
263009,2.714531384350817
263047,3.727272727272727
263149,3.625
263403,3.8098591549295775
263405,3.449201741654572
263407,3.441880341880342
263415,3.783333333333333
263481,3.367435158501441
263485,3.1839622641509435
263495,3.1686046511627906
263865,2.688888888888889
263973,3.191885964912281
264135,3.588397790055249
264259,3.5
264574,3.1704545454545454
264962,2.736842105263158
265142,3.3625
265148,2.1793193717277486
265150,3.108695652173913
265156,2.9454545454545453
265204,2.6605839416058394
265334,2.53125
265422,2.8833333333333333
265432,3.3979166666666667
265446,3.462962962962963
265460,3.311797752808989
265468,3.072289156626506
265534,3.8292682926829267
265550,3.395121951219512
265714,2.85
266278,3.40625
266282,3.347826086956522
266544,2.6739130434782608
266640,3.6379310344827585
266786,3.435483870967742
266788,3.4468085106382977
266820,3.1875
267366,3.5
267418,3.0
267424,2.911392405063291
267434,2.9741379310344827
267456,3.7204585537918873
267458,3.1956521739130435
267470,3.0625
267654,3.3623481781376516
268592,2.896551724137931
268642,3.6880570409982174
268732,3.04625
268744,2.8596491228070176
268806,3.2288732394366195
269146,3.3065843621399176
269208,3.7074468085106385
269226,3.192982456140351
269234,2.9893617021276597
269256,3.497093023255814
269426,3.434931506849315
269436,3.0
269582,3.0789473684210527
269638,3.386875
269666,2.84375
269786,3.721311475409836
269820,3.4966666666666666
269828,3.2196969696969697
269872,2.527439024390244
269950,2.9895833333333335
269960,3.4146341463414633
270346,3.0977272727272727
270350,2.728395061728395
270376,3.433333333333333
270400,2.9107142857142856
270406,3.161764705882353
270526,3.043918918918919
270556,3.257142857142857
270696,3.2859848484848486
270698,4.076640486445402
270720,2.036697247706422
270722,2.740740740740741
270750,3.490566037735849
270946,2.859090909090909
271134,3.5096153846153846
271136,3.6630434782608696
271194,3.05625
271204,3.019230769230769
271214,3.2222222222222223
271232,2.9017278617710582
271313,3.574074074074074
271335,2.989795918367347
271445,3.6052631578947367
271585,2.142857142857143
271631,3.252173913043478
271741,3.3793103448275863
271745,3.0142857142857142
271799,3.0232558139534884
271865,3.282696177062374
271917,3.697969543147208
272037,2.8626373626373627
272051,2.927710843373494
272079,3.446969696969697
272135,3.2694805194805197
272211,2.8896396396396398
272367,2.984126984126984
272407,3.2626050420168067
272411,3.3987341772151898
272417,3.76878612716763
272483,2.3404255319148937
272525,3.220446096654275
272527,2.472972972972973
272541,3.179372197309417
272547,2.7205882352941178
272663,3.25
273129,2.9695121951219514
273131,2.392857142857143
273133,3.565686274509804
273433,3.314935064935065
273891,3.601143674052895
273977,2.2903225806451615
274053,3.888412017167382
274157,3.4948453608247423
274195,2.5145833333333334
274197,2.927350427350427
274249,3.2413793103448274
274285,2.8392857142857144
274289,3.2432432432432434
274675,3.3095238095238093
274779,2.6633663366336635
274971,2.94126213592233
274975,3.0220588235294117
274979,2.8028455284552845
275079,3.067099567099567
275083,3.3979591836734695
275085,3.1774193548387095
275157,3.4330357142857144
275161,3.3482142857142856
275167,3.661764705882353
275169,3.3333333333333335
275173,3.2777777777777777
275191,3.456043956043956
275193,3.7
275243,3.4301765650080256
275245,3.514249790444258
275265,2.883720930232558
275433,3.0833333333333335
275435,3.2875
275463,3.370967741935484
275467,3.1137184115523464
275483,3.65
275503,3.998759305210918
275515,3.9
275549,3.1835443037974684
275559,2.5319148936170213
275669,3.5757575757575757
275841,3.676470588235294
275917,3.5654761904761907
275919,3.4055555555555554
275985,3.0625
275987,3.2222222222222223
276015,3.335227272727273
276047,3.4906367041198503
276087,3.4241573033707864
276137,3.3255813953488373
276151,3.7721774193548385
276155,2.826923076923077
276231,3.15
276249,3.3628472222222223
276251,2.9326923076923075
276317,3.0236363636363635
276345,3.1785714285714284
276489,3.2686915887850465
276511,3.097826086956522
276589,3.277027027027027
276757,3.0121951219512195
276897,3.228787878787879
276903,3.44
276929,3.4609164420485174
277028,3.842857142857143
277034,3.6724137931034484
277042,2.9186046511627906
277066,3.6982097186700766
277112,2.7777777777777777
277262,2.9545454545454546
277282,3.1136363636363638
277398,3.3448275862068964
277400,2.548780487804878
277408,2.581818181818182
277552,3.021390374331551
277566,3.0473372781065087
277794,2.858695652173913
277856,3.1788194444444446
277978,2.753086419753086
278080,2.697802197802198
278084,2.5123456790123457
278176,3.7297535211267605
278278,2.673076923076923
278312,2.6739130434782608
278314,2.8255813953488373
278420,3.4879227053140096
278446,3.846917080085046
278578,3.8235807860262008
278586,3.5375766871165646
278612,2.638157894736842
278640,2.0657894736842106
278690,2.9264069264069263
278702,3.6282458929517754
278794,3.647335423197492
278800,3.3260869565217392
278820,3.372093023255814
278824,3.791208791208791
278876,2.972972972972973
278964,3.3043478260869565
278980,3.6934306569343067
279000,1.6551724137931034
279054,2.9285714285714284
279074,3.0576923076923075
279138,3.396551724137931
279162,2.8645833333333335
279182,3.2340966921119594
279184,2.8346153846153848
279188,3.275
279204,3.232142857142857
279218,2.97
279226,3.1979166666666665
279306,3.5492957746478875
279334,3.060747663551402
279384,3.225806451612903
279402,3.4027777777777777
279412,3.4129129129129128
279414,3.1273006134969323
279428,2.96875
279484,2.5661764705882355
279554,2.8877551020408165
279560,2.9078947368421053
279562,3.0880281690140845
279594,3.1893939393939394
279630,3.347826086956522
279710,3.4770992366412212
279780,2.5708955223880596
279812,3.656848828956707
279894,2.997159090909091
279912,3.0294117647058822
279956,2.843137254901961
280100,3.206642066420664
280114,3.365740740740741
280174,3.1153846153846154
280218,3.4652701212789414
280236,3.0672268907563027
280258,3.232
280260,3.4886363636363638
280310,3.044776119402985
280342,3.135135135135135
280372,3.2314814814814814
280406,3.6621621621621623
280452,3.462962962962963
280866,3.5510204081632653
280868,3.6288546255506606
280890,3.3125
280900,2.857142857142857
280906,2.6549295774647885
280990,3.15
280992,2.6092436974789917
281002,3.1666666666666665
281004,2.802752293577982
281056,3.51
281058,3.3214285714285716
281082,3.3146067415730336
281096,3.9628623188405796
281188,3.8292682926829267
281190,3.391566265060241
281202,3.3676470588235294
281208,3.296943231441048
281556,4.014285714285714
281800,3.0166666666666666
281808,3.207317073170732
281890,3.5789473684210527
281904,3.284375
282041,3.189189189189189
282125,2.8108808290155443
282147,3.274011299435028
282161,3.602409638554217
282401,3.5961538461538463
282561,3.1013986013986012
282649,2.962555066079295
282671,3.3
282753,3.4609375
282835,2.721476510067114
282843,3.581896551724138
282983,2.823529411764706
282999,2.7384615384615385
283133,2.533333333333333
283139,3.461206896551724
283177,2.8661971830985915
283223,2.88855421686747
283577,4.136363636363637
283873,3.7135176651305684
284167,3.201388888888889
284193,3.0681818181818183
284291,3.471875
284293,3.65
284411,3.2205882352941178
284489,3.2753623188405796
284747,3.0930232558139537
284879,3.248502994011976
285109,3.272727272727273
285301,3.6793032786885247
285565,3.1724137931034484
285593,3.802434456928839
285597,3.625
285851,3.5078740157480315
285925,2.9886363636363638
285947,2.9166666666666665
286029,2.5403225806451615
286097,2.857142857142857
286107,3.133720930232558
286131,3.2923497267759565
286355,3.6715328467153285
286357,3.1949685534591197
286569,3.7027027027027026
286761,3.7790697674418605
286777,3.6052631578947367
286897,4.252840909090909
286899,2.7941176470588234
286901,3.0380434782608696
286903,3.486842105263158
286905,3.2761194029850746
286951,2.616279069767442
287213,2.65625
287377,2.8152173913043477
287591,3.193548387096774
287633,3.6206896551724137
287731,3.2083333333333335
288167,3.376190476190476
288265,3.7752808988764044
288269,3.3636363636363638
288311,3.908333333333333
288679,3.1129032258064515
